ID,POST_ID,AUTHOR,ORIGINAL_TEXT,EXTRACTED_MAIN_PART,POST_TS,SUBREDDIT,TS_USED,POST_DATE,WEEK,CLAIM_TYPE,COIN,PROXY,CLAIMED_DIR,CLAIMED_VALUE,ACTUAL_DIR,ACTUAL_VALUE,RETURN_PCT,STATUS,REASON,DASHBOARD_VERDICT,SCORED,MKT_COIN,MKT_DAY_RETURN,MKT_RANGE_PCT,MKT_FWD_7D_RETURN
t1_p1xvth9,t3_1vg2e50,DWHudson1970,BTC is still way down.,Bitcoin is experiencing a significant downtrend as it struggles to maintain positive momentum.,2026-08-05T09:26:11.323Z,cryptocurrency,2026-08-05T09:26:11.323Z,2026-08-05,2026-08-03,TREND,bitcoin,False,DOWN,,UP,0.85,0.85,CONTRADICTED,"Claimed DOWN, market UP +0.85%",INACCURATE,True,bitcoin,0.85,1.76,-0.79
t1_p21nbm7,t3_1vh1i66,RandomPlayerCSGO,"It is used for payments. In El Salvador lighting network is widely used for regular payments since it's accepted as legal currency. In other countries with shitty hyperinflation currencies BTC in lightning network is common too.

Monero is also very used for payments worldwide, not only for drug trade also for escaping countries that don't let you leave with your money and for buying basic goods in places where legal trade of basic goods is monopolized by the state and people need to buy in black market to survive, like in Cuba or Venezuela","Bitcoin is widely used in El Salvador and other countries with hyperinflation currencies for payments, particularly through the lightning network. 
Uptrend: Bitcoin.",2026-08-06T11:25:14.619Z,cryptocurrency,2026-08-06T11:25:14.619Z,2026-08-06,2026-08-03,TREND,bitcoin,False,UP,,DOWN,-0.52,-0.52,CONTRADICTED,"Claimed UP, market DOWN -0.52%",INACCURATE,True,bitcoin,-0.52,1.29,-1.85
t1_p21pkzr,t3_1vh1i66,csfrayer,"El Salvador declassified Bitcoin as a legal tender in 2025.

I do think lighting is the strongest argument against my analysis but I also strongly agree with analysis that lighting is primarily used to rebalance BTC holdings, not in transactions for other crypto or goods and services.

To the extent that evading the law (as a fact not a judgment of the morality) is the use case, laws governing the asset shouldn't have an impact either.","El Salvador'sdecision to declassify Bitcoin as legal tender in 2025 has implications for its use in transactions, highlighting concerns about Bitcoin's compliance with legal tender laws.

Downtrend: Bitcoin.",2026-08-06T11:25:14.619Z,cryptocurrency,2026-08-06T11:25:14.619Z,2026-08-06,2026-08-03,TREND,bitcoin,False,DOWN,,DOWN,-0.52,-0.52,VERIFIED,bitcoin was DOWN -0.52% over 1d,ACCURATE,True,bitcoin,-0.52,1.29,-1.85
t1_p22k5g9,t3_1vh1i66,RandomPlayerCSGO,"I just looked this up since I didn't know that El Salvador declassified it as legal tender and a friend of mine visited earlier this year and told me he paid everything in Bitcoin.

Apparently the legal tender status was revoked as a requirement from the FMI for giving them a loan, since the FMI is a Keynesian institution and is meant to defend government's control over currency they basically would not give them financing unless they removed Bitcoin as legal tender.

But apparently the only thing that has changed is that it is no longer mandatory for businesses to accept BTC, but BTC is still tax exempt and business are still able to legally accept it without any issue, so not much really has change it is mostly a change on paper to make the FMI happy and get their money.

Also for your argument I was not arguing against it just wanted to talk about BTC being used as payment in practice. And you are right that if evading the law is the use case laws should not affect price action, that used to be true for BTC in the old days and it is true now for Monero. Midelistings in Europe and regulation against it have not had a negative price action, in fact price has been growing steadily since then and now growth seems stronger and more organic.

But Bitcoin is no longer like this because even if the fundamentals are meant to be anti system Bitcoin is now used as investment asset by many legal institutions, and demand for it as a legal means of investment is the biggest demand for it right now, so regulation affects because of it, if it was banned for example blackrock, MicroStrategy and all companies would be forced to sell or go to jail. While if Monero was banned no one would care cause all holders know being an anti system asset is the whole point.","Bitcoin is still used as legal tender by legal institutions and has not been affected by regulation, unlike Monero, which is seen as an anti-system asset.

Uptrend: Bitcoin.",2026-08-06T11:25:14.619Z,cryptocurrency,2026-08-06T11:25:14.619Z,2026-08-06,2026-08-03,TREND,bitcoin,False,UP,,DOWN,-0.52,-0.52,CONTRADICTED,"Claimed UP, market DOWN -0.52%",INACCURATE,True,bitcoin,-0.52,1.29,-1.85
t1_p21nfk3,t3_1vh1i66,Patient_Craft2195,"you're right it doesn't reclassify btc - but ""no price effect"" underrates the inflow angle: a clear market-structure law derisks the sector for pensions/banks, and that big money usually hits btc first as the reserve asset, even if it's segregated from the alts.","Bitcoin is currently classified as a reserve asset, with no price effect, as market-structure law derisks the sector for pensions and banks.you're right it doesn't reclassify btc as a commodity.",2026-08-06T11:25:14.619Z,cryptocurrency,2026-08-06T11:25:14.619Z,2026-08-06,2026-08-03,OPINION_OTHER,bitcoin,False,,,,,,NOT_CHECKABLE,bitcoin mentioned but no price direction or number,NOT_SCORED,False,bitcoin,-0.52,1.29,-1.85
t1_p21oru7,t3_1vh1i66,csfrayer,"Pensions already have access to BTC ETFs and to the extent a fiduciary is going to offer BTC exposure, the lowest risk option will remain ETFs.

Can you say more about the banks half of that thought?","Pensions already have access to Bitcoin ETFs, and for most firms, the lowest risk option is likely to be Bitcoin.",2026-08-06T11:25:14.619Z,cryptocurrency,2026-08-06T11:25:14.619Z,2026-08-06,2026-08-03,OPINION_OTHER,bitcoin,False,,,,,,NOT_CHECKABLE,bitcoin mentioned but no price direction or number,NOT_SCORED,False,bitcoin,-0.52,1.29,-1.85
t1_p21u0wf,t3_1vh1i66,csfrayer,Hahah - fair point but if it *doesn't* pass I'm saying BTC shouldn't logically drop in price either.,"Hahah - fair point but if it *doesn't* pass, then Bitcoin shouldn't logically drop in price either.",2026-08-06T11:25:14.619Z,cryptocurrency,2026-08-06T11:25:14.619Z,2026-08-06,2026-08-03,TREND,bitcoin,False,DOWN,,DOWN,-0.52,-0.52,VERIFIED,bitcoin was DOWN -0.52% over 1d,ACCURATE,True,bitcoin,-0.52,1.29,-1.85
t1_p23t58p,t3_1vh1i66,Ill-Square-1123,"what do you mean? how is this even a question.
Dude get the fuck off twitter LMFAO. clarity act has no impact on bitcoin. All the dumbfucks on twitter who said it would be sold down to 50% of current prices if clarity failed... yet clarity failed and bitcoin (and much of crypto) is up this week.","Bitcoin has shown a positive trend due to the clarity act on Twitter. All the dumbfucks on twitter who said it would be sold down to 50% of current prices if clarity failed, have been proven wrong.Bitcoin is up this week.what do you mean? how is this even a question.",2026-08-06T11:25:14.619Z,cryptocurrency,2026-08-06T11:25:14.619Z,2026-08-06,2026-08-03,OPINION_OTHER,bitcoin,False,,,,,,NOT_CHECKABLE,bitcoin mentioned but no price direction or number,NOT_SCORED,False,bitcoin,-0.52,1.29,-1.85
t1_p223vpq,t3_1vh1i66,ChangeNOW_Community,"Bitcoin has always had the weirdest position: too simple for some, too valuable for others","Bitcoin is currently in a weird position: too simple for some, too valuable for others.",2026-08-06T11:25:14.619Z,cryptocurrency,2026-08-06T11:25:14.619Z,2026-08-06,2026-08-03,OPINION_OTHER,bitcoin,False,,,,,,NOT_CHECKABLE,bitcoin mentioned but no price direction or number,NOT_SCORED,False,bitcoin,-0.52,1.29,-1.85
t1_p22hj6b,t3_1vh1i66,Romanizer,"The ""mass adoption"" by the clarity act wouldn't mean anything for retail trading or spending. These activities do not influence the price of an asset. The buy and hold aspect is hugely fortified by the act as it clarifies the role of Bitcoin (and some others) as commidity, allowing institutions to acquire that waited for that regulatory clarity.","The text clarifies the role of Bitcoin as a commidity, allowing institutions to acquire it.The text does not provide specific trend analysis for Ethereum, Tether, Solana, or Binance Coin.",2026-08-06T11:25:14.619Z,cryptocurrency,2026-08-06T11:25:14.619Z,2026-08-06,2026-08-03,OPINION_OTHER,bitcoin,False,,,,,,NOT_CHECKABLE,bitcoin mentioned but no price direction or number,NOT_SCORED,False,bitcoin,-0.52,1.29,-1.85
t1_p25ld83,t3_1vh1i66,Ok-While-1160,"Passing clarity allows massive amounts of institutional inflow into crypto, aside from ETP and pension flows. The analysis below doesn’t even account for the potential that tokenization will bring for real world asset and securities markets generally.

For starters, putting asset custody, segregation, risk metrics, capital requirements, etc on exchange platforms eliminates a large percentage of the perceived risk around the industry which was garnered from the FTX/Celsius gambit years ago.

Moreover, most banks currently will not use digital assets for defined banking activities in part because the law is ambiguous or doesn’t allow it, and capital metrics and accounting make doing so more or less impossible.

Additionally large market makers, brokers, dealers, etc. will start to process trading in crypto assets in a similar way that they do now for other assets. This will rely in part on value generation from real world use. But we’re already seeing stablecoins, BTC and ETH be used for collateral and margining positions by CFTC regulated intermediaries. Remember crypto is 24/7 unlike tradfi. If traditional whales can make money between 5pm-9am using crypto, you bet they’ll play around.

Lastly, Bitcoin has historically served as the primary gateway and liquidity anchor for the crypto market. Expanding legitimate use cases and institutional participation across the ecosystem could create additional demand across digital assets generally. A rising tide does not lift every boat equally, but greater adoption of the asset class as a whole is likely positive for the strongest networks.

If regulatory clarity increases demand from institutions while available liquid supply remains relatively constrained, even incremental institutional allocation can have an outsized impact on price. This is the same basic dynamic that contributed to strong market reactions around the approval of spot Bitcoin ETPs: a new pool of demand entered a market with limited readily available supply.

Obviously the caveat is that regulation alone does not guarantee price appreciation. It creates the conditions for broader participation; actual price impact depends on whether institutions allocate capital, how much they allocate, and broader macro conditions. But Clarity at least creates the market environment to drive allocation.","The text discusses the potential positive impact of regulatory clarity on the cryptocurrency market, particularly noting Bitcoin and Ethereum's role as primary gateway and liquidity anchor for institutional demand.

Uptrend: Bitcoin, Ethereum.",2026-08-06T11:25:14.619Z,cryptocurrency,2026-08-06T11:25:14.619Z,2026-08-06,2026-08-03,TREND,bitcoin,False,UP,,DOWN,-0.52,-0.52,CONTRADICTED,"Claimed UP, market DOWN -0.52%",INACCURATE,True,bitcoin,-0.52,1.29,-1.85
t1_p1wqr4q,t3_1vgddjn,El_Suprrremo,Crypto price action doesn't seem to mind.,Crypto price action doesn't seem to mind.,2026-08-05T17:07:55.352Z,cryptocurrency,2026-08-05T17:07:55.352Z,2026-08-05,2026-08-03,OPINION_OTHER,bitcoin,True,,,,,,NOT_CHECKABLE,bitcoin mentioned but no price direction or number,NOT_SCORED,False,bitcoin,0.85,1.76,-0.79
t1_p1pfs90,t3_1vfgzo7,Garrett_CPAatCOS,"Very fair. If I were a Coldcard user, I'd be looking elsewhere as well.","Very fair. If I were a Coldcard user, I'd be looking elsewhere as well.",2026-08-04T17:28:31.063Z,cryptocurrency,2026-08-04T17:28:31.063Z,2026-08-04,2026-08-03,OPINION_OTHER,,False,,,,,,NOT_CHECKABLE,No crypto asset mentioned,NOT_SCORED,False,bitcoin,0.94,1.87,0.71
t1_p1u0sq7,t3_1vfgzo7,fc_daddddy,"if your coldcard was involved, i’d treat the seed as burned and move any remaining funds to a fresh setup, because “self-custody” only matters if the device and supply chain stay clean.","if your coldcard is involved, i’d treat the seed as burned and move any remaining funds to a fresh setup, because ""self-custody"" only matters if the device and supply chain stay clean.",2026-08-04T17:28:31.063Z,cryptocurrency,2026-08-04T17:28:31.063Z,2026-08-04,2026-08-03,OPINION_OTHER,,False,,,,,,NOT_CHECKABLE,No crypto asset mentioned,NOT_SCORED,False,bitcoin,0.94,1.87,0.71
t1_p1qlavn,t3_1vfgzo7,Vagelen_Von,"The first moment I heard about the hacking I thought that price of BTC will drop to 5000$.

So just a theory for experts to examine:

Big banks and conglomerates fund secretly a tech company to develop a faulty hardware wallet. Then steal Bitcoin from users and have many successes at once:

defame all the self custody idea.

make users paranoid for cold wallets.

earn a lot Bitcoin with a few millions of investment.

panicked users run to buy ETFs and other hybrid products with fiat money.

having a good big supply of BTC in case make something like gold standard with BTC in the future.

promote the idea of semi-custody. Half private key for the user and half for the bank.

obtain knowledge to break other companies' cold wallets not only tech knowledge but also operational knowledge to infiltrate in tech companies and do damage.

So people who affected and all the crypto world should carefully examine:

How exactly company funded?

Relationships of everyone with big banks, former employments? even family relations.

How law enforcement handles the situation? Who goes to prison.

Future careers and wealth of everyone implicated and their families.

Etc etc","The news article discusses the hacking of Bitcoin by a tech company using faulty hardware wallets to steal Bitcoin from users, causing panic and fear among users and potentially impacting the future growth of Bitcoin.

Downtrend: Bitcoin.",2026-08-04T17:28:31.063Z,cryptocurrency,2026-08-04T17:28:31.063Z,2026-08-04,2026-08-03,TREND,bitcoin,False,DOWN,,UP,0.94,0.94,CONTRADICTED,"Claimed DOWN, market UP +0.94%",INACCURATE,True,bitcoin,0.94,1.87,0.71
t1_p1u30rd,t3_1vfgzo7,hiimtashy,Bitcoin is about trust. Coinkite has lost that trust. It's over.,Bitcoin is about trust. Coinkite has lost that trust. It's over.,2026-08-04T17:28:31.063Z,cryptocurrency,2026-08-04T17:28:31.063Z,2026-08-04,2026-08-03,OPINION_OTHER,bitcoin,False,,,,,,NOT_CHECKABLE,bitcoin mentioned but no price direction or number,NOT_SCORED,False,bitcoin,0.94,1.87,0.71
t1_p1r8fsz,t3_1vfqy6u,Fluid_Ad8452,"Use bisq to buy btc, then transfer it to them normally. It’s like 1.3% tradefee + tx fee when sending it (0.4 usd today). Use tor if you want to increase privacy, and a local btc node if you don’t want to connect to any remote endpoints that could log your tx. It’s not infallible, but it’s not that hard either. You can always go deeper but that depends on your risk tolerance and tech expertise.","Use bisq to buy btc, then transfer it to them normally. It's like 1.3% tradefee + tx fee when sending it (0.4 usd today). Use tor if you want to increase privacy, and a local btc node if you don’t want to",2026-08-04T23:45:18.868Z,cryptocurrency,2026-08-04T23:45:18.868Z,2026-08-04,2026-08-03,NUMERIC_PERCENT,bitcoin,False,UP,1.3,UP,0.94,0.94,ACCURATE,"Claimed +1.3%, bitcoin moved +0.94% (off by 0.4 points)",ACCURATE,True,bitcoin,0.94,1.87,0.71
t1_p1se8bq,t3_1vfqy6u,Present_Let2487,"If privacy is your priority, BTC probably isn't the best choice. I'd go with TRX from the options listed, low fees and no need to deal with stablecoin networks.","If privacy is your priority, BTC probably isn't the best choice. I'd go with TRX due to its low fees and no need to deal with stablecoin networks.",2026-08-04T23:45:18.868Z,cryptocurrency,2026-08-04T23:45:18.868Z,2026-08-04,2026-08-03,OPINION_OTHER,bitcoin,False,,,,,,NOT_CHECKABLE,bitcoin mentioned but no price direction or number,NOT_SCORED,False,bitcoin,0.94,1.87,0.71
t1_p1t1z3f,t3_1vfqy6u,zmooner,"it's a shitty crypto. Use trocador.app with a Pay swap and send Monero, your dev will receive whatever you chose",it's a shitty crypto. Use trocador.app with a Pay swap to send Monero to your dev.,2026-08-04T23:45:18.868Z,cryptocurrency,2026-08-04T23:45:18.868Z,2026-08-04,2026-08-03,OPINION_OTHER,bitcoin,True,,,,,,NOT_CHECKABLE,bitcoin mentioned but no price direction or number,NOT_SCORED,False,bitcoin,0.94,1.87,0.71
t1_p1yhr8p,t3_1vggey8,Coeruleus_,you shouldn’t touch anything other than bitcoin for the rest of your days i don’t know how much more of a lesson you need,"you shouldn’t touch anything other than bitcoin for the rest of your days, it’s a lesson you need to learn.",2026-08-05T18:55:34.109Z,cryptocurrency,2026-08-05T18:55:34.109Z,2026-08-05,2026-08-03,OPINION_OTHER,bitcoin,False,,,,,,NOT_CHECKABLE,bitcoin mentioned but no price direction or number,NOT_SCORED,False,bitcoin,0.85,1.76,-0.79
t1_p1yi3tm,t3_1vggey8,try2C,Just gotta pick the right one. I made some money on cashcat the other day,Just gotta pick the right one. I made some money on cashcat the other day,2026-08-05T18:55:34.109Z,cryptocurrency,2026-08-05T18:55:34.109Z,2026-08-05,2026-08-03,OPINION_OTHER,,False,,,,,,NOT_CHECKABLE,No crypto asset mentioned,NOT_SCORED,False,bitcoin,0.85,1.76,-0.79
t1_p286cgm,t3_1vggey8,Confident_Egg6439,"I got 2 dollars every 5 minutes betting on crypto charts, that’s $24 an hour atleast.","I got 2 dollars every 5 minutes betting on crypto charts, that's $24 an hour atleast.",2026-08-05T18:55:34.109Z,cryptocurrency,2026-08-05T18:55:34.109Z,2026-08-05,2026-08-03,OPINION_OTHER,bitcoin,True,,,,,,NOT_CHECKABLE,bitcoin mentioned but no price direction or number,NOT_SCORED,False,bitcoin,0.85,1.76,-0.79
t1_p22scsa,t3_1vh1tvj,daninet,"Same for me with btc, i have mined it on my Dad's powerful PC he used for work and after a few days it was like 0.3 btc so i deleted all with the wallet it was practically worthless. This is what time machines are for I guess 🥲","Same for me with btc, i have mined it on my Dad's powerful PC but it was practically worthless after a few days. This is what time machines are for I guess 🥲",2026-08-06T11:41:22.973Z,cryptocurrency,2026-08-06T11:41:22.973Z,2026-08-06,2026-08-03,OPINION_OTHER,bitcoin,False,,,,,,NOT_CHECKABLE,bitcoin mentioned but no price direction or number,NOT_SCORED,False,bitcoin,-0.52,1.29,-1.85
t1_p21mthm,t3_1vh1tvj,FoundationNeat3003,Maybe we could install the application and then run minerd and see how it goes?,Maybe we could install the application and then run minerd to see if it works?,2026-08-06T11:41:22.973Z,cryptocurrency,2026-08-06T11:41:22.973Z,2026-08-06,2026-08-03,OPINION_OTHER,,False,,,,,,NOT_CHECKABLE,No crypto asset mentioned,NOT_SCORED,False,bitcoin,-0.52,1.29,-1.85
t1_p1rj4x4,t3_1vfqnta,Zbits33,That’s not a good attitude ser. There’s a will there’s a way.,That’s not a good attitude. There's a will there's a way.,2026-08-04T23:32:41.759Z,cryptocurrency,2026-08-04T23:32:41.759Z,2026-08-04,2026-08-03,OPINION_OTHER,,False,,,,,,NOT_CHECKABLE,No crypto asset mentioned,NOT_SCORED,False,bitcoin,0.94,1.87,0.71
t1_p28h0cw,t3_1vg1b14,The_Bitcoin_Act,"For founders, I'd imagine r/CryptoCurrency and r/Bitcoin are solid places to be.","For founders, I'd imagine r/CryptoCurrency and r/Bitcoin are solid places to be.",2026-08-05T08:21:56.815Z,cryptocurrency,2026-08-05T08:21:56.815Z,2026-08-05,2026-08-03,OPINION_OTHER,bitcoin,False,,,,,,NOT_CHECKABLE,bitcoin mentioned but no price direction or number,NOT_SCORED,False,bitcoin,0.85,1.76,-0.79
t1_p1vliii,t3_1vg9tsv,Garrett_CPAatCOS,My expectation is that this mistake will be the end of Coldcard in the long run,My expectation is that this mistake will be the end of Coldcard in the long run,2026-08-05T15:01:43.281Z,cryptocurrency,2026-08-05T15:01:43.281Z,2026-08-05,2026-08-03,OPINION_OTHER,,False,,,,,,NOT_CHECKABLE,No crypto asset mentioned,NOT_SCORED,False,bitcoin,0.85,1.76,-0.79
t1_p1vv3di,t3_1vfpwqu,HoldCtrlW,0% chance we go higher on ETH. $1900 is hard rejection,There is a 0.0% chance we go higher on ETH. $1900 is hard to reject.,2026-08-04T23:00:45.199Z,cryptocurrency,2026-08-04T23:00:45.199Z,2026-08-04,2026-08-03,NUMERIC_PERCENT,ethereum,False,UP,0.0,UP,0.55,0.55,ACCURATE,"Claimed +0.0%, ethereum moved +0.55% (off by 0.5 points)",ACCURATE,True,ethereum,0.55,1.74,0.7
t1_p1vzan2,t3_1vfpwqu,devCheckingIn,Honestly I don't doubt it at this point.,Honestly I don't doubt it at this point.,2026-08-04T23:00:45.199Z,cryptocurrency,2026-08-04T23:00:45.199Z,2026-08-04,2026-08-03,OPINION_OTHER,,False,,,,,,NOT_CHECKABLE,No crypto asset mentioned,NOT_SCORED,False,bitcoin,0.94,1.87,0.71
t1_p1v9grz,t3_1vfpwqu,ozera202,Every Markets Roar …. Btc / crypto dumps . Such a shit asset class,Every Markets Roar …. Binance Coin is a shit asset class.,2026-08-04T23:00:45.199Z,cryptocurrency,2026-08-04T23:00:45.199Z,2026-08-04,2026-08-03,OPINION_OTHER,bnb,False,,,,,,NOT_CHECKABLE,bnb mentioned but no price direction or number,NOT_SCORED,False,bnb,0.68,1.17,1.68
t1_p1v4fum,t3_1vfpwqu,Hitachi22,"QQQ up 20% YTD, BTC down 25%. Risk/reward is not worth it anymore","Bitcoin has experienced a significant decline of 25%, indicating a downtrend for the cryptocurrency. 
Downtrend: Bitcoin.",2026-08-04T23:00:45.199Z,cryptocurrency,2026-08-04T23:00:45.199Z,2026-08-04,2026-08-03,NUMERIC_PERCENT,bitcoin,False,DOWN,-25.0,UP,0.94,0.94,INACCURATE,"Claimed -25.0%, bitcoin moved +0.94% (off by 25.9 points)",INACCURATE,True,bitcoin,0.94,1.87,0.71
t1_p1u0d7n,t3_1vfpwqu,bimbobandit2016,"We've already hit single digits on the Fear index, war has broken out, inflation rose, Saylor and other DATs have sold a bunch, exchanges have blown up and multiple historic leverage liquidations have happened. Wanting a double digit drop at this point is a tad greedy","We've already hit single digits on the Fear index, amid a backdrop of war, inflation, and significant market volatility. Wanting a double digit drop at this point is a tad greedy",2026-08-04T23:00:45.199Z,cryptocurrency,2026-08-04T23:00:45.199Z,2026-08-04,2026-08-03,OPINION_OTHER,,False,,,,,,NOT_CHECKABLE,No crypto asset mentioned,NOT_SCORED,False,bitcoin,0.94,1.87,0.71
t1_p1sywjb,t3_1vfpwqu,NoPickle6821,I sold all my crypto around 120k and put it in the stock market. Ill probably buy back into bitcoin around September and October. No alts or any other bs. If btc hits 50k sooner ill buy then,"I sold all my crypto around 120k and put it in the stock market, expecting to buy back into Bitcoin around September and October if it reaches a certain price level. No alts or any other bs.",2026-08-04T23:00:45.199Z,cryptocurrency,2026-08-04T23:00:45.199Z,2026-08-04,2026-08-03,PREDICTION,bitcoin,False,,,,,,NOT_CHECKABLE,Price prediction (future-tense) - can't be scored at posting time,NOT_SCORED,False,bitcoin,0.94,1.87,0.71
t1_p1rpa6g,t3_1vfpwqu,devCheckingIn,Jim Cramer selling all of his BTC. Good or bad?,Jim Cramer's announcement of selling all of his Bitcoin highlights a potential downtrend for the cryptocurrency. Good or bad?,2026-08-04T23:00:45.199Z,cryptocurrency,2026-08-04T23:00:45.199Z,2026-08-04,2026-08-03,TREND,bitcoin,False,DOWN,,UP,0.94,0.94,CONTRADICTED,"Claimed DOWN, market UP +0.94%",INACCURATE,True,bitcoin,0.94,1.87,0.71
t1_p1sg2qu,t3_1vfpwqu,paulymat,Nothing by the looks of things.,Nothing by the looks of things.,2026-08-04T23:00:45.199Z,cryptocurrency,2026-08-04T23:00:45.199Z,2026-08-04,2026-08-03,OPINION_OTHER,,False,,,,,,NOT_CHECKABLE,No crypto asset mentioned,NOT_SCORED,False,bitcoin,0.94,1.87,0.71
t1_p1z5j6o,t3_1vgoyx6,Hitachi22,"Litecoin's utility is mostly fake. Go any Litecoin explorer and look through the transactions, you'll quickly see hundreds if not thousands of transactions that go from address to address within minutes.

Price action doesn't lie. If there was really demand price would reflect that. The biggest proof of no demand is how poor the spot ETF has performed. It's been out for 10 months and barely has $5 million in inflows. Easily the worst crypto ETF by a landslide. Even HBAR ETF, launched at same time, has $50 million inflows. Those are real facts and proven assets.","Litecoin's utility is mostly fake. Go any Litecoin explorer and look through the transactions, you'll quickly see hundreds if not thousands of transactions that go from address to address within minutes. If there was really demand for Litecoin, the spot ETF has shown dismal performance, with barely any inflows",2026-08-06T00:28:20.869Z,cryptocurrency,2026-08-06T00:28:20.869Z,2026-08-06,2026-08-03,TREND,bitcoin,True,UP,,DOWN,-0.52,-0.52,CONTRADICTED,"Claimed UP, market DOWN -0.52% (generic 'crypto' claim checked against BTC)",INACCURATE,True,bitcoin,-0.52,1.29,-1.85
t1_p211480,t3_1vgoyx6,No1worldchamp,"Litecoin 2027, stacking and waiting.","Litecoin 2027, stacking and waiting.",2026-08-06T00:28:20.869Z,cryptocurrency,2026-08-06T00:28:20.869Z,2026-08-06,2026-08-03,OPINION_OTHER,,False,,,,,,NOT_CHECKABLE,No crypto asset mentioned,NOT_SCORED,False,bitcoin,-0.52,1.29,-1.85
t1_p21d4m7,t3_1vgoyx6,Latter_Present1900,I use Litecoin all the time but I wouldn't stack it. If I've got too much I convert to BTC or the gold-backed PAXG.,I use Litecoin all the time but I wouldn't stack it. If I've got too much I convert to Bitcoin or the gold-backed PAXG.,2026-08-06T00:28:20.869Z,cryptocurrency,2026-08-06T00:28:20.869Z,2026-08-06,2026-08-03,OPINION_OTHER,bitcoin,False,,,,,,NOT_CHECKABLE,bitcoin mentioned but no price direction or number,NOT_SCORED,False,bitcoin,-0.52,1.29,-1.85
t1_p209d8v,t3_1vgoyx6,Klutzy_Audience_8194,"Sadly at this point, every alt coin is useless, basically crypto was killed by regulations and speculation. Even bitcoin is almost useless and people buy it only because they plan to sell it later at a high price.

I hope in future crypto will become widespread, this generation wasn’t ready for it","Sadly at this point, every alt coin is useless, basically crypto was killed by regulations and speculation. Even bitcoin is almost useless and people buy it only because they plan to sell it later at a high price. 
Downtrend: Bitcoin.",2026-08-06T00:28:20.869Z,cryptocurrency,2026-08-06T00:28:20.869Z,2026-08-06,2026-08-03,TREND,bitcoin,False,DOWN,,DOWN,-0.52,-0.52,VERIFIED,bitcoin was DOWN -0.52% over 1d,ACCURATE,True,bitcoin,-0.52,1.29,-1.85
t1_p245csr,t3_1vgoyx6,No1worldchamp,"Litecoin started in 2011 and monero started in 2014, purpose built for this not likely but just a very good useful crypto. Real world usage.","Litecoin started in 2011 and monero started in 2014, purpose built for this not likely but just a very good useful crypto. Real world usage.",2026-08-06T00:28:20.869Z,cryptocurrency,2026-08-06T00:28:20.869Z,2026-08-06,2026-08-03,OPINION_OTHER,bitcoin,True,,,,,,NOT_CHECKABLE,bitcoin mentioned but no price direction or number,NOT_SCORED,False,bitcoin,-0.52,1.29,-1.85
t1_p1w2po2,t3_1vgd31q,shrimpcest,99% of the crypto community shouldn't be using crypto.,99% of the crypto community shouldn't be using crypto.,2026-08-05T16:57:38.461Z,cryptocurrency,2026-08-05T16:57:38.461Z,2026-08-05,2026-08-03,OPINION_OTHER,bitcoin,True,,,,,,NOT_CHECKABLE,bitcoin mentioned but no price direction or number,NOT_SCORED,False,bitcoin,0.85,1.76,-0.79
t1_p1wc81n,t3_1vgd31q,didnt_hodl,"there are also countries which are either at war with US or under US sanctions or both. so it is not always their own government, which might be not only evil, but also simply absent in some cases. add to that runaway inflation in local currency, war, etc

however: experience shows that folks in those countries rarely use bitcoin. it is considered expensive, slow and unstable. typically they use USDT on Tron, it is perceived to be less controllable by US. unlike USDC on Ethernet for example. of course, US has full control of USDT coins and has successfully frozen them in the past. still, folks use that and not bitcoin. that's just the reality","The text discusses the use of Bitcoin by people in countries under US sanctions and in conflict with US, highlighting its limited use and perceived instability.there are also countries using USDT as a payment method despite its cost and instability. of course, US has full control of USDT coins and has successfully frozen",2026-08-05T16:57:38.461Z,cryptocurrency,2026-08-05T16:57:38.461Z,2026-08-05,2026-08-03,OPINION_OTHER,bitcoin,False,,,,,,NOT_CHECKABLE,bitcoin mentioned but no price direction or number,NOT_SCORED,False,bitcoin,0.85,1.76,-0.79
t1_p1y16wx,t3_1vgd31q,Stock-Standard-2513,"The top ten crypto projects,excluding stable coins, are held within ETFs now. If you include treasury companies, then it’s even more.","The top ten crypto projects,excluding stable coins, are held within ETFs, indicating significant institutional interest and significant market dynamics. If you include treasury companies, then it’s even more.",2026-08-05T16:57:38.461Z,cryptocurrency,2026-08-05T16:57:38.461Z,2026-08-05,2026-08-03,OPINION_OTHER,bitcoin,True,,,,,,NOT_CHECKABLE,bitcoin mentioned but no price direction or number,NOT_SCORED,False,bitcoin,0.85,1.76,-0.79
t1_p1w6xfj,t3_1vgd31q,tenor_tymir,"Unfortunately the crypto space has been overflowing with tourists for a while. That’s what you get when you’re asking for more and more global adoption. You get regular, ill-informed people who don’t give a rats ass about anything at all as long as number go up! 🥴","Unfortunately the crypto space has been overflowing with tourists for a while. That's what you get when you ask for more and more global adoption. You get regular, ill-informed people who don’t give a rats ass about anything at all as long as number go up.",2026-08-05T16:57:38.461Z,cryptocurrency,2026-08-05T16:57:38.461Z,2026-08-05,2026-08-03,TREND,bitcoin,True,UP,,UP,0.85,0.85,VERIFIED,bitcoin was UP +0.85% over 1d (generic 'crypto' claim checked against BTC),ACCURATE,True,bitcoin,0.85,1.76,-0.79
t1_p1w7dtq,t3_1vgd31q,cowboy_shaman,"While I don’t disagree, ETFs are not great for Bitcoin. The miners no longer are rewarded for these transactions. Yet the broker takes a cut on each trade","While I don’t disagree, ETFs are not great for Bitcoin due to their negative impact on miner profitability. The miners no longer are rewarded for these transactions. Yet the broker takes a cut on each trade",2026-08-05T16:57:38.461Z,cryptocurrency,2026-08-05T16:57:38.461Z,2026-08-05,2026-08-03,OPINION_OTHER,bitcoin,False,,,,,,NOT_CHECKABLE,bitcoin mentioned but no price direction or number,NOT_SCORED,False,bitcoin,0.85,1.76,-0.79
t1_p1wgasm,t3_1vgd31q,Spoofik,"Is it possible to buy ETFs with no kyc through DEXes ? and not end up with them being frozen later, with no chance of selling.","Is it possible to buy ETFs with no kyc through DEXes ? and not end up with them being frozen later, with no chance of selling?",2026-08-05T16:57:38.461Z,cryptocurrency,2026-08-05T16:57:38.461Z,2026-08-05,2026-08-03,OPINION_OTHER,,False,,,,,,NOT_CHECKABLE,No crypto asset mentioned,NOT_SCORED,False,bitcoin,0.85,1.76,-0.79
t1_p1wgdej,t3_1vgd31q,Spoofik,"Is it possible to buy ETFs with no kyc through DEXes ? and not end up with them being frozen later, with no chance of selling.","Is it possible to buy ETFs with no kyc through DEXes ? and not end up with them being frozen later, with no chance of selling?",2026-08-05T16:57:38.461Z,cryptocurrency,2026-08-05T16:57:38.461Z,2026-08-05,2026-08-03,OPINION_OTHER,,False,,,,,,NOT_CHECKABLE,No crypto asset mentioned,NOT_SCORED,False,bitcoin,0.85,1.76,-0.79
t1_p1wkcdn,t3_1vgd31q,daysonjupiter,"Bitcoin etf support = paper Bitcoin = suppressing the real price action

I don’t want to support that.","Bitcoin etf support is seen as suppressing real price action, and I don’t want to support that.",2026-08-05T16:57:38.461Z,cryptocurrency,2026-08-05T16:57:38.461Z,2026-08-05,2026-08-03,EVENT_NEWS,bitcoin,False,,,,,,NOT_CHECKABLE,bitcoin news/event - not checkable with price data,NOT_SCORED,False,bitcoin,0.85,1.76,-0.79
t1_p20vvnk,t3_1vgd31q,Fox-SAF,"I wouldn't say 99%, but I believe 80% shouldn't go further than stablecoin yields on CEXs or just DCA.","I wouldn't say 99%, but I believe 80% shouldn't go further than stablecoin yields on CEXs.",2026-08-05T16:57:38.461Z,cryptocurrency,2026-08-05T16:57:38.461Z,2026-08-05,2026-08-03,OPINION_OTHER,,False,,,,,,NOT_CHECKABLE,No crypto asset mentioned,NOT_SCORED,False,bitcoin,0.85,1.76,-0.79
t1_p1w6ty1,t3_1vgd31q,ice-ink,"Even in the absolute best case scenario of just 1% of people using crypto being extremely stupid, there’s going to be more than enough news of them doing stupid things and losing their life savings.","Even in the absolute best case scenario of just 1% of people using crypto being extremely stupid, there's going to be more than enough news of them doing stupid things and losing their lives.",2026-08-05T16:57:38.461Z,cryptocurrency,2026-08-05T16:57:38.461Z,2026-08-05,2026-08-03,OPINION_OTHER,bitcoin,True,,,,,,NOT_CHECKABLE,bitcoin mentioned but no price direction or number,NOT_SCORED,False,bitcoin,0.85,1.76,-0.79
t1_p20e5xf,t3_1vgvjaq,ubermensch1001,"Honestly, man, there are a ton of trolls on this particular crypto related sub forum, I don't notice it anywhere near as much on the Bitcoin sub reddit.","Honestly, man, there are a ton of trolls on this particular crypto related sub forum, but they aren't nearly as prevalent as on the Bitcoin subreddit.",2026-08-06T05:46:22.785Z,cryptocurrency,2026-08-06T05:46:22.785Z,2026-08-06,2026-08-03,OPINION_OTHER,bitcoin,False,,,,,,NOT_CHECKABLE,bitcoin mentioned but no price direction or number,NOT_SCORED,False,bitcoin,-0.52,1.29,-1.85
t1_p20v77c,t3_1vgvjaq,ubermensch1001,That's not the only crypto company that has had this happen.,That's not the only crypto company that has had this happen.,2026-08-06T05:46:22.785Z,cryptocurrency,2026-08-06T05:46:22.785Z,2026-08-06,2026-08-03,OPINION_OTHER,bitcoin,True,,,,,,NOT_CHECKABLE,bitcoin mentioned but no price direction or number,NOT_SCORED,False,bitcoin,-0.52,1.29,-1.85
t1_p20t2e0,t3_1vgvjaq,ubermensch1001,"There were some serious losses with Cold Card, someone a few days ago had a link showing the drains and I remember seeing a wallet with over 20 Bitcoin just gone, absolutely wild.","There were some serious losses with Cold Card, someone a few days ago had a link showing a wallet with over 20 Bitcoin missing.",2026-08-06T05:46:22.785Z,cryptocurrency,2026-08-06T05:46:22.785Z,2026-08-06,2026-08-03,OPINION_OTHER,bitcoin,False,,,,,,NOT_CHECKABLE,bitcoin mentioned but no price direction or number,NOT_SCORED,False,bitcoin,-0.52,1.29,-1.85
t1_p216ve3,t3_1vgvjaq,NotFallacyBuffet,Same. Never heard of ColdCard until the steal started.,Same. Never heard of ColdCard until the steal started.,2026-08-06T05:46:22.785Z,cryptocurrency,2026-08-06T05:46:22.785Z,2026-08-06,2026-08-03,OPINION_OTHER,,False,,,,,,NOT_CHECKABLE,No crypto asset mentioned,NOT_SCORED,False,bitcoin,-0.52,1.29,-1.85
t1_p20jlj9,t3_1vgvjaq,ubermensch1001,I'm just hoping that is the case for them.,I'm just hoping that is the case for them.,2026-08-06T05:46:22.785Z,cryptocurrency,2026-08-06T05:46:22.785Z,2026-08-06,2026-08-03,OPINION_OTHER,,False,,,,,,NOT_CHECKABLE,No crypto asset mentioned,NOT_SCORED,False,bitcoin,-0.52,1.29,-1.85
t1_p21m4bu,t3_1vgvjaq,alterise,"The wallet wasn’t technically exploited. The random seed generator that came with it was. If you had generated your own seed and used the wallet with that, you’d be fine.","The wallet wasn’t technically exploited. The random seed generator that came with it was. If you had generated your own seed and used the wallet with that, you’d be fine.",2026-08-06T05:46:22.785Z,cryptocurrency,2026-08-06T05:46:22.785Z,2026-08-06,2026-08-03,OPINION_OTHER,,False,,,,,,NOT_CHECKABLE,No crypto asset mentioned,NOT_SCORED,False,bitcoin,-0.52,1.29,-1.85
t1_p252aek,t3_1vgvjaq,anymonero,"Nobody in DeFi talked about it because it was BTC-only. That's also the reason all those retarded maxi podcasters shilled it. Their argument always was ""It doesn't support shitcoins so it means it's more secure"". If there's one good thing from this hack, it's that I won't have to hear this dumb argument anymore.","Nobody in DeFi talked about it because it was Bitcoin-only. That's also the reason all those retarded maxi podcasters shilled it. Their argument always was ""It doesn't support shitcoins so it means it's more secure"". If there's one good thing from this hack, it's",2026-08-06T05:46:22.785Z,cryptocurrency,2026-08-06T05:46:22.785Z,2026-08-06,2026-08-03,EVENT_NEWS,bitcoin,False,,,,,,NOT_CHECKABLE,bitcoin news/event - not checkable with price data,NOT_SCORED,False,bitcoin,-0.52,1.29,-1.85
t1_p21pgc7,t3_1vgvjaq,pulsarstarter,"A little, yes.","A little, yes.",2026-08-06T05:46:22.785Z,cryptocurrency,2026-08-06T05:46:22.785Z,2026-08-06,2026-08-03,OPINION_OTHER,,False,,,,,,NOT_CHECKABLE,No crypto asset mentioned,NOT_SCORED,False,bitcoin,-0.52,1.29,-1.85
t1_p24kbmo,t3_1vgvjaq,ubermensch1001,"Trolls, that's who.","Trolls, that's who.",2026-08-06T05:46:22.785Z,cryptocurrency,2026-08-06T05:46:22.785Z,2026-08-06,2026-08-03,OPINION_OTHER,,False,,,,,,NOT_CHECKABLE,No crypto asset mentioned,NOT_SCORED,False,bitcoin,-0.52,1.29,-1.85
t1_p1sxj5c,t3_1vfyd1c,JunoKat,"Cold wallet + Bitrefill are your friend
Cold wallet to keep and sign transactions
Bitrefill to spend the Bitcoin in Vietnam when you want to spend it. This works by converting btc into vouchers of GrabFood, Viettel, etc so you can pay for food, groceries, telephone, clothes, hotel, flights, etc when you want to.","Cold wallet + Bitrefill are your friend in Vietnam for seamless transactions. 
Uptrend: Bitcoin.",2026-08-05T05:35:53.070Z,cryptocurrency,2026-08-05T05:35:53.070Z,2026-08-05,2026-08-03,TREND,bitcoin,False,UP,,UP,0.85,0.85,VERIFIED,bitcoin was UP +0.85% over 1d,ACCURATE,True,bitcoin,0.85,1.76,-0.79
t1_p21a3rw,t3_1vgtb8x,wo0two0t,"Everyone is starting to realize crypto had 0 value the whole time. I don't think we'll ever see a massive pump again, and ""alt season"" is definitely gone.","Everyone is starting to realize crypto had 0 value the whole time. I don't think we'll ever see a massive pump again, and ""alt season"" is definitely gone.",2026-08-06T03:50:27.420Z,cryptocurrency,2026-08-06T03:50:27.420Z,2026-08-06,2026-08-03,TREND,bitcoin,True,UP,,DOWN,-0.52,-0.52,CONTRADICTED,"Claimed UP, market DOWN -0.52% (generic 'crypto' claim checked against BTC)",INACCURATE,True,bitcoin,-0.52,1.29,-1.85
t1_p203pse,t3_1vgtb8x,shadyx8,"Crypto is good for lots of things, payments is not w strong use case. Nfts are also very usefull, but generated art collections are a very bad usecase.","Crypto is good for lots of things, payments is not a strong use case. Nfts are also very usefull, but generated art collections are a very bad usecase.",2026-08-06T03:50:27.420Z,cryptocurrency,2026-08-06T03:50:27.420Z,2026-08-06,2026-08-03,OPINION_OTHER,bitcoin,True,,,,,,NOT_CHECKABLE,bitcoin mentioned but no price direction or number,NOT_SCORED,False,bitcoin,-0.52,1.29,-1.85
t1_p23t5br,t3_1vgtb8x,bfr_,Settlements take days for fiat. Modern crypto settles in under a second.,Settlements take days for fiat. Modern crypto settles in under a second.,2026-08-06T03:50:27.420Z,cryptocurrency,2026-08-06T03:50:27.420Z,2026-08-06,2026-08-03,OPINION_OTHER,bitcoin,True,,,,,,NOT_CHECKABLE,bitcoin mentioned but no price direction or number,NOT_SCORED,False,bitcoin,-0.52,1.29,-1.85
t1_p21sxx2,t3_1vgtb8x,markphillips401,Get a coinbase card then.,Get a coinbase card then.,2026-08-06T03:50:27.420Z,cryptocurrency,2026-08-06T03:50:27.420Z,2026-08-06,2026-08-03,OPINION_OTHER,,False,,,,,,NOT_CHECKABLE,No crypto asset mentioned,NOT_SCORED,False,bitcoin,-0.52,1.29,-1.85
t1_p2d7rri,t3_1vgtb8x,FunWithSkooma,"Multiple things are a problem. The complexity, the risk of just sending it to thieves, and even the fact that transactions are irreversible. I wouldn't want to send, say, $5 grand to a Chinese seller of some product with crypto

you just described escrow and why it exists on platform that has any crypto as payment to a seller, welcome to pos silkroad I guess?","Multiple things are a problem with cryptocurrency transactions, including the risk of theft, and the irreversible nature of transactions. I wouldn't want to send, say, $5 grand to a Chinese seller of some product with crypto that could be stolen.",2026-08-06T03:50:27.420Z,cryptocurrency,2026-08-06T03:50:27.420Z,2026-08-06,2026-08-03,PREDICTION,bitcoin,True,,,,,,NOT_CHECKABLE,Price prediction (future-tense) - can't be scored at posting time,NOT_SCORED,False,bitcoin,-0.52,1.29,-1.85
t1_p2d79uz,t3_1vgtb8x,FunWithSkooma,"no one should be accepting bitcoin onchain for online payment, but lightning or liquid.","no one should be accepting bitcoin onchain for online payment, but lightning or liquid.",2026-08-06T03:50:27.420Z,cryptocurrency,2026-08-06T03:50:27.420Z,2026-08-06,2026-08-03,OPINION_OTHER,bitcoin,False,,,,,,NOT_CHECKABLE,bitcoin mentioned but no price direction or number,NOT_SCORED,False,bitcoin,-0.52,1.29,-1.85
t1_p23n0al,t3_1vgtb8x,MadSL1m,"the pricing point is fair, everything gets quoted in dollars. but visa and mastercard aren't fiat, they're acceptance networks, and the settlement under them already moved. visa's own december release says us issuers and acquirers can settle with visa in usdc, with cross river and lead bank doing it over solana, and puts stablecoin settlement past $3.5b annualised. the dollar's still the unit. what carries it between banks isn't a wire anymore.","The text discusses the settlement and pricing of visa and mastercard transactions in dollars, highlighting a rise in stablecoin settlement over solana. visa's own december release says us issuers and acquirers can settle with visa in usdc, with cross river and lead bank doing it over Solana.",2026-08-06T03:50:27.420Z,cryptocurrency,2026-08-06T03:50:27.420Z,2026-08-06,2026-08-03,TREND,solana,False,UP,,DOWN,-1.87,-1.87,CONTRADICTED,"Claimed UP, market DOWN -1.87%",INACCURATE,True,solana,-1.87,2.58,2.11
t1_p1t8292,t3_1vfzu08,meltedbuzzbox,I think we won't need to worry about profit on our crypto holdings at the moment...,I think we won't need to worry about profit on our crypto holdings at the moment.,2026-08-05T06:56:54.218Z,cryptocurrency,2026-08-05T06:56:54.218Z,2026-08-05,2026-08-03,OPINION_OTHER,bitcoin,True,,,,,,NOT_CHECKABLE,bitcoin mentioned but no price direction or number,NOT_SCORED,False,bitcoin,0.85,1.76,-0.79
t1_p1t54ac,t3_1vfzu08,Guy_Incognito97,"For most people it will be 18% tax above £3000 profit and fees are negligible. That’s roughly the same as the US where most people will pay 15% on all profit.

For a short time you were allowed to hold BTC via ETF in an ISA and pay no tax but that was removed unfortunately. Hopefully it is reinstated.","For a short time you were allowed to hold Bitcoin via ETF in an ISA and pay no tax, but this has been removed. Hopefully it is reinstated.For most people it will be 18% tax above £3000 profit and fees are negligible. That's roughly the same as the US where most people",2026-08-05T06:56:54.218Z,cryptocurrency,2026-08-05T06:56:54.218Z,2026-08-05,2026-08-03,EVENT_NEWS,bitcoin,False,,,,,,NOT_CHECKABLE,bitcoin news/event - not checkable with price data,NOT_SCORED,False,bitcoin,0.85,1.76,-0.79
t1_p1tds2n,t3_1vfzu08,Nowitcandie,Yes people usually pay capital gains tax. This isn't special for crypto.,Yes people usually pay capital gains tax. This isn't special for crypto.,2026-08-05T06:56:54.218Z,cryptocurrency,2026-08-05T06:56:54.218Z,2026-08-05,2026-08-03,OPINION_OTHER,bitcoin,True,,,,,,NOT_CHECKABLE,bitcoin mentioned but no price direction or number,NOT_SCORED,False,bitcoin,0.85,1.76,-0.79
t1_p1t6n6w,t3_1vfzu08,rgnet1,"First, CGT for crypto is identical to stocks, bonds etc. so you might as well say all investing in UK is bearish.

Second, 10-20% fee is lunacy. Kraken Pro in US is 0.4% maker fee at its lowest tier! Coinbase Adv is similar.

One can hope one day we will be able to spend bitcoin tax free up to an amount per transaction (that’s what Lummis wants in US).","First, CGT for crypto is identical to stocks, bonds etc. so you might as well say all investing in UK is bearish.
Downtrend: Bitcoin.",2026-08-05T06:56:54.218Z,cryptocurrency,2026-08-05T06:56:54.218Z,2026-08-05,2026-08-03,TREND,bitcoin,False,DOWN,,UP,0.85,0.85,CONTRADICTED,"Claimed DOWN, market UP +0.85%",INACCURATE,True,bitcoin,0.85,1.76,-0.79
t1_p1t3icu,t3_1vfzu08,HotelPuzzleheaded654,"Crypto is completely fucked.

Unless you use it for something other than hoping line goes up, you’d be better off sticking your money in an index fund at this point.","Crypto is currently experiencing a negative trend, with prices continually declining and investment opportunities limited.Unless you use it for something other than hoping line goes up, you’d be better off sticking your money in an index fund.",2026-08-05T06:56:54.218Z,cryptocurrency,2026-08-05T06:56:54.218Z,2026-08-05,2026-08-03,OPINION_OTHER,bitcoin,True,,,,,,NOT_CHECKABLE,bitcoin mentioned but no price direction or number,NOT_SCORED,False,bitcoin,0.85,1.76,-0.79
t1_p1zrai3,t3_1vgodia,ubermensch1001,"I'm sure something is going to occur with this case, it's way too early to tell. While the loss of BTC is trivial compared to what we saw with the crypto lending space in 2022, the major implications are that it's making crypto holders seriously question the security of their cold wallets.

Crazy to think that there's a moron who openly admitted to recommending Cold Cards to other posters trolling on this very thread lol.","The news article discusses the potential negative impact of Bitcoin's loss on the crypto lending space, leading to concerns about the security of cold wallets. 
Downtrend: Bitcoin.",2026-08-06T00:02:09.529Z,cryptocurrency,2026-08-06T00:02:09.529Z,2026-08-06,2026-08-03,TREND,bitcoin,False,DOWN,,DOWN,-0.52,-0.52,VERIFIED,bitcoin was DOWN -0.52% over 1d,ACCURATE,True,bitcoin,-0.52,1.29,-1.85
t1_p1z1qg9,t3_1vgodia,Big-Finding2976,"Regardless, they don't have $100m to give to the hacked users and no-one's going to buy a ColdCard now so they'll just shut down.","Regardless, they don't have $100m to give to the hacked users and no-one's going to buy a ColdCard now so they'll just shut down.",2026-08-06T00:02:09.529Z,cryptocurrency,2026-08-06T00:02:09.529Z,2026-08-06,2026-08-03,EVENT_NEWS,,False,,,,,,NOT_CHECKABLE,No crypto asset mentioned,NOT_SCORED,False,bitcoin,-0.52,1.29,-1.85
t1_p1ythk1,t3_1vgodia,ubermensch1001,I'm curious to see if this goes into full blown litigation like Celsius and FTX from 2022.,I'm curious to see if this goes into full blown litigation like Celsius and FTX from 2022.,2026-08-06T00:02:09.529Z,cryptocurrency,2026-08-06T00:02:09.529Z,2026-08-06,2026-08-03,OPINION_OTHER,,False,,,,,,NOT_CHECKABLE,No crypto asset mentioned,NOT_SCORED,False,bitcoin,-0.52,1.29,-1.85
t1_p24yqy1,t3_1vgodia,Vagelen_Von,The fiat industry complex did a nice black operation behind crypto lines.,The fiat industry complex did a nice black operation behind crypto lines.,2026-08-06T00:02:09.529Z,cryptocurrency,2026-08-06T00:02:09.529Z,2026-08-06,2026-08-03,OPINION_OTHER,bitcoin,True,,,,,,NOT_CHECKABLE,bitcoin mentioned but no price direction or number,NOT_SCORED,False,bitcoin,-0.52,1.29,-1.85
t1_p205my5,t3_1vgum7v,ubermensch1001,"Tradfi and other players looking to offer BTC products to the general public are absolutely loving this hack. Not saying they were/are actively involved, but it's weird timing when they are still debating the clarity act.","Tradfi and other players looking to offer Bitcoin products are loving this hack. Not saying they were/are actively involved, but it's weird timing when they are still debating the clarity act.",2026-08-06T04:56:56.278Z,cryptocurrency,2026-08-06T04:56:56.278Z,2026-08-06,2026-08-03,EVENT_NEWS,bitcoin,False,,,,,,NOT_CHECKABLE,bitcoin news/event - not checkable with price data,NOT_SCORED,False,bitcoin,-0.52,1.29,-1.85
t1_p219e8f,t3_1vgum7v,absurdcriminality,"We are just gonna end up holding BTC in banks, aren't we?","We are just gonna end up holding Bitcoin in banks, aren't we?",2026-08-06T04:56:56.278Z,cryptocurrency,2026-08-06T04:56:56.278Z,2026-08-06,2026-08-03,TREND,bitcoin,False,UP,,DOWN,-0.52,-0.52,CONTRADICTED,"Claimed UP, market DOWN -0.52%",INACCURATE,True,bitcoin,-0.52,1.29,-1.85
t1_p1ue161,t3_1vg5ztp,CoffeeAlternative647,You'd have to ask either Bitcoin CEO or CFO when they're thinking on raising the price of their product. Try send them an email.,You'd have to ask either Bitcoin CEO or CFO when they're thinking on raising the price of their product. Try send them an email.,2026-08-05T12:29:26.651Z,cryptocurrency,2026-08-05T12:29:26.651Z,2026-08-05,2026-08-03,OPINION_OTHER,bitcoin,False,,,,,,NOT_CHECKABLE,bitcoin mentioned but no price direction or number,NOT_SCORED,False,bitcoin,0.85,1.76,-0.79
t1_p21amvb,t3_1vgmxjl,devCheckingIn,Three straight days of ETF inflows. 😍 Smart Money(TM) is loading their bags.,Three straight days of ETF inflows indicate a positive trend for Smart Money(TM) as they load their bags.,2026-08-05T23:00:54.361Z,cryptocurrency,2026-08-05T23:00:54.361Z,2026-08-05,2026-08-03,EVENT_NEWS,,False,,,,,,NOT_CHECKABLE,No crypto asset mentioned,NOT_SCORED,False,bitcoin,0.85,1.76,-0.79
t1_p206n5e,t3_1vgmxjl,qwertydcf,"This is 2022 all over agian, for me the best time to buy Bitcoin. Be careful it could go lower to 30-40k, still a good buy right now. (JMO,NFA) gl everyone, dca slowly","This is a good time to buy Bitcoin as it could go lower to 30-40k, still a good buy right now. 
Uptrend: Bitcoin.",2026-08-05T23:00:54.361Z,cryptocurrency,2026-08-05T23:00:54.361Z,2026-08-05,2026-08-03,PREDICTION,bitcoin,False,,,,,,NOT_CHECKABLE,Price prediction (future-tense) - can't be scored at posting time,NOT_SCORED,False,bitcoin,0.85,1.76,-0.79
t1_p1zo988,t3_1vgmxjl,fan_of_hakiksexydays,"If you're patient, it might even drop below $1K this cycle. If the bear market is anything like the the past ones, and as brutal to alt coins as it usually is. Especially with this level of loss of interest in crypto.

But let's not get ahead of ourselves.

We'd have to see if there's gonna be a retest of $1,500 first. But with BTC still trending down for the year, and the rallies still getting lower highs, that retest might still be in the cards.","Bitcoin is experiencing a downtrend with its price trending down and potential for further decline, especially if the bear market is as brutal to alt coins as it has been in the past.
Downtrend: Bitcoin.",2026-08-05T23:00:54.361Z,cryptocurrency,2026-08-05T23:00:54.361Z,2026-08-05,2026-08-03,TREND,bitcoin,False,DOWN,,UP,0.85,0.85,CONTRADICTED,"Claimed DOWN, market UP +0.85%",INACCURATE,True,bitcoin,0.85,1.76,-0.79
t1_p1z1q1s,t3_1vgmxjl,b1mm3rl1f3,"If it does, I'm buying. Summer of ETH, then summer in st Tropez","If it does, I'm buying. Summer of Ethereum is definitely on the horizon.",2026-08-05T23:00:54.361Z,cryptocurrency,2026-08-05T23:00:54.361Z,2026-08-05,2026-08-03,OPINION_OTHER,ethereum,False,,,,,,NOT_CHECKABLE,ethereum mentioned but no price direction or number,NOT_SCORED,False,ethereum,2.04,3.66,0.69
t1_p23awa6,t3_1vgmxjl,Wise_Recover9576,Bitcoin fixes this,Bitcoin has announced a fix for its transaction fees issue.,2026-08-05T23:00:54.361Z,cryptocurrency,2026-08-05T23:00:54.361Z,2026-08-05,2026-08-03,EVENT_NEWS,bitcoin,False,,,,,,NOT_CHECKABLE,bitcoin news/event - not checkable with price data,NOT_SCORED,False,bitcoin,0.85,1.76,-0.79
t1_p23671m,t3_1vgmxjl,C-Dull,"This is about the sentiment you’d expect at this point in the bear. Lack of patience, despair, people not caring about crypto… this is where the real money is made.","This is about the sentiment you’d expect at this point in the bear. Lack of patience, despair, people not caring about crypto… this is where the real money is made.",2026-08-05T23:00:54.361Z,cryptocurrency,2026-08-05T23:00:54.361Z,2026-08-05,2026-08-03,OPINION_OTHER,bitcoin,True,,,,,,NOT_CHECKABLE,bitcoin mentioned but no price direction or number,NOT_SCORED,False,bitcoin,0.85,1.76,-0.79
t1_p1w6u5y,t3_1vfybb3,clkou,"As impressive as Crypto is, it is unfortunately too complicated and insecure for the masses.","As impressive as Crypto is, it is unfortunately too complicated and insecure for the masses.",2026-08-05T05:33:07.838Z,cryptocurrency,2026-08-05T05:33:07.838Z,2026-08-05,2026-08-03,OPINION_OTHER,bitcoin,True,,,,,,NOT_CHECKABLE,bitcoin mentioned but no price direction or number,NOT_SCORED,False,bitcoin,0.85,1.76,-0.79
t1_p1tjbkt,t3_1vfybb3,Electronic_Worker245,"Not only did we not have a alt rally, we are always under attack and risk of losing our crypto. This whole sector is depressing. How are we going to rally again ?","Not only did we not have a significant rally, we face daily attacks and risk of losing our crypto. This whole sector is depressing. How are we going to rally again ?",2026-08-05T05:33:07.838Z,cryptocurrency,2026-08-05T05:33:07.838Z,2026-08-05,2026-08-03,TREND,bitcoin,True,UP,,UP,0.85,0.85,VERIFIED,bitcoin was UP +0.85% over 1d (generic 'crypto' claim checked against BTC),ACCURATE,True,bitcoin,0.85,1.76,-0.79
t1_p25bckh,t3_1vfweow,anymonero,But ETH alone is already 50x the market cap of LTC not to mention total market cap of all the tokens on ETH. Litecoin's ratio is much more impressive.,"But ETH alone is already 50x the market cap of LTC, indicating a strong upward trend for ETH. Litecoin's ratio is much more impressive.",2026-08-05T03:54:07.031Z,cryptocurrency,2026-08-05T03:54:07.031Z,2026-08-05,2026-08-03,TREND,ethereum,False,UP,,UP,2.04,2.04,VERIFIED,ethereum was UP +2.04% over 1d,ACCURATE,True,ethereum,2.04,3.66,0.69
t1_p1pqct7,t3_1vfkddo,N22-J,"I think BTC could go up, or down.","I think Bitcoin could go up, or down.",2026-08-04T19:28:56.214Z,cryptocurrency,2026-08-04T19:28:56.214Z,2026-08-04,2026-08-03,OPINION_OTHER,bitcoin,False,,,,,,NOT_CHECKABLE,bitcoin mentioned but no price direction or number,NOT_SCORED,False,bitcoin,0.94,1.87,0.71
t1_p1po359,t3_1vfkddo,ThomasHardyHarHar,"You don’t have to buy a full bitcoin. You can put as much money as you want.

Is it a good time to buy it? Nobody knows. Is it a good idea for you to buy? Probably not, you should put your money in stocks instead if you don’t already do that.",You don’t have to buy a full bitcoin to explore cryptocurrency trends. You can put as much money as you want.Is it a good time to buy it? Nobody knows. Is it a safe idea? Probably not.,2026-08-04T19:28:56.214Z,cryptocurrency,2026-08-04T19:28:56.214Z,2026-08-04,2026-08-03,OPINION_OTHER,bitcoin,False,,,,,,NOT_CHECKABLE,bitcoin mentioned but no price direction or number,NOT_SCORED,False,bitcoin,0.94,1.87,0.71
t1_p1rmr02,t3_1vfkddo,DKDamian,"The stock market is literally almost always at or near all-time highs. Unlike Bitcoin, which is nowhere near","The stock market is literally almost always at or near all-time highs, unlike Bitcoin, which is nowhere near such highs.",2026-08-04T19:28:56.214Z,cryptocurrency,2026-08-04T19:28:56.214Z,2026-08-04,2026-08-03,OPINION_OTHER,bitcoin,False,,,,,,NOT_CHECKABLE,bitcoin mentioned but no price direction or number,NOT_SCORED,False,bitcoin,0.94,1.87,0.71
t1_p1sas6t,t3_1vfkddo,DrSpeckles,Ai will be the most profitable in the long term. Everything you do will involve Ai in the future. Nothing you do in the future will use bitcoin.,"Ai is projected to be the most profitable cryptocurrency over the long term, while Bitcoin is expected to continue to use its role in future transactions.",2026-08-04T19:28:56.214Z,cryptocurrency,2026-08-04T19:28:56.214Z,2026-08-04,2026-08-03,OPINION_OTHER,bitcoin,False,,,,,,NOT_CHECKABLE,bitcoin mentioned but no price direction or number,NOT_SCORED,False,bitcoin,0.94,1.87,0.71
t1_p1y23xr,t3_1vfkddo,intotheEnd,"I would be very cautious about buying broad market indexes right now. So many smart people and expert investors are pulling back and holding on to cash. For example Warren Buffett has sold off over 50% of its stocks in its portfolio and is holding on to cash or cash equivalents.

If the OP wants to invest, I would seriously invest in a diversified portfolio with:

just a small percentage of Bitcoin

a percentage of the broad market index

a good percentage of funds that are not as badly impacted by A.I. and are somewhat recession-proof, things like utilities and natural resources","I would be very cautious about buying broad market indexes right now. So many smart people and expert investors are pulling back and holding onto cash. For example Warren Buffett has sold off over 50% of his stocks in its portfolio and is holding on to cash equivalents.
Downtrend: Bitcoin.",2026-08-04T19:28:56.214Z,cryptocurrency,2026-08-04T19:28:56.214Z,2026-08-04,2026-08-03,NUMERIC_PERCENT,bitcoin,False,DOWN,-50.0,UP,0.94,0.94,INACCURATE,"Claimed -50.0%, bitcoin moved +0.94% (off by 50.9 points)",INACCURATE,True,bitcoin,0.94,1.87,0.71
t1_p1y380a,t3_1vfkddo,ThomasHardyHarHar,"This is probably good strategy in general, but I was giving the overly cautious response to somebody who seems to know very little about crypto.","This is probably good strategy in general, but I was giving the overly cautious response to somebody who seems to know very little about crypto.",2026-08-04T19:28:56.214Z,cryptocurrency,2026-08-04T19:28:56.214Z,2026-08-04,2026-08-03,OPINION_OTHER,bitcoin,True,,,,,,NOT_CHECKABLE,bitcoin mentioned but no price direction or number,NOT_SCORED,False,bitcoin,0.94,1.87,0.71
t1_p1qaa8w,t3_1vfkddo,ek_am,"Pretty much dca into bitcoin on axal biweekly, earn yield on the btc and continue to accumulate. bull and bear markets will come and go, a steady dca is best.","Pretty much dca into bitcoin on axal biweekly, earn yield on the btc and continue to accumulate. bull and bear markets will come and go, but steady accumulation is recommended for long-term investors.",2026-08-04T19:28:56.214Z,cryptocurrency,2026-08-04T19:28:56.214Z,2026-08-04,2026-08-03,OPINION_OTHER,bitcoin,False,,,,,,NOT_CHECKABLE,bitcoin mentioned but no price direction or number,NOT_SCORED,False,bitcoin,0.94,1.87,0.71
t1_p1q4bhu,t3_1vfkddo,skibidi-bibidi,"On a long term time frame now is a good time, but Q4 this year could be a better time.","On a long term time frame now is a good time for Ethereum to explore new solutions, with Q4 potentially being a better time.",2026-08-04T19:28:56.214Z,cryptocurrency,2026-08-04T19:28:56.214Z,2026-08-04,2026-08-03,OPINION_OTHER,ethereum,False,,,,,,NOT_CHECKABLE,ethereum mentioned but no price direction or number,NOT_SCORED,False,ethereum,0.55,1.74,0.7
t1_p1sm3n6,t3_1vfkddo,ICantWatchYouDoThis,"if you didn't trust it back then, why do you trust it now, when the coldcard incident just screwed a ton of people? not trying to be rude, I'm just curious what the average people think about BTC's trustworthy now","Bitcoin is currently viewed as a trustworthy cryptocurrency, despite the negative experiences from the coldcard fiasco.  
Downtrend: Bitcoin.",2026-08-04T19:28:56.214Z,cryptocurrency,2026-08-04T19:28:56.214Z,2026-08-04,2026-08-03,TREND,bitcoin,False,DOWN,,UP,0.94,0.94,CONTRADICTED,"Claimed DOWN, market UP +0.94%",INACCURATE,True,bitcoin,0.94,1.87,0.71
t1_p1so30u,t3_1vfkddo,Kitchen_Play_8123,"I'm a banker, so I believed in real money, CDs and low risk assests and I simply did not see a BTC hit over $100k one day, but...It did and I know lots of ppl gaining from that. In fact, my partner has been sitting on 5 btc since 2023 and has no plans on selling them in the near future..If you go to Europe they do real estate transactions in bitcoins.","I'm a banker, so I believed in real money, CDs and low risk assests and I simply did not see a Bitcoin hit over $100k one day, but it did and there are lots of people gaining from it. In fact, my partner has been sitting on 5 btc since 20",2026-08-04T19:28:56.214Z,cryptocurrency,2026-08-04T19:28:56.214Z,2026-08-04,2026-08-03,NUMERIC_PRICE,bitcoin,False,,100000.0,,64055.95,,INACCURATE,"Claimed $100,000, bitcoin traded $63,278-$64,467 that day (off by 55.5%)",INACCURATE,True,bitcoin,0.94,1.87,0.71
t1_p1q6cmb,t3_1vfkddo,Away-Regular1335,Why do you have to buy a whole bitcoin? Just dollar cost average when you can and dont think much about it.,Why do you have to buy a whole bitcoin? Just dollar cost average when you can and dont think much about it.,2026-08-04T19:28:56.214Z,cryptocurrency,2026-08-04T19:28:56.214Z,2026-08-04,2026-08-03,OPINION_OTHER,bitcoin,False,,,,,,NOT_CHECKABLE,bitcoin mentioned but no price direction or number,NOT_SCORED,False,bitcoin,0.94,1.87,0.71
t1_p1s4mhp,t3_1vfkddo,GenderJuicy,"Do you guys really look at the price of BTC and think ""I don't think this will ever go up again in the future""?","Do you guys really look at the price of Bitcoin and think ""I don't think this will ever go up again in the future""?",2026-08-04T19:28:56.214Z,cryptocurrency,2026-08-04T19:28:56.214Z,2026-08-04,2026-08-03,TREND,bitcoin,False,UP,,UP,0.94,0.94,VERIFIED,bitcoin was UP +0.94% over 1d,ACCURATE,True,bitcoin,0.94,1.87,0.71
t1_p1s59qj,t3_1vfkddo,SuckinAwesome,If your first question about bitcoin is it's price prediction then it's probably not a great asset to buy at this time. If you're convinced by the 'Why' of BTC then it's a great asset to buy.,"If your first question about Bitcoin is it's price prediction then it's probably not a great asset to buy at this time. If you're convinced by the 'Why' of Bitcoin, it's a strong investment.",2026-08-04T19:28:56.214Z,cryptocurrency,2026-08-04T19:28:56.214Z,2026-08-04,2026-08-03,OPINION_OTHER,bitcoin,False,,,,,,NOT_CHECKABLE,bitcoin mentioned but no price direction or number,NOT_SCORED,False,bitcoin,0.94,1.87,0.71
t1_p1spb84,t3_1vfkddo,coinluv,The best time to buy is every day. Don’t buy a whole Bitcoin unless you have lots of spare cash. DCA - Dollar Cost Average. Buy Bitcoin on autopilot daily. Set an amount that will get you a Bitcoin in the next 6 months to two years depending on your budget. The price will go up and down and eventually reach a new all time high. I recommend Strike but there are other exchanges that offer recurring Bitcoin purchases with no fee.,"The best time to buy Bitcoin is every day, as the price is always going to rise. Don’t buy a whole Bitcoin unless you have lots of spare cash. Set an amount that will get you a Bitcoin in the next 6 months to two years depending on your budget. I recommend recurring purchases",2026-08-04T19:28:56.214Z,cryptocurrency,2026-08-04T19:28:56.214Z,2026-08-04,2026-08-03,TREND,bitcoin,False,UP,,UP,0.94,0.94,VERIFIED,bitcoin was UP +0.94% over 1d,ACCURATE,True,bitcoin,0.94,1.87,0.71
t1_p1q8vib,t3_1vfkddo,UtahImTaller,"Crypto has been pretty doom and gloom for the last few months from what I've been reading here off and on. People legitimately think the last bull run was the last big one, and that altcoins and BTC will never see the mountains of returns we've seen previously. 

That, to me, is very bullish. My speculation is that it's a great time to buy, but I also could see why people believe altcoins (not necessarily bitcoin) are dead. Especially since crypto in general is very much based on speculative value and almost zero use case.

Obviously outliers exist, but that's my take in general.","Crypto has been pretty gloomy lately with people suggesting altcoins and Bitcoin are facing a future of limited returns. 
Uptrend: Bitcoin.",2026-08-04T19:28:56.214Z,cryptocurrency,2026-08-04T19:28:56.214Z,2026-08-04,2026-08-03,TREND,bitcoin,False,UP,,UP,0.94,0.94,VERIFIED,bitcoin was UP +0.94% over 1d,ACCURATE,True,bitcoin,0.94,1.87,0.71
t1_p1q0og5,t3_1vfkddo,supermanal,"Some are saying that there will be a further drop in price around October. This usually happens in this, the midterm year.","Some are predicting a potential downtrend for Bitcoin as prices are expected to drop in October due to market conditions. This usually happens in this, the midterm year.",2026-08-04T19:28:56.214Z,cryptocurrency,2026-08-04T19:28:56.214Z,2026-08-04,2026-08-03,TREND,bitcoin,False,DOWN,,UP,0.94,0.94,CONTRADICTED,"Claimed DOWN, market UP +0.94%",INACCURATE,True,bitcoin,0.94,1.87,0.71
t1_p1qa2wr,t3_1vfkddo,Omegacarlos1,Everytime is always a good time to buy btc,"Everytime is always a good time to buy Bitcoin, according to cryptocurrency trends.",2026-08-04T19:28:56.214Z,cryptocurrency,2026-08-04T19:28:56.214Z,2026-08-04,2026-08-03,OPINION_OTHER,bitcoin,False,,,,,,NOT_CHECKABLE,bitcoin mentioned but no price direction or number,NOT_SCORED,False,bitcoin,0.94,1.87,0.71
t1_p1r1p8v,t3_1vfkddo,Newbie123plzhelp,If I had to get my crystal ball out I'd say we bottom out somewhere around November,"If I had to get my crystal ball out, I'd guess that the cryptocurrency market could experience a downturn sometime around November.",2026-08-04T19:28:56.214Z,cryptocurrency,2026-08-04T19:28:56.214Z,2026-08-04,2026-08-03,OPINION_OTHER,bitcoin,True,,,,,,NOT_CHECKABLE,bitcoin mentioned but no price direction or number,NOT_SCORED,False,bitcoin,0.94,1.87,0.71
t1_p1rycty,t3_1vfkddo,TwinWake,As long as you can “buy” BTC.,"As long as you can “buy” Bitcoin, it’s a good day.",2026-08-04T19:28:56.214Z,cryptocurrency,2026-08-04T19:28:56.214Z,2026-08-04,2026-08-03,OPINION_OTHER,bitcoin,False,,,,,,NOT_CHECKABLE,bitcoin mentioned but no price direction or number,NOT_SCORED,False,bitcoin,0.94,1.87,0.71
t1_p1s5yvf,t3_1vfkddo,MarioWilson122,"Usually, toward the end of the year is when it has been the best in past cycles, but who knows, this could be the bottom now.","Usually, toward the end of the year is when Bitcoin's performance has been the best, indicating a potential uptrend.",2026-08-04T19:28:56.214Z,cryptocurrency,2026-08-04T19:28:56.214Z,2026-08-04,2026-08-03,TREND,bitcoin,False,UP,,UP,0.94,0.94,VERIFIED,bitcoin was UP +0.94% over 1d,ACCURATE,True,bitcoin,0.94,1.87,0.71
t1_p1yc0lc,t3_1vfkddo,DrSpeckles,"This is from people who still think we are “early” in BTC, which doesn’t actually do anything.","This is from people who still think we are “early” in Bitcoin, which doesn’t actually do anything.",2026-08-04T19:28:56.214Z,cryptocurrency,2026-08-04T19:28:56.214Z,2026-08-04,2026-08-03,OPINION_OTHER,bitcoin,False,,,,,,NOT_CHECKABLE,bitcoin mentioned but no price direction or number,NOT_SCORED,False,bitcoin,0.94,1.87,0.71
t1_p1scls5,t3_1vfkddo,Dimasfadz,No one knows if it's the best time. I'd be more worried about buying 1 BTC on day one than the price itself. Start mall or DCA first,No one knows if it's the best time. I'd be more worried about buying 1 BTC on day one than the price itself. Start with a reputable store like Amazon or DCA first,2026-08-04T19:28:56.214Z,cryptocurrency,2026-08-04T19:28:56.214Z,2026-08-04,2026-08-03,OPINION_OTHER,bitcoin,False,,,,,,NOT_CHECKABLE,bitcoin mentioned but no price direction or number,NOT_SCORED,False,bitcoin,0.94,1.87,0.71
t1_p1sootw,t3_1vfkddo,Upper-Media3769,"You know you don't have to buy whole units, right? It's not a physical coin.

Start DCAing with an amount you're comfortable with on STRIKE or something like that and get a Trezor wallet with a strong passphrase to store your BTC.",You know you don't have to buy whole units of Bitcoin to start using it.Start DCAing with an amount you're comfortable with on STRIKE or something like that and get a Trezor wallet with a strong passphrase to store your BTC.,2026-08-04T19:28:56.214Z,cryptocurrency,2026-08-04T19:28:56.214Z,2026-08-04,2026-08-03,OPINION_OTHER,bitcoin,False,,,,,,NOT_CHECKABLE,bitcoin mentioned but no price direction or number,NOT_SCORED,False,bitcoin,0.94,1.87,0.71
t1_p1swgev,t3_1vfkddo,Smallpaul,"If we knew that Bitcoin was going to go up tomorrow, we would buy today. That would increase the price and it would go up today instead of tomorrow. So you would already be too late.

If we knew it was going to go down, we would sell. This would cause the price to drop today. And anyone wanting to sell would be too late tomorrow.","If we knew that Bitcoin was going to go up tomorrow, we would buy today instead of tomorrow, causing the price to rise instead of falling tomorrow. And anyone wanting to sell would be too late.
Uptrend: Bitcoin.",2026-08-04T19:28:56.214Z,cryptocurrency,2026-08-04T19:28:56.214Z,2026-08-04,2026-08-03,OPINION_OTHER,bitcoin,False,,,,,,NOT_CHECKABLE,bitcoin mentioned but no price direction or number,NOT_SCORED,False,bitcoin,0.94,1.87,0.71
t1_p1t55f8,t3_1vfkddo,No-Consequence-1779,Money is in stocks now. Follow the money. You’ll sit and wait a couple years before it moves and it may be down.,Money is in stocks now. You'll sit and wait a couple years before it moves and it may be down. Follow the money.,2026-08-04T19:28:56.214Z,cryptocurrency,2026-08-04T19:28:56.214Z,2026-08-04,2026-08-03,OPINION_OTHER,,False,,,,,,NOT_CHECKABLE,No crypto asset mentioned,NOT_SCORED,False,bitcoin,0.94,1.87,0.71
t1_p1tt973,t3_1vfkddo,Febos,Now and next year is good time to buy Bitcoin. Best to buy every month. You don't need whole BTC or $20000 to buy it. Just buy as much as you can.,Now and next year is a good time to buy Bitcoin. You don't need whole BTC or $20000 to buy it. Just buy as much as you can. Best to buy every month.,2026-08-04T19:28:56.214Z,cryptocurrency,2026-08-04T19:28:56.214Z,2026-08-04,2026-08-03,PREDICTION,bitcoin,False,,,,,,NOT_CHECKABLE,Price prediction (future-tense) - can't be scored at posting time,NOT_SCORED,False,bitcoin,0.94,1.87,0.71
t1_p1u51b7,t3_1vfkddo,Hqjjciy6sJr,"Historically, it's never been a bad time to buy Bitcoin if you're willing to wait long enough. That said, nobody knows what the future holds. If quantum computing, AI, or some other technological breakthrough ends up fundamentally breaking Bitcoin, it could fizzle out to nothing.","Historically, it's never been a bad time to buy Bitcoin, as long-term investors know it's not about cryptocurrency trends. That said, nobody knows what the future holds. If quantum computing, AI, or some other technological breakthrough ends up fundamentally breaking Bitcoin, it could fizzle out",2026-08-04T19:28:56.214Z,cryptocurrency,2026-08-04T19:28:56.214Z,2026-08-04,2026-08-03,TREND,bitcoin,False,UP,,UP,0.94,0.94,VERIFIED,bitcoin was UP +0.94% over 1d,ACCURATE,True,bitcoin,0.94,1.87,0.71
t1_p1u7a9u,t3_1vfkddo,Don_Esteban_,There is no bad time to buy BTC,"There is no bad time to buy Bitcoin, according to recent analysis.",2026-08-04T19:28:56.214Z,cryptocurrency,2026-08-04T19:28:56.214Z,2026-08-04,2026-08-03,OPINION_OTHER,bitcoin,False,,,,,,NOT_CHECKABLE,bitcoin mentioned but no price direction or number,NOT_SCORED,False,bitcoin,0.94,1.87,0.71
t1_p1uz6fy,t3_1vfkddo,conzilla,Crypto jumped the shark with Trump. Anyone buying that shit now is just way to deep.,Crypto jumped the shark with Trump. Anyone buying that shit now is just way to deep.,2026-08-04T19:28:56.214Z,cryptocurrency,2026-08-04T19:28:56.214Z,2026-08-04,2026-08-03,TREND,bitcoin,True,UP,,UP,0.94,0.94,VERIFIED,bitcoin was UP +0.94% over 1d (generic 'crypto' claim checked against BTC),ACCURATE,True,bitcoin,0.94,1.87,0.71
t1_p1vqq4n,t3_1vfkddo,The_Bitcoin_Act,"There’s never a perfect time to buy BTC, but at ~50% off its $126k ATH this is a historically decent entry for a long-term holder, just never risk more than you can afford to lose, and DCA instead of dumping $64k in one go. NFA!","There is no perfect time to buy Bitcoin, but at ~50% off its $126k ATH, it is a historically decent entry for long-term investors. NFA",2026-08-04T19:28:56.214Z,cryptocurrency,2026-08-04T19:28:56.214Z,2026-08-04,2026-08-03,NUMERIC_PRICE,bitcoin,False,,126000.0,,64055.95,,INACCURATE,"Claimed $126,000, bitcoin traded $63,278-$64,467 that day (off by 96.1%)",INACCURATE,True,bitcoin,0.94,1.87,0.71
t1_p1w7ch9,t3_1vfkddo,SliceCareful4260,"You should speak with an actual financial professional. In my humble opinion, Bitcoin not having any intrinsic value is a huge show stopper for me. I like to invest in stuff that actually has value, like stocks or real estate. Even gold has more value than bitcoin. Like warren buffet said, if you owned all the Bitcoin in the world, you wouldn’t have anything.","Bitcoin's lack of intrinsic value is a huge deal stopper for me, as I like to invest in stuff like stocks and real estate. Even gold has more value than Bitcoin. Like warren said, if you owned all the Bitcoin in the world, you wouldn’t have anything.You should",2026-08-04T19:28:56.214Z,cryptocurrency,2026-08-04T19:28:56.214Z,2026-08-04,2026-08-03,OPINION_OTHER,bitcoin,False,,,,,,NOT_CHECKABLE,bitcoin mentioned but no price direction or number,NOT_SCORED,False,bitcoin,0.94,1.87,0.71
t1_p1wf87m,t3_1vfkddo,jayboogs69,"Buy it on a safe exchange (coinbase or kraken), buy a ledger or trezor directly from their website (not a retailer) for example ledger.com. Send the BTC to your cold storage device. Hold long term. If you need capital down the line don’t sell the BTC, instead borrow against it as BTC tends to go up in price over time. Thats it GL","Buy it on a safe exchange (coinbase or kraken), buy a ledger or trezor directly from their website (not a retailer) for example ledger.com. Send the BTC to your cold storage device. Hold long term. If you need capital down the line don’",2026-08-04T19:28:56.214Z,cryptocurrency,2026-08-04T19:28:56.214Z,2026-08-04,2026-08-03,TREND,bitcoin,False,DOWN,,UP,0.94,0.94,CONTRADICTED,"Claimed DOWN, market UP +0.94%",INACCURATE,True,bitcoin,0.94,1.87,0.71
t1_p1xtzyo,t3_1vfkddo,TheCodifiedTrader,"Fuck no, did you not hear the shit about Coinkite/ Coldcard? 100% most people are moving their money elsewhere, probably stocks or index funds, you think they gonna wait if or when they lose their BTC to hackers?","Most people are moving their money elsewhere, probably stocks or index funds, to protect against potential attacks on Bitcoin.Fuck no, did you not hear the shit about Coinkite/ Coldcard?",2026-08-04T19:28:56.214Z,cryptocurrency,2026-08-04T19:28:56.214Z,2026-08-04,2026-08-03,OPINION_OTHER,bitcoin,False,,,,,,NOT_CHECKABLE,bitcoin mentioned but no price direction or number,NOT_SCORED,False,bitcoin,0.94,1.87,0.71
t1_p1z3otb,t3_1vfkddo,DizzyHoliday,I’m waiting til it gets down to the 50’s but there is literally never a bad time to buy BTC,"Bitcoin is experiencing a positive trend as it is never a bad time to buy it.  
Uptrend: Bitcoin.",2026-08-04T19:28:56.214Z,cryptocurrency,2026-08-04T19:28:56.214Z,2026-08-04,2026-08-03,TREND,bitcoin,False,UP,,UP,0.94,0.94,VERIFIED,bitcoin was UP +0.94% over 1d,ACCURATE,True,bitcoin,0.94,1.87,0.71
t1_p1zjqom,t3_1vfkddo,digital__bits,"The Bitcoin Standard is a terrible book, is full of lies and biased opinions by its author.","The Bitcoin Standard is a terrible book, is full of lies and biased opinions, and is not about cryptocurrency trends.",2026-08-04T19:28:56.214Z,cryptocurrency,2026-08-04T19:28:56.214Z,2026-08-04,2026-08-03,OPINION_OTHER,bitcoin,False,,,,,,NOT_CHECKABLE,bitcoin mentioned but no price direction or number,NOT_SCORED,False,bitcoin,0.94,1.87,0.71
t1_p1pwshv,t3_1vfkddo,CyanDew,"if you understand how money has evolved over decades of technological advancements, you recognize the staple that is Bitcoin being born out of a financial crisis, and that the world’s money is a fiat currency that loses purchasing power every day, you’ll begin to underestimate the power of easy money over time, and begin to dollar cost average into hard money (Bitcoin) regardless of the price in USD.

knowledge builds conviction, emotion derails it.

nobody knows where the price is headed, but as long as the governments keep printing, Bitcoin will continue to become a more appetizing asset.

with only so much to go around, more and more people being born into a digital world, and their native understanding of the Internet, the reality will only serve to support their thesis that owning a natively digital hard money that nobody has control of and everyone has access to, is the way to preserve their wealth’s salability across space and time.","Bitcoin is being increasingly viewed as a more appetizing asset due to its historical evolution and its role in the financial crisis. 
Uptrend: Bitcoin.",2026-08-04T19:28:56.214Z,cryptocurrency,2026-08-04T19:28:56.214Z,2026-08-04,2026-08-03,TREND,bitcoin,False,UP,,UP,0.94,0.94,VERIFIED,bitcoin was UP +0.94% over 1d,ACCURATE,True,bitcoin,0.94,1.87,0.71
t1_p1rt9hq,t3_1vfkddo,Financial-Seesaw-817,"Imo, yes... I dca weekly, btd. Oct 2 is bottom day. Then new bull market begins. It may go lower by then but probably not by much. Longterm, Bitcoin will at least 2x from here. But first, ask yourself what will i do if it goes up... or it goes down...? Have a plan. I just add it to my net worth. Asset pool. And I use leverage. Many just buy low, sell high. Or worse... buy high, sell low ... from panic.","Bitcoin is expected to experience a significant uptrend long-term, potentially 2x from here. But first, ask yourself what will i do if it goes up... or it goes down...? Have a plan. Many just buy low, sell high. Or worse... buy high, sell low ... from panic",2026-08-04T19:28:56.214Z,cryptocurrency,2026-08-04T19:28:56.214Z,2026-08-04,2026-08-03,OPINION_OTHER,bitcoin,False,,,,,,NOT_CHECKABLE,bitcoin mentioned but no price direction or number,NOT_SCORED,False,bitcoin,0.94,1.87,0.71
t1_p1t9ip6,t3_1vfkddo,Aggressive-Bat1819,The fact that you thought and still think you have to buy a full bitcoin means you probably shouldn’t buy it because you know absolutely nothing about it. Why are you even here?,The fact that you thought and still think you have to buy a full bitcoin indicates that you know absolutely nothing about it. Why are you even here?,2026-08-04T19:28:56.214Z,cryptocurrency,2026-08-04T19:28:56.214Z,2026-08-04,2026-08-03,OPINION_OTHER,bitcoin,False,,,,,,NOT_CHECKABLE,bitcoin mentioned but no price direction or number,NOT_SCORED,False,bitcoin,0.94,1.87,0.71
t1_p1pu8zq,t3_1vfkddo,Financial_Clue_2534,"We will have another big drop in Q4 I’m thinking in Oct.

I would still DCA like always but if you’re going for a big purchase wait a few more months.",We will have another big drop in Q4 I’m thinking in Oct. which could affect the DCA market negatively.I would still DCA like always but if you’re going for a big purchase wait a few more months.,2026-08-04T19:28:56.214Z,cryptocurrency,2026-08-04T19:28:56.214Z,2026-08-04,2026-08-03,OPINION_OTHER,,False,,,,,,NOT_CHECKABLE,No crypto asset mentioned,NOT_SCORED,False,bitcoin,0.94,1.87,0.71
t1_p1xqeuy,t3_1vgdkcj,Doritos707,Unless the entropy is 2^70 which is what we saw with coldcard. I would stop repeating the same shit from 5 years ago because honestly with sharding and all the different techniques available you may be surprised that some wallets can be cracked,Unless the entropy is 2^70 which is what we saw with coldcard. I would stop repeating the same shit from 5 years ago and explore techniques like sharding and proof-of-stake.,2026-08-05T17:14:30.673Z,cryptocurrency,2026-08-05T17:14:30.673Z,2026-08-05,2026-08-03,OPINION_OTHER,,False,,,,,,NOT_CHECKABLE,No crypto asset mentioned,NOT_SCORED,False,bitcoin,0.85,1.76,-0.79
t1_p1x0ym0,t3_1vgdkcj,DailyUpsAndDowns,It's not a rule of law that the addresses with a balance have to be the last ones generated and checked. It is totally within the realm of possibility that you could hit a wallet quickly.,It's not a rule of law that the addresses with a balance have to be the last ones generated and checked. It is totally within the realm of possibility that you could hit a wallet quickly.,2026-08-05T17:14:30.673Z,cryptocurrency,2026-08-05T17:14:30.673Z,2026-08-05,2026-08-03,OPINION_OTHER,,False,,,,,,NOT_CHECKABLE,No crypto asset mentioned,NOT_SCORED,False,bitcoin,0.85,1.76,-0.79
t1_p1xhsa6,t3_1vgdkcj,z6joker9,"Local ordinances can mean that just because you gain access to a wallet key, it doesn’t give you ownership of the value inside. Crypto still exists within a society.","Local ordinances can mean that just because you gain access to a wallet key, it doesn't give you ownership of the value inside. Crypto still exists within a society.",2026-08-05T17:14:30.673Z,cryptocurrency,2026-08-05T17:14:30.673Z,2026-08-05,2026-08-03,TREND,bitcoin,True,UP,,UP,0.85,0.85,VERIFIED,bitcoin was UP +0.85% over 1d (generic 'crypto' claim checked against BTC),ACCURATE,True,bitcoin,0.85,1.76,-0.79
t1_p20kxfx,t3_1vgdkcj,bfr_,"If that was the case, taxing swaps would be illegal too.","If that was the case, taxing swaps would be illegal, potentially leading to significant regulatory challenges for the cryptocurrency sector.",2026-08-05T17:14:30.673Z,cryptocurrency,2026-08-05T17:14:30.673Z,2026-08-05,2026-08-03,OPINION_OTHER,bitcoin,True,,,,,,NOT_CHECKABLE,bitcoin mentioned but no price direction or number,NOT_SCORED,False,bitcoin,0.85,1.76,-0.79
t1_p20cth9,t3_1vgdkcj,Ok-Pea4148,Is it legal to use bitcoin ?,Is it legal to use bitcoin?,2026-08-05T17:14:30.673Z,cryptocurrency,2026-08-05T17:14:30.673Z,2026-08-05,2026-08-03,OPINION_OTHER,bitcoin,False,,,,,,NOT_CHECKABLE,bitcoin mentioned but no price direction or number,NOT_SCORED,False,bitcoin,0.85,1.76,-0.79
t1_p20k6b7,t3_1vgdkcj,saydonem,"Maybe a stupid question, but if one find an address with BTC on, what to do with it? I’m new btw lol","Maybe a stupid question, but if one finds an address with Bitcoin on it, what to do with it?",2026-08-05T17:14:30.673Z,cryptocurrency,2026-08-05T17:14:30.673Z,2026-08-05,2026-08-03,OPINION_OTHER,bitcoin,False,,,,,,NOT_CHECKABLE,bitcoin mentioned but no price direction or number,NOT_SCORED,False,bitcoin,0.85,1.76,-0.79
t1_p261hwm,t3_1vgdkcj,reddit4485,"There's actually a serious effort to scan for bitcoin private keys called The Large Bitcoin Collider. You can download their software and they make sure people aren't searching the same space. Interestingly, they've actually found private keys, but they are keys derived from low entropy. Most are the answer to puzzles. Also, I don't vouch for this website. It seems kind of risky to download and install their software.

https://lbc.cryptoguru.org/about","There's a serious effort to scan for Bitcoin private keys using software from The Large Bitcoin Collider. Interestingly, they've actually found private keys, but they are not about cryptocurrency trends.",2026-08-05T17:14:30.673Z,cryptocurrency,2026-08-05T17:14:30.673Z,2026-08-05,2026-08-03,OPINION_OTHER,bitcoin,False,,,,,,NOT_CHECKABLE,bitcoin mentioned but no price direction or number,NOT_SCORED,False,bitcoin,0.85,1.76,-0.79
t1_p26nadi,t3_1vgdkcj,reddit4485,"I totally agree, you'd have a much better chance of mining bitcoin using your CPU! In many ways, this project actually proves how secure bitcoin is.","I totally agree, you'd have a much better chance of mining bitcoin using your CPU than using a cryptocurrency like Ethereum, which demonstrates a strong uptrend for Bitcoin. In many ways, this project actually proves how secure bitcoin is.",2026-08-05T17:14:30.673Z,cryptocurrency,2026-08-05T17:14:30.673Z,2026-08-05,2026-08-03,TREND,bitcoin,False,UP,,UP,0.85,0.85,VERIFIED,bitcoin was UP +0.85% over 1d,ACCURATE,True,bitcoin,0.85,1.76,-0.79
t1_p22ymma,t3_1vgdkcj,insanityzwolf,You don't need the UTXO set (the entire sequence of all blocks mined so far) for constructing a valid empty block. Just the previous block hash.,You don't need the UTXO set to construct a valid empty block. Just the previous block hash.,2026-08-05T17:14:30.673Z,cryptocurrency,2026-08-05T17:14:30.673Z,2026-08-05,2026-08-03,OPINION_OTHER,,False,,,,,,NOT_CHECKABLE,No crypto asset mentioned,NOT_SCORED,False,bitcoin,0.85,1.76,-0.79
t1_p1r23ds,t3_1vfm3uj,Chuhaimaster,The vaunted “checks and balances” of the US presidential system are just a bad joke at this point.,"The vaunted ""checks and balances"" of the US presidential system are just a bad joke at this point.",2026-08-04T20:31:29.802Z,cryptocurrency,2026-08-04T20:31:29.802Z,2026-08-04,2026-08-03,OPINION_OTHER,,False,,,,,,NOT_CHECKABLE,No crypto asset mentioned,NOT_SCORED,False,bitcoin,0.94,1.87,0.71
t1_p1rjwzf,t3_1vfm3uj,VolatilityBox,I fear that even our democracy is in jeopardy. I'm curious to see if he'll try any shenanigans for these midterms.,I fear that even our democracy is in jeopardy. I'm curious to see if he'll try any shenanigans for these midterms.,2026-08-04T20:31:29.802Z,cryptocurrency,2026-08-04T20:31:29.802Z,2026-08-04,2026-08-03,OPINION_OTHER,,False,,,,,,NOT_CHECKABLE,No crypto asset mentioned,NOT_SCORED,False,bitcoin,0.94,1.87,0.71
t1_p1rojtt,t3_1vfm3uj,wolverineFan64,He’s been setting it up for months now. He absolutely is fully planning to pull shit if they lose the midterms. The big issue is he has his sycophants in place this time to pull it off.,He's been planning this for months. He absolutely is fully planning to pull shit if they lose the midterms. The big issue is he has his sycophants in place to pull it off.,2026-08-04T20:31:29.802Z,cryptocurrency,2026-08-04T20:31:29.802Z,2026-08-04,2026-08-03,OPINION_OTHER,,False,,,,,,NOT_CHECKABLE,No crypto asset mentioned,NOT_SCORED,False,bitcoin,0.94,1.87,0.71
t1_p1som7k,t3_1vfm3uj,Creatret,"There is no mechanisms that stops people's stupidity. People voted this guy to ""drain the swamp."" And any mechanism to prevent stuff like that is only as strong as the people behind it.",There is no mechanism that stops people's stupidity. And any mechanism to prevent stuff like that is only as strong as the people behind it.,2026-08-04T20:31:29.802Z,cryptocurrency,2026-08-04T20:31:29.802Z,2026-08-04,2026-08-03,OPINION_OTHER,,False,,,,,,NOT_CHECKABLE,No crypto asset mentioned,NOT_SCORED,False,bitcoin,0.94,1.87,0.71
t1_p1qi6pu,t3_1vfm3uj,TwentyCharactersShor,"As a non-USian it is very clear that both are corrupt. Arguing over details feels somewhat beside the point. Sure, I would pick a Dem over Trump any day, but it doesnt make the Dems any better in principle. Only slightly more sane.","As a non-USian it is very clear that both are corrupt. Arguing over details feels somewhat beside the point. Sure, I would pick a Dem over Trump in principle.",2026-08-04T20:31:29.802Z,cryptocurrency,2026-08-04T20:31:29.802Z,2026-08-04,2026-08-03,OPINION_OTHER,,False,,,,,,NOT_CHECKABLE,No crypto asset mentioned,NOT_SCORED,False,bitcoin,0.94,1.87,0.71
t1_p1rcy99,t3_1vfm3uj,Ssided,Dems are better in principle. Of course they are.,Dems are better in principle. Of course they are.,2026-08-04T20:31:29.802Z,cryptocurrency,2026-08-04T20:31:29.802Z,2026-08-04,2026-08-03,OPINION_OTHER,,False,,,,,,NOT_CHECKABLE,No crypto asset mentioned,NOT_SCORED,False,bitcoin,0.94,1.87,0.71
t1_p1qdpy7,t3_1vfm3uj,Unable-Category-7978,"The current GOP stands for absolutely nothing. They claim to be the law and order party, but have fully embraced and capitulated to a felon that causes chaos daily with his ""policy"" changing on a whim. Primarily because a majority of their base idolizes that man, thanks to an ever fawning media apparatus that leaves those people with a view of the country not ground led in reality/facts, and if they lose that cult they lose power for ever.","The current GOP stands for absolutely nothing. They claim to be the law and order party, but have fully embraced and capitulated to a felon that causes chaos daily with his ""policy"" changing on a whim. They are in power because a majority of their base idolizes a cult of personality.",2026-08-04T20:31:29.802Z,cryptocurrency,2026-08-04T20:31:29.802Z,2026-08-04,2026-08-03,OPINION_OTHER,,False,,,,,,NOT_CHECKABLE,No crypto asset mentioned,NOT_SCORED,False,bitcoin,0.94,1.87,0.71
t1_p1qfxc3,t3_1vfm3uj,delayed_burn,All the elites are on it. They don’t give a fuck anymore. They just needed someone to be bold enough to cross the lines they never had the guts to. It’s a race to the bottom and everyone not in Trumps inner circle is a fucking loser.,All the elites are on it. It's a race to the bottom and everyone not in Trumps inner circle is a fucking loser. They don’t give a fuck anymore. They just needed someone to be bold enough to cross the lines they never had the guts to.,2026-08-04T20:31:29.802Z,cryptocurrency,2026-08-04T20:31:29.802Z,2026-08-04,2026-08-03,OPINION_OTHER,,False,,,,,,NOT_CHECKABLE,No crypto asset mentioned,NOT_SCORED,False,bitcoin,0.94,1.87,0.71
t1_p1r4nt0,t3_1vfm3uj,Nathaenyrendil,Republicans hold majority in all branches of government.,Republicans hold majority in all branches of government.,2026-08-04T20:31:29.802Z,cryptocurrency,2026-08-04T20:31:29.802Z,2026-08-04,2026-08-03,OPINION_OTHER,,False,,,,,,NOT_CHECKABLE,No crypto asset mentioned,NOT_SCORED,False,bitcoin,0.94,1.87,0.71
t1_p1sfwkp,t3_1vfm3uj,Effective_Olive6153,"Even if Trump never faces any accountability, all the people around him who are engaging with this corruption need to be held accountable by next administration. Democrats should send clear warning that anyone who continues to engage in this behavior will have to deal with investigations. There has to be an entire new agency created dedicated to investigating thousands of people who participating in Trump schemes, including CEOs of all major companies.","Even if Trump never faces accountability, all the people around him who are engaging with this corruption need to be held accountable by next administration. There has to be an entire new agency created dedicated to investigating thousands of people who participate in Trump schemes, including CEOs of all major companies. Democrats should send clear warning that",2026-08-04T20:31:29.802Z,cryptocurrency,2026-08-04T20:31:29.802Z,2026-08-04,2026-08-03,OPINION_OTHER,,False,,,,,,NOT_CHECKABLE,No crypto asset mentioned,NOT_SCORED,False,bitcoin,0.94,1.87,0.71
t1_p1qxgk5,t3_1vfm3uj,DontcallmeEddy,"There would be 5 special committees, and an underwater jail cell built if this were Obama.","There would be 5 special committees, and an underwater jail cell built if this were Obama.",2026-08-04T20:31:29.802Z,cryptocurrency,2026-08-04T20:31:29.802Z,2026-08-04,2026-08-03,OPINION_OTHER,,False,,,,,,NOT_CHECKABLE,No crypto asset mentioned,NOT_SCORED,False,bitcoin,0.94,1.87,0.71
t1_p1s1u3w,t3_1vfm3uj,kpw1179,The seller and every single buyer should be prosecuted.,The seller and every single buyer should be prosecuted.,2026-08-04T20:31:29.802Z,cryptocurrency,2026-08-04T20:31:29.802Z,2026-08-04,2026-08-03,OPINION_OTHER,,False,,,,,,NOT_CHECKABLE,No crypto asset mentioned,NOT_SCORED,False,bitcoin,0.94,1.87,0.71
t1_p1qlltg,t3_1vfm3uj,Arlennx,"This shit is one of the most out of in the open, in your face corruption in U.S. history. Not a peep from U.S. media, this should be blasted everywhere. He is fucking selling insider info as a subscription? What are we doing? Hello republicans? You people are the filth of this nation, pig dogs.","This is one of the most egregious examples of corruption in U.S. history. He is selling insider info as a subscription? What are we doing? Hello republicans? You people are the filth of this nation, pig dogs.",2026-08-04T20:31:29.802Z,cryptocurrency,2026-08-04T20:31:29.802Z,2026-08-04,2026-08-03,OPINION_OTHER,,False,,,,,,NOT_CHECKABLE,No crypto asset mentioned,NOT_SCORED,False,bitcoin,0.94,1.87,0.71
t1_p1r6u4g,t3_1vfm3uj,Bob-Dolemite,"an argument can, and should, be made that these are not official acts.","an argument can, and should be made that these are not official acts.",2026-08-04T20:31:29.802Z,cryptocurrency,2026-08-04T20:31:29.802Z,2026-08-04,2026-08-03,OPINION_OTHER,,False,,,,,,NOT_CHECKABLE,No crypto asset mentioned,NOT_SCORED,False,bitcoin,0.94,1.87,0.71
t1_p1rxsdy,t3_1vfm3uj,iwrotethedamnbilll,"Fuck it, I’ll sell any shares that are also held by companies participating in this, and hold cash, gold, and bitcoin for now. If enough of us do this, they’ll get their shit together. It won’t be easy, and it’s unlikely to happen. But if we mobilize, we can fight this shit.","Fuck it, I’ll sell any shares that are also held by companies participating in this, and hold cash, gold, and bitcoin for now. If enough of us do this, maybe the broader crypto community will wake up and realize the urgency of this problem. It won’t be easy",2026-08-04T20:31:29.802Z,cryptocurrency,2026-08-04T20:31:29.802Z,2026-08-04,2026-08-03,TREND,bitcoin,False,UP,,UP,0.94,0.94,VERIFIED,bitcoin was UP +0.94% over 1d,ACCURATE,True,bitcoin,0.94,1.87,0.71
t1_p1w1c4s,t3_1vfm3uj,hebrew-hammers,Grifting fuckwad. Where’s our version of the French Revolution? I got my pitchfork,Grifting fuckwad. Where’s our version of the French Revolution? I got my pitchfork,2026-08-04T20:31:29.802Z,cryptocurrency,2026-08-04T20:31:29.802Z,2026-08-04,2026-08-03,OPINION_OTHER,,False,,,,,,NOT_CHECKABLE,No crypto asset mentioned,NOT_SCORED,False,bitcoin,0.94,1.87,0.71
t1_p1y0134,t3_1vfm3uj,Triple-Tooketh,This is really messed up. This is a straight middle finger to anyone that a) believes in the dignity of the office or b) can't front $100k to get in on the grift.,This is really messed up. This is a blatant disrespect for the office and the dignity of the office.,2026-08-04T20:31:29.802Z,cryptocurrency,2026-08-04T20:31:29.802Z,2026-08-04,2026-08-03,OPINION_OTHER,,False,,,,,,NOT_CHECKABLE,No crypto asset mentioned,NOT_SCORED,False,bitcoin,0.94,1.87,0.71
t1_p1qm59c,t3_1vfm3uj,BallBearingBill,Teflon Don doing Teflon things. He's slick as gravel,Teflon Don does Teflon things.,2026-08-04T20:31:29.802Z,cryptocurrency,2026-08-04T20:31:29.802Z,2026-08-04,2026-08-03,OPINION_OTHER,,False,,,,,,NOT_CHECKABLE,No crypto asset mentioned,NOT_SCORED,False,bitcoin,0.94,1.87,0.71
t1_p1qkr2c,t3_1vfm3uj,kangaroolifestyle,That makes a lot more sense to me.,That makes a lot more sense to me.,2026-08-04T20:31:29.802Z,cryptocurrency,2026-08-04T20:31:29.802Z,2026-08-04,2026-08-03,OPINION_OTHER,,False,,,,,,NOT_CHECKABLE,No crypto asset mentioned,NOT_SCORED,False,bitcoin,0.94,1.87,0.71
t1_p1qisbc,t3_1vfm3uj,Impossible-Flight250,"We also still don't know if he actually donates most of his salary. From what I could find, it seems like he may have donated parts of his salary as a PR scheme, but there aren't any actual records of him doing it recently. Aside from that, I would prefer the president take a salary and stays out of outside money making opportunities.","We also still don't know if he actually donates most of his salary. From what I could find, it seems like he may have donated parts of it as a PR scheme, but there aren't any actual records of him doing it recently. Aside from that, I would prefer the president take a",2026-08-04T20:31:29.802Z,cryptocurrency,2026-08-04T20:31:29.802Z,2026-08-04,2026-08-03,OPINION_OTHER,,False,,,,,,NOT_CHECKABLE,No crypto asset mentioned,NOT_SCORED,False,bitcoin,0.94,1.87,0.71
t1_p1q7hor,t3_1vfm3uj,ReallyOrdinaryMan,This is the right question. Law makers had one job.,This is the right question. Law makers had one job.,2026-08-04T20:31:29.802Z,cryptocurrency,2026-08-04T20:31:29.802Z,2026-08-04,2026-08-03,OPINION_OTHER,,False,,,,,,NOT_CHECKABLE,No crypto asset mentioned,NOT_SCORED,False,bitcoin,0.94,1.87,0.71
t1_p1ztfau,t3_1vg48ll,Putrid-Past-3366,This is the decentralized way. Good on you for offering assistance.,This is the decentralized way. Good on you for offering assistance.,2026-08-05T11:04:44.735Z,cryptocurrency,2026-08-05T11:04:44.735Z,2026-08-05,2026-08-03,OPINION_OTHER,,False,,,,,,NOT_CHECKABLE,No crypto asset mentioned,NOT_SCORED,False,bitcoin,0.85,1.76,-0.79
t1_p1x4laz,t3_1vg48ll,AlertResist2448,If it made it to a swapping service and they swapped for Monero it’s likely gone.,"If it made it to a swapping service and they swapped for Monero, it's likely gone.",2026-08-05T11:04:44.735Z,cryptocurrency,2026-08-05T11:04:44.735Z,2026-08-05,2026-08-03,OPINION_OTHER,,False,,,,,,NOT_CHECKABLE,No crypto asset mentioned,NOT_SCORED,False,bitcoin,0.85,1.76,-0.79
t1_p1u1bqf,t3_1vg48ll,roggytan,"fund been transfer to Binance, likely then been withdraw out from there. You may contact Binance and locate the account, well if the funds is gone then they can only help blacklist/freeze the account but it mean nothing anyway
address:
0xBD7E52424c2122484AF564568D6bcC0eE63FfFC3
0xAfC4A63C684bAB9DEfBDF6ccbc2ee167aa1df4aF",The text discusses a case where funds have been withdrawn from a Binance account and has not been located.,2026-08-05T11:04:44.735Z,cryptocurrency,2026-08-05T11:04:44.735Z,2026-08-05,2026-08-03,OPINION_OTHER,,False,,,,,,NOT_CHECKABLE,No crypto asset mentioned,NOT_SCORED,False,bitcoin,0.85,1.76,-0.79
t1_p1uk29g,t3_1vg48ll,derbyfan1,Now we will find out if it really is wife changing money.,Now we will find out if it really is wife changing money or if it is just another form of cryptocurrency manipulation.,2026-08-05T11:04:44.735Z,cryptocurrency,2026-08-05T11:04:44.735Z,2026-08-05,2026-08-03,OPINION_OTHER,bitcoin,True,,,,,,NOT_CHECKABLE,bitcoin mentioned but no price direction or number,NOT_SCORED,False,bitcoin,0.85,1.76,-0.79
t1_p1u1uvp,t3_1vg48ll,sigh_duck,The coins ended up on Binance. I would reach out but pretty hard to prove it was hacked right.,The coins ended up on Binance. I would reach out but pretty hard to prove it was hacked right.,2026-08-05T11:04:44.735Z,cryptocurrency,2026-08-05T11:04:44.735Z,2026-08-05,2026-08-03,EVENT_NEWS,,False,,,,,,NOT_CHECKABLE,No crypto asset mentioned,NOT_SCORED,False,bitcoin,0.85,1.76,-0.79
t1_p1tzzkj,t3_1vg48ll,Confident-Lettuce-29,There's nothing left man. It's all gone.,There's nothing left man. It's all gone.,2026-08-05T11:04:44.735Z,cryptocurrency,2026-08-05T11:04:44.735Z,2026-08-05,2026-08-03,OPINION_OTHER,,False,,,,,,NOT_CHECKABLE,No crypto asset mentioned,NOT_SCORED,False,bitcoin,0.85,1.76,-0.79
t1_p1u54qm,t3_1vg48ll,unknowngloomth,"This is why splitting your assets into different wallets is important than putting your assets in one single wallet. I swear, people are extremely naive. It's even naive asking for guidance from strangers specifically strangers from fucking Reddit. FFS.. brutal","This is why splitting your assets into different wallets is important, as it provides you with more strategic and effective financial advice. I swear, people are extremely naive. It's even naive asking for guidance from strangers specifically strangers from fucking Reddit. FFS..",2026-08-05T11:04:44.735Z,cryptocurrency,2026-08-05T11:04:44.735Z,2026-08-05,2026-08-03,OPINION_OTHER,,False,,,,,,NOT_CHECKABLE,No crypto asset mentioned,NOT_SCORED,False,bitcoin,0.85,1.76,-0.79
t1_p1tzjxt,t3_1vg48ll,Fenderstratguy,Occurrences like this is why I doubt crypto will be adopted by the masses. Sorry for your loss - it is gone.,Occurrences like this are why I doubt crypto will ever see widespread adoption. Sorry for your loss - it is gone.,2026-08-05T11:04:44.735Z,cryptocurrency,2026-08-05T11:04:44.735Z,2026-08-05,2026-08-03,OPINION_OTHER,bitcoin,True,,,,,,NOT_CHECKABLE,bitcoin mentioned but no price direction or number,NOT_SCORED,False,bitcoin,0.85,1.76,-0.79
t1_p1u8fmv,t3_1vg48ll,PMmeuroneweirdtrick,"The second worst part is all the easy gains are gone. You're better off in equities. Crypto won't make you rich anymore, it won't even outperform the market enough to offset the risk.","The second worst part is all the easy gains are gone. Crypto won't make you rich anymore, it won't even outperform the market enough to offset the risk. You're better off in equities.",2026-08-05T11:04:44.735Z,cryptocurrency,2026-08-05T11:04:44.735Z,2026-08-05,2026-08-03,OPINION_OTHER,bitcoin,True,,,,,,NOT_CHECKABLE,bitcoin mentioned but no price direction or number,NOT_SCORED,False,bitcoin,0.85,1.76,-0.79
t1_p1una5o,t3_1vg48ll,mountain_bound,"After a 30 year career in the tech industry and raising a family in an expensive part of the world I always found myself too scattered and stressed to get into BTC. This often made me feel like I missed a great opportunity.

But as I go to sell my house the 146% appreciation over 11 years coupled with the state of crypto now has erased most of that FOMO.","After a 30 year career in the tech industry and raising a family in an expensive part of the world, Bitcoin has experienced a significant 146% appreciation, erasing any FOMO that might have existed. 
Uptrend: Bitcoin.",2026-08-05T11:04:44.735Z,cryptocurrency,2026-08-05T11:04:44.735Z,2026-08-05,2026-08-03,NUMERIC_PERCENT,bitcoin,False,UP,146.0,UP,0.85,0.85,INACCURATE,"Claimed +146.0%, bitcoin moved +0.85% (off by 145.2 points)",INACCURATE,True,bitcoin,0.85,1.76,-0.79
t1_p1v6jc2,t3_1vg48ll,tribepride25,"Good call! It’s been a stressful 10 years or so for me. Lost everything in Voyager, bought back some, and now there are constant daily threats of hackers trying to steal what you have. I still think BTC is a good long term investment and will continue to beat the S&P over time, but I would only recommend investing in one of the ETFs in a brokerage account instead of buying BTC directly","Bitcoin is still a good long-term investment and will continue to beat the S&P over time, but I would recommend investing in one of the ETFs in a brokerage account instead of buying BTC directly.Good call!",2026-08-05T11:04:44.735Z,cryptocurrency,2026-08-05T11:04:44.735Z,2026-08-05,2026-08-03,OPINION_OTHER,bitcoin,False,,,,,,NOT_CHECKABLE,bitcoin mentioned but no price direction or number,NOT_SCORED,False,bitcoin,0.85,1.76,-0.79
t1_p1umvqk,t3_1vg48ll,Big-Finding2976,You could have got 13x if you bought ZEC a year ago. SPY has done 22% in that time. QQQ 28%.,"You could have got 13x if you bought ZECBinance Coin a year ago, and it has experienced a 28% increase in value. SPY has done 22% in that time. QQQ 28%.",2026-08-05T11:04:44.735Z,cryptocurrency,2026-08-05T11:04:44.735Z,2026-08-05,2026-08-03,OPINION_OTHER,,False,,,,,,NOT_CHECKABLE,No crypto asset mentioned,NOT_SCORED,False,bitcoin,0.85,1.76,-0.79
t1_p1u3ois,t3_1vg48ll,Mythechnical,"The momentum disappeared from crypto when President Trump started pushing it and for US institutional domination in the field.

I think all big fish realize that all crypto is only going to go downwards from here, thus all these big scams and hacks were seeing take place now.","The momentum disappeared from crypto when President Trump pushed for US institutional domination, causing fear and negative sentiment in the market.I think all big fish realize that all crypto is only going to go downwards from here, thus all these big scams and hacks were seeing take place.",2026-08-05T11:04:44.735Z,cryptocurrency,2026-08-05T11:04:44.735Z,2026-08-05,2026-08-03,OPINION_OTHER,bitcoin,True,,,,,,NOT_CHECKABLE,bitcoin mentioned but no price direction or number,NOT_SCORED,False,bitcoin,0.85,1.76,-0.79
t1_p1w7kn3,t3_1vg48ll,HKBFG,"From an outsider perspective, this seems to be the designed point of crypto. No system is built this insecure by accident.","From an outsider perspective, this seems to be the designed point of crypto. No system is built this insecure by accident.",2026-08-05T11:04:44.735Z,cryptocurrency,2026-08-05T11:04:44.735Z,2026-08-05,2026-08-03,OPINION_OTHER,bitcoin,True,,,,,,NOT_CHECKABLE,bitcoin mentioned but no price direction or number,NOT_SCORED,False,bitcoin,0.85,1.76,-0.79
t1_p1uv6gu,t3_1vg48ll,TheLazyD0G,Buttcoin has invaded and taken over r/cryptocurrency.,Buttcoin has invaded r/cryptocurrency.,2026-08-05T11:04:44.735Z,cryptocurrency,2026-08-05T11:04:44.735Z,2026-08-05,2026-08-03,OPINION_OTHER,bitcoin,True,,,,,,NOT_CHECKABLE,bitcoin mentioned but no price direction or number,NOT_SCORED,False,bitcoin,0.85,1.76,-0.79
t1_p1yifik,t3_1vg48ll,ArthurCBark,"OP said he had the money in USDC, it's baffling why he wouldn't just have it in the bank. Unless he was using it to trade or dip into to buy crypto.","OP said he had the money in USDC, but it's unclear if he was using it for trading or buying crypto.",2026-08-05T11:04:44.735Z,cryptocurrency,2026-08-05T11:04:44.735Z,2026-08-05,2026-08-03,OPINION_OTHER,bitcoin,True,,,,,,NOT_CHECKABLE,bitcoin mentioned but no price direction or number,NOT_SCORED,False,bitcoin,0.85,1.76,-0.79
t1_p1up05f,t3_1vg48ll,Rabid_Mexican,Even buying ETFs with a wedding fund is completely retarded,"Even buying ETFs with a wedding fund is completely retarded, according to recent analysis.",2026-08-05T11:04:44.735Z,cryptocurrency,2026-08-05T11:04:44.735Z,2026-08-05,2026-08-03,OPINION_OTHER,,False,,,,,,NOT_CHECKABLE,No crypto asset mentioned,NOT_SCORED,False,bitcoin,0.85,1.76,-0.79
t1_p1u622g,t3_1vg48ll,stories_from_tejas,"Really sorry this happened to you OP, I think providing a little bit more information as to how they got your account information would be beneficial instead of making it appear like somebody hacked into your account. I would caution anyone reading this to invest in things like IBIT if you’re attempting to speculate on the price of bitcoin. It’s very easy to keep your money in legitimate banks or places like Fidelity, if you want your money to grow. If you’re trying to spend crypto, you can just deposit the funds and convert it for the individual transactions, which for most people would be almost never.","The text discusses a situation where someone accessed your account information but advised against investing in cryptocurrencies like Bitcoin, due to security risks. 
Downtrend: Bitcoin.",2026-08-05T11:04:44.735Z,cryptocurrency,2026-08-05T11:04:44.735Z,2026-08-05,2026-08-03,TREND,bitcoin,False,DOWN,,UP,0.85,0.85,CONTRADICTED,"Claimed DOWN, market UP +0.85%",INACCURATE,True,bitcoin,0.85,1.76,-0.79
t1_p1u49i9,t3_1vg48ll,Lufia321,"This is what they mean when they get hacked. If it was a real hack, it'd be on the news.","This is what they mean when they say they've been hacked. If it was a real hack, it'd be on the news.",2026-08-05T11:04:44.735Z,cryptocurrency,2026-08-05T11:04:44.735Z,2026-08-05,2026-08-03,EVENT_NEWS,,False,,,,,,NOT_CHECKABLE,No crypto asset mentioned,NOT_SCORED,False,bitcoin,0.85,1.76,-0.79
t1_p1uo452,t3_1vg48ll,stephenph,"Sometimes it is a real hack. The recent coldcash issue was due to bad firmware and hackers figuring out they keys.

Of course the company had recommendations that most of the losers ignored.",Sometimes it is a real hack. The recent coldcash issue was due to bad firmware and hackers figuring out they keys.Of course the company had recommendations that most of the losers ignored.,2026-08-05T11:04:44.735Z,cryptocurrency,2026-08-05T11:04:44.735Z,2026-08-05,2026-08-03,EVENT_NEWS,,False,,,,,,NOT_CHECKABLE,No crypto asset mentioned,NOT_SCORED,False,bitcoin,0.85,1.76,-0.79
t1_p1yia5w,t3_1vg48ll,Drakoolya,After all these years People have huge amounts of savings in crypto is what blows my mind. Even Planb one of the biggest bitcoin bulls have moved to ETF's and away from personal holdings. Stealing crypto is easier than stealing gold from your safe these days.,"After all these years people are increasingly moving their crypto holdings into ETFs, while Bitcoin sees a shift towards long-term investors. Even Planb one of the biggest bitcoin bulls has moved to ETF's.",2026-08-05T11:04:44.735Z,cryptocurrency,2026-08-05T11:04:44.735Z,2026-08-05,2026-08-03,EVENT_NEWS,bitcoin,False,,,,,,NOT_CHECKABLE,bitcoin news/event - not checkable with price data,NOT_SCORED,False,bitcoin,0.85,1.76,-0.79
t1_p1xlc4d,t3_1vg48ll,FederalMonitor8187,Meta mask is most insecure platform. I lost a ton on metamask.,Meta mask is most insecure platform. I lost a ton on metamask.,2026-08-05T11:04:44.735Z,cryptocurrency,2026-08-05T11:04:44.735Z,2026-08-05,2026-08-03,OPINION_OTHER,,False,,,,,,NOT_CHECKABLE,No crypto asset mentioned,NOT_SCORED,False,bitcoin,0.85,1.76,-0.79
t1_p27dycl,t3_1vhcvpk,Romanizer,"If your goal is to make money, you sell for as much as possible, not $100. For any other goals, you also hold longer. Anyone who sold for $100 didn't understand what Bitcoin is.","If your goal is to make money, you sell for as much as possible, not $100. For any other goals, you also hold longer. Anyone who sold for $100 didn't understand what Bitcoin is.",2026-08-06T18:42:09.819Z,cryptocurrency,2026-08-06T18:42:09.819Z,2026-08-06,2026-08-03,PREDICTION,bitcoin,False,,,,,,NOT_CHECKABLE,Price prediction (future-tense) - can't be scored at posting time,NOT_SCORED,False,bitcoin,-0.52,1.29,-1.85
t1_p24hhun,t3_1vhcvpk,unknowngloomth,"These kind of posts are fucking stupid and low IQ. ""Joe bought 1k BTC back in 2009"" or ""jonh sold 100btc in 2010"" blablablabla so what? Nobody knew it BTC was gonna be a big deal, dude. I doubt that you'd have held BTC back then.. There's a bunch of alts right now with good tech such as KASPA down to 90% from its ATHs. I doubt you will buy and hold them.","These kind of posts are stupid and low IQ. ""Joe bought 1k BTC back in 2009"" or ""jonh sold 100btc in 2010"" is not about cryptocurrency trends.",2026-08-06T18:42:09.819Z,cryptocurrency,2026-08-06T18:42:09.819Z,2026-08-06,2026-08-03,TREND,bitcoin,False,DOWN,,DOWN,-0.52,-0.52,VERIFIED,bitcoin was DOWN -0.52% over 1d,ACCURATE,True,bitcoin,-0.52,1.29,-1.85
t1_p29k68c,t3_1vhcvpk,unknowngloomth,Yeah now that BTC is mainstream and is going through adoption. Its rois will be low and or insignificant for retails and that's why alts is a thing. But it doesn't mean alts will thrive the way BTC did. But still...,"Bitcoin is experiencing mainstream adoption and is expected to thrive alongside altcoins, although its rois may be low and insignificant for retails.Yeah now that Bitcoin is mainstream, altcoins may thrive alongside it. But it doesn't mean alts will thrive the way BTC did.",2026-08-06T18:42:09.819Z,cryptocurrency,2026-08-06T18:42:09.819Z,2026-08-06,2026-08-03,OPINION_OTHER,bitcoin,False,,,,,,NOT_CHECKABLE,bitcoin mentioned but no price direction or number,NOT_SCORED,False,bitcoin,-0.52,1.29,-1.85
t1_p24cra4,t3_1vhcvpk,Bagmasterflash,"To those of us who still believe bitcoin is cash and practice spend & replace, this is a nothingburger.","To those of us who still believe bitcoin is cash and practice spend & replace, this is a nothingburger.",2026-08-06T18:42:09.819Z,cryptocurrency,2026-08-06T18:42:09.819Z,2026-08-06,2026-08-03,OPINION_OTHER,bitcoin,False,,,,,,NOT_CHECKABLE,bitcoin mentioned but no price direction or number,NOT_SCORED,False,bitcoin,-0.52,1.29,-1.85
t1_p2ezbmg,t3_1vioacm,Dull_Difference5368,Last week many people said the same thing when it was at 8M market cap but the thing is it’s at 35M rn,"Last week many people said the same thing when it was at 8M market cap, now it's at 35M rn.",2026-08-08T06:14:52.690Z,cryptocurrency,2026-08-08T06:14:52.690Z,2026-08-08,2026-08-03,OPINION_OTHER,,False,,,,,,NOT_CHECKABLE,No crypto asset mentioned,NOT_SCORED,False,bitcoin,0.03,0.53,-2.94
t1_p2fkgnm,t3_1vioacm,mwilliam1263,"If you have low risk tolerance, I wouldn’t buy based solely on a predicted Aug 26 pump. Crypto can move very differently than expected. Research the fundamentals first and only risk what you can afford to lose.","If you have low risk tolerance, I wouldn’t buy based solely on a predicted Aug 26 pump. Research the fundamentals first and only risk what you can afford to lose. Crypto movements are unpredictable.",2026-08-08T06:14:52.690Z,cryptocurrency,2026-08-08T06:14:52.690Z,2026-08-08,2026-08-03,TREND,bitcoin,True,UP,,FLAT,0.03,0.03,INCONCLUSIVE,"Claimed UP, market flat (+0.03%) (generic 'crypto' claim checked against BTC)",NOT_SCORED,False,bitcoin,0.03,0.53,-2.94
t1_p28hxlr,t3_1vhvx6h,GBeastETH,"As long as politicians or their two sons can sell crypto tokens that other people and countries can buy to bribe them or buy pardons, it’s a hard no from me.","As long as politicians or their two sons can sell crypto tokens that other people and countries can buy to bribe them or buy pardons, it's a hard no from me.",2026-08-07T09:34:53.113Z,cryptocurrency,2026-08-07T09:34:53.113Z,2026-08-07,2026-08-03,OPINION_OTHER,bitcoin,True,,,,,,NOT_CHECKABLE,bitcoin mentioned but no price direction or number,NOT_SCORED,False,bitcoin,0.97,1.89,-1.33
t1_p28io7q,t3_1vhvx6h,PMmeuroneweirdtrick,This was never going to pass.,This was never going to pass.,2026-08-07T09:34:53.113Z,cryptocurrency,2026-08-07T09:34:53.113Z,2026-08-07,2026-08-03,OPINION_OTHER,,False,,,,,,NOT_CHECKABLE,No crypto asset mentioned,NOT_SCORED,False,bitcoin,0.97,1.89,-1.33
t1_p2a0hhf,t3_1vhvx6h,The_Bitcoin_Act,"During the recess, there will likely be negotiations between Democrats and Republicans. In addition, the Democrats have introduced another draft of the Clarity Act, which suggests that a potential compromise could be on the table. Personally, and I could be wrong, I don’t think the Clarity Act will pass this year, as it is unlikely to be a top priority when Senate returns from the recess (especially with the midterm elections following not long afterward).","During the recess, there are potential negotiations on the Clarity Act, but I'm not optimistic about passing it this year.",2026-08-07T09:34:53.113Z,cryptocurrency,2026-08-07T09:34:53.113Z,2026-08-07,2026-08-03,OPINION_OTHER,,False,,,,,,NOT_CHECKABLE,No crypto asset mentioned,NOT_SCORED,False,bitcoin,0.97,1.89,-1.33
t1_p2c658u,t3_1vi4e76,TheUltimateSalesman,"After they mistakenly generated a couple billion dollars by mistake, and are supposedly backed by chinese commercial paper, I don't use USDT for stablecoins of my project.","After they mistakenly generated a couple billion dollars by mistake, and are supposedly backed by chinese commercial paper, I don't use USDT for stablecoins anymore.",2026-08-07T15:52:09.780Z,cryptocurrency,2026-08-07T15:52:09.780Z,2026-08-07,2026-08-03,OPINION_OTHER,tether,False,,,,,,NOT_CHECKABLE,tether mentioned but no price direction or number,NOT_SCORED,False,tether,0.04,0.1,-0.0
t1_p2f0meh,t3_1vi4e76,LuckyWinds,"and are supposedly backed by chinese commercial paper

Tether is no longer backed by Chinese commercial paper.",Tether is no longer backed by Chinese commercial paper.,2026-08-07T15:52:09.780Z,cryptocurrency,2026-08-07T15:52:09.780Z,2026-08-07,2026-08-03,OPINION_OTHER,tether,False,,,,,,NOT_CHECKABLE,tether mentioned but no price direction or number,NOT_SCORED,False,tether,0.04,0.1,-0.0
t1_p2czddw,t3_1vi4e76,tw_wombat,Try to bankrun Tether is like trying to short Ai stocks to $0 to give everyone affordable DDR memory.,Try to bankrun Tether is like trying to short Ai stocks to create affordable DDR memory.,2026-08-07T15:52:09.780Z,cryptocurrency,2026-08-07T15:52:09.780Z,2026-08-07,2026-08-03,OPINION_OTHER,tether,False,,,,,,NOT_CHECKABLE,tether mentioned but no price direction or number,NOT_SCORED,False,tether,0.04,0.1,-0.0
t1_p2d9aux,t3_1vi4e76,GEB82,On what blockchain is most of the Tether?,On what blockchain is most of the Tether?,2026-08-07T15:52:09.780Z,cryptocurrency,2026-08-07T15:52:09.780Z,2026-08-07,2026-08-03,OPINION_OTHER,tether,False,,,,,,NOT_CHECKABLE,tether mentioned but no price direction or number,NOT_SCORED,False,tether,0.04,0.1,-0.0
t1_p2ew4pt,t3_1vi4e76,Necessary-Object3006,"Tron, Ethereum second","Tron is currently the second largest cryptocurrency, Ethereum second.",2026-08-07T15:52:09.780Z,cryptocurrency,2026-08-07T15:52:09.780Z,2026-08-07,2026-08-03,OPINION_OTHER,ethereum,False,,,,,,NOT_CHECKABLE,ethereum mentioned but no price direction or number,NOT_SCORED,False,ethereum,0.59,2.32,-0.95
t1_p2cxa9q,t3_1vi4e76,unresolvedthrowaway7,"Yep, Tether's gonna collapse. Aaaaaaaany day now, out of the past 10 years.","Tether is expected to collapse anytime, anytime. Aaaaaaaany day now.",2026-08-07T15:52:09.780Z,cryptocurrency,2026-08-07T15:52:09.780Z,2026-08-07,2026-08-03,OPINION_OTHER,tether,False,,,,,,NOT_CHECKABLE,tether mentioned but no price direction or number,NOT_SCORED,False,tether,0.04,0.1,-0.0
t1_p2cxh4z,t3_1vi4e76,rjm101,Augment is holding a private equity raise for Tether which I considered as I basically think of them a private crypto central bank but I don't see them ever going public so it was a no from me.,"Tether is experiencing a private equity raise which I considered as a no from me. 
Downtrend: Tether.",2026-08-07T15:52:09.780Z,cryptocurrency,2026-08-07T15:52:09.780Z,2026-08-07,2026-08-03,TREND,tether,False,DOWN,,FLAT,0.04,0.04,INCONCLUSIVE,"Claimed DOWN, market flat (+0.04%)",NOT_SCORED,False,tether,0.04,0.1,-0.0
t1_p239g90,t3_1vh6a8b,roamingandy,"That funding was fuelled by the greed of the current economic system, and it has largely produced fuck-all beyond trading.

As that funding became more accessible, projects and the crypto community stopped talking so much about creating change in the real world, and got a bit silly instead.","As that funding became more accessible, projects and the crypto community stopped talking about creating change in the real world, and got a bit silly instead. 
Downtrend: Bitcoin.",2026-08-06T14:45:23.623Z,cryptocurrency,2026-08-06T14:45:23.623Z,2026-08-06,2026-08-03,TREND,bitcoin,False,DOWN,,DOWN,-0.52,-0.52,VERIFIED,bitcoin was DOWN -0.52% over 1d,ACCURATE,True,bitcoin,-0.52,1.29,-1.85
t1_p2aqydn,t3_1vh6a8b,MrKillerKiller_,"The money follows hype. Actual real word value and utility is not needed in crypto, as we all realize after a couple bullruns. You only need something thats appears more valued and better and more promising. This is why projects relied so heavily on roadmaps and those pitch style websites back in the prior bull run that had the blow off top alt season. It was like a gazillion roadmaps and promise charts and then a dev or founder name attached that pseudo legitimized the project in the eyes of the traders. If it followed the larger hype narrative and traders caught wind it was 10x-100x easy. Over and over. Thats the crypto 100x alt coin model. It only can happen when bitcoin surges and traders made huge sudden gains and bitcoin holds sideways for an extended period of time. They get bored and greedy and want to sweeten their bags and start pouring into alts. Yes, its a fact. Alt pumps are simply bitcoin profits pouring in from successful trades, not new investors solely focused on that alt coin.","The text discusses the concept of ""100x alt coins,"" highlighting Bitcoin's dominance and its role as a key factor in the development and success of altcoins. It only can happen when bitcoin surges and traders make huge sudden gains, highlighting its dominance over the market. Alt pumps are simply bitcoin profits pouring",2026-08-06T14:45:23.623Z,cryptocurrency,2026-08-06T14:45:23.623Z,2026-08-06,2026-08-03,OPINION_OTHER,bitcoin,False,,,,,,NOT_CHECKABLE,bitcoin mentioned but no price direction or number,NOT_SCORED,False,bitcoin,-0.52,1.29,-1.85
t1_p235qch,t3_1vh6a8b,KinnerdtheWizard,Solana already exists man.,Solana is not about cryptocurrency trends.,2026-08-06T14:45:23.623Z,cryptocurrency,2026-08-06T14:45:23.623Z,2026-08-06,2026-08-03,OPINION_OTHER,solana,False,,,,,,NOT_CHECKABLE,solana mentioned but no price direction or number,NOT_SCORED,False,solana,-1.87,2.58,2.11
t1_p22veaf,t3_1vh6agi,CipherScarlatti,After reading up about this I'm amazed people actually bought this Blackberry shell Bitcoin only hardware wallet.,After reading up about this I'm amazed people actually bought this Blackberry shell Bitcoin only hardware wallet.,2026-08-06T14:45:37.958Z,cryptocurrency,2026-08-06T14:45:37.958Z,2026-08-06,2026-08-03,TREND,bitcoin,False,UP,,DOWN,-0.52,-0.52,CONTRADICTED,"Claimed UP, market DOWN -0.52%",INACCURATE,True,bitcoin,-0.52,1.29,-1.85
t1_p2a7tcq,t3_1vhjkld,fan_of_hakiksexydays,"I was wondering why crypto barely pumped and is already dropping back, with the job news and every market pumping, and despite all the tail wind this week plus the news of another Iran peace deal.

But then I saw the Clarity Act still wasn't able to pass before the deadline today befor the session break.

That might have cut a lot of the momentum, and got in the way of a rally that could have capitalized on a very bullish week. There goes my hope for my order to hit $67K lol. Maybe I was being too hopeful.

Even Gold, which seemed to have been stuck in a slumber, is up $300 with this week's bullishness.","Bitcoin and Ethereum have shown signs of a potential downtrend despite the recent bullish momentum.
Downtrend: Bitcoin, Ethereum.",2026-08-06T23:01:12.118Z,cryptocurrency,2026-08-06T23:01:12.118Z,2026-08-06,2026-08-03,OPINION_OTHER,bitcoin,False,,,,,,NOT_CHECKABLE,bitcoin mentioned but no price direction or number,NOT_SCORED,False,bitcoin,-0.52,1.29,-1.85
t1_p2ahdb2,t3_1vhjkld,f08g,Bitcoin doesn't need clarity,"Bitcoin doesn't need clarity, it just needs to be understood.",2026-08-06T23:01:12.118Z,cryptocurrency,2026-08-06T23:01:12.118Z,2026-08-06,2026-08-03,OPINION_OTHER,bitcoin,False,,,,,,NOT_CHECKABLE,bitcoin mentioned but no price direction or number,NOT_SCORED,False,bitcoin,-0.52,1.29,-1.85
t1_p29fd2x,t3_1vhjkld,HoldCtrlW,"$1900 ETH rejected, looking to go lower ~$1750","$1900 ETH rejected, looking to go lower ~$1750ETH is experiencing a downtrend with significant resistance around $1750.",2026-08-06T23:01:12.118Z,cryptocurrency,2026-08-06T23:01:12.118Z,2026-08-06,2026-08-03,NUMERIC_PRICE,ethereum,False,DOWN,1900.0,,1902.06,,ACCURATE,"Claimed $1,900, ethereum traded $1,891-$1,918 that day (off by 0.0%)",ACCURATE,True,ethereum,-0.23,1.4,-1.48
t1_p293z80,t3_1vhjkld,Otherwise-Line-9223,I have a feeling that alts will pump today on market open. especially Doge.,I have a feeling that alts will pump today on market open. especially Doge.,2026-08-06T23:01:12.118Z,cryptocurrency,2026-08-06T23:01:12.118Z,2026-08-06,2026-08-03,OPINION_OTHER,,False,,,,,,NOT_CHECKABLE,No crypto asset mentioned,NOT_SCORED,False,bitcoin,-0.52,1.29,-1.85
t1_p28grh9,t3_1vhjkld,LTP-N,"If this is genuine, this is one of the saddest, clingiest and pathetic cuckolding posts I've seen on this subreddit, and that's a hard feat to achieve here.

If it's not, well played, you successfully rage baited me or I completely missed the point of this comment.","If this is genuine, it is one of the saddest, clingiest and pathetic posts on this subreddit, and that's a hard feat to achieve here.If it's not, well played, you successfully rage baited me or I completely missed the point of this comment.",2026-08-06T23:01:12.118Z,cryptocurrency,2026-08-06T23:01:12.118Z,2026-08-06,2026-08-03,OPINION_OTHER,,False,,,,,,NOT_CHECKABLE,No crypto asset mentioned,NOT_SCORED,False,bitcoin,-0.52,1.29,-1.85
t1_p2b4q3v,t3_1vi6jen,benohanlon,In the counter revolution it won’t matter.,In the counter revolution it won’t matter.,2026-08-07T17:10:52.721Z,cryptocurrency,2026-08-07T17:10:52.721Z,2026-08-07,2026-08-03,OPINION_OTHER,,False,,,,,,NOT_CHECKABLE,No crypto asset mentioned,NOT_SCORED,False,bitcoin,0.97,1.89,-1.33
t1_p22a4d9,t3_1vh4b54,Boring-General-1816,I mean you can swap all to rETH and then take stablecoin loans out on AAVE then if the market does well you get a discount on your debt and don't have to report taxes.,"I mean you can swap all your crypto holdings to rETH and then take stablecoin loans out on AAVE, potentially getting a discount on your debt if the market does well.",2026-08-06T13:29:44.118Z,cryptocurrency,2026-08-06T13:29:44.118Z,2026-08-06,2026-08-03,OPINION_OTHER,bitcoin,True,,,,,,NOT_CHECKABLE,bitcoin mentioned but no price direction or number,NOT_SCORED,False,bitcoin,-0.52,1.29,-1.85
t1_p24jgcw,t3_1vh4b54,Civil_Cheesecake439,"The perfect card needs trust, simple fees and no weird extra steps. That’s why I’ve been using Oobit for day to day USDT spending and I am not touching my BTC because it doesnt make sense when i have USDT","The perfect card needs trust, simple fees and no weird extra steps. That's why I've been using Oobit for my USDT spending.  
Uptrend: Tether.",2026-08-06T13:29:44.118Z,cryptocurrency,2026-08-06T13:29:44.118Z,2026-08-06,2026-08-03,TREND,tether,False,UP,,FLAT,0.01,0.01,INCONCLUSIVE,"Claimed UP, market flat (+0.01%)",NOT_SCORED,False,tether,0.01,0.09,-0.01
t1_p2237ok,t3_1vh4b54,HoodFruit,"Whenever an online site accepts crypto, I pay with it. Often sites give a 10-20% discount when paying directly with crypto

Usually stablecoins on ethereum but I also have a bitcoin phoenix hot wallet with lightning. I use whatever is available and it works great

I don’t think about “missing out” on gains when paying with bitcoin. That’s what I have my separate hot wallet for","Whenever an online site accepts crypto, I pay with Bitcoin or Ethereum, using a separate hot wallet to ensure maximum gains. 
Uptrend: Bitcoin, Ethereum.",2026-08-06T13:29:44.118Z,cryptocurrency,2026-08-06T13:29:44.118Z,2026-08-06,2026-08-03,TREND,bitcoin,False,UP,,DOWN,-0.52,-0.52,CONTRADICTED,"Claimed UP, market DOWN -0.52%",INACCURATE,True,bitcoin,-0.52,1.29,-1.85
t1_p22m4yi,t3_1vh4b54,MrSnugs,Kind of. I use my Coinbase credit card daily and pay if off with USDC. Also give me BTC back as a % of money spent.,Kind of. I use my Coinbase credit card daily and pay if off with USDC. Also give me BTC back as a % of money spent.,2026-08-06T13:29:44.118Z,cryptocurrency,2026-08-06T13:29:44.118Z,2026-08-06,2026-08-03,OPINION_OTHER,bitcoin,False,,,,,,NOT_CHECKABLE,bitcoin mentioned but no price direction or number,NOT_SCORED,False,bitcoin,-0.52,1.29,-1.85
t1_p225cy8,t3_1vh4b54,AvailableTie6834,"part of my salary that Im happy to not pay tax for is in bitcoin, so yea.","part of my salary that Im happy to not pay tax for is in bitcoin, so yea.",2026-08-06T13:29:44.118Z,cryptocurrency,2026-08-06T13:29:44.118Z,2026-08-06,2026-08-03,OPINION_OTHER,bitcoin,False,,,,,,NOT_CHECKABLE,bitcoin mentioned but no price direction or number,NOT_SCORED,False,bitcoin,-0.52,1.29,-1.85
t1_p236cnz,t3_1vh4b54,AvailableTie6834,"Why would I ever pay taxes for my BTC? Im not dumb, and the government do not know I possess this BTC in the first place lol.","Why would I ever pay taxes for my BTC? Im not dumb, and the government do not know I possess this BTC in the first place lol.",2026-08-06T13:29:44.118Z,cryptocurrency,2026-08-06T13:29:44.118Z,2026-08-06,2026-08-03,OPINION_OTHER,bitcoin,False,,,,,,NOT_CHECKABLE,bitcoin mentioned but no price direction or number,NOT_SCORED,False,bitcoin,-0.52,1.29,-1.85
t1_p28xxcb,t3_1vhxtvh,NaiveMercury,"Dude this is 100 bucks. I know you are from India, but this is a small amount even by indian standards. Stick to BTC (maybe ETH) and stocks and move on.","Dude this is 100 bucks. I know you are from India, but this is a small amount even by indian standards. Stick to Bitcoin and Ethereum.",2026-08-07T11:19:38.191Z,cryptocurrency,2026-08-07T11:19:38.191Z,2026-08-07,2026-08-03,OPINION_OTHER,bitcoin,False,,,,,,NOT_CHECKABLE,bitcoin mentioned but no price direction or number,NOT_SCORED,False,bitcoin,0.97,1.89,-1.33
t1_p28v7v0,t3_1vhxtvh,ledav3,"98% down, brah, time to either start btc or quit crypto","98% down, brah, time to either start btc or quit crypto.",2026-08-07T11:19:38.191Z,cryptocurrency,2026-08-07T11:19:38.191Z,2026-08-07,2026-08-03,NUMERIC_PERCENT,bitcoin,False,DOWN,-98.0,UP,0.97,0.97,INACCURATE,"Claimed -98.0%, bitcoin moved +0.97% (off by 99.0 points)",INACCURATE,True,bitcoin,0.97,1.89,-1.33
t1_p295q9y,t3_1vhxtvh,ledav3,"This is how you will end up again if you keep chasing shitcoin moonshits brother. Invest for long term or go in the casino literally. Play roulette and try doubling a few times, at least you don't have to wait to end up like this","This is how you will end up again if you keep chasing shitcoin moonshits. Invest for long term or go in the casino literally. Play roulette and try doubling a few times, at least you don't have to wait to end up like this",2026-08-07T11:19:38.191Z,cryptocurrency,2026-08-07T11:19:38.191Z,2026-08-07,2026-08-03,OPINION_OTHER,,False,,,,,,NOT_CHECKABLE,No crypto asset mentioned,NOT_SCORED,False,bitcoin,0.97,1.89,-1.33
t1_p28ye4k,t3_1vhxtvh,FrizzlerOnTheRoof,I would stick with the staples. If you exchange them all for bitcoin you may recover some of your losses in the future.,I would stick with the staples. If you exchange them all for bitcoin you may recover some of your losses in the future.,2026-08-07T11:19:38.191Z,cryptocurrency,2026-08-07T11:19:38.191Z,2026-08-07,2026-08-03,TREND,bitcoin,False,UP,,UP,0.97,0.97,VERIFIED,bitcoin was UP +0.97% over 1d,ACCURATE,True,bitcoin,0.97,1.89,-1.33
t1_p29bsqz,t3_1vhxtvh,Previous_Valuable873,Everything is a shitcoin but Monero.,Everything is a shitcoin but Monero.,2026-08-07T11:19:38.191Z,cryptocurrency,2026-08-07T11:19:38.191Z,2026-08-07,2026-08-03,OPINION_OTHER,,False,,,,,,NOT_CHECKABLE,No crypto asset mentioned,NOT_SCORED,False,bitcoin,0.97,1.89,-1.33
t1_p2aaaqs,t3_1vhw23u,Financial_Clue_2534,They still need to pass a budget which will most likely be another CR. Once that’s done then they have to figure out the reconciliation bill. Then they can do the clarity act.,They still need to pass a budget which will most likely be another CR. Once that's done then they have to figure out the reconciliation bill. Then they can do the clarity act.,2026-08-07T09:43:01.278Z,cryptocurrency,2026-08-07T09:43:01.278Z,2026-08-07,2026-08-03,OPINION_OTHER,,False,,,,,,NOT_CHECKABLE,No crypto asset mentioned,NOT_SCORED,False,bitcoin,0.97,1.89,-1.33
t1_p29r4oz,t3_1vhrkqx,Revolutionary-Cup78,"Don't do ""what they say"", understand the networks you are invested in. Without a baseline you can't tell the noise from the scam and the wisdom (and in the crypto space there is a LOT of noise and scam)","Don't do ""what they say,"" understand the networks you are invested in. Without a baseline you can't tell the noise from the scam and the wisdom in the crypto space.",2026-08-07T05:20:16.640Z,cryptocurrency,2026-08-07T05:20:16.640Z,2026-08-07,2026-08-03,OPINION_OTHER,bitcoin,True,,,,,,NOT_CHECKABLE,bitcoin mentioned but no price direction or number,NOT_SCORED,False,bitcoin,0.97,1.89,-1.33
t1_p2cq2yj,t3_1vhrkqx,trufin2038,Bitcoin has a max strength of 128 bits. 24 words is too much by double.,Bitcoin has a max strength of 128 bits. 24 words is too much by double.,2026-08-07T05:20:16.640Z,cryptocurrency,2026-08-07T05:20:16.640Z,2026-08-07,2026-08-03,OPINION_OTHER,bitcoin,False,,,,,,NOT_CHECKABLE,bitcoin mentioned but no price direction or number,NOT_SCORED,False,bitcoin,0.97,1.89,-1.33
t1_p27m4h5,t3_1vhrkqx,b0uncyfr0,Would it be easier (better?) to run bitcoin core yourself and generate a private key?,Would it be easier (better?) to run bitcoin core yourself and generate a private key?,2026-08-07T05:20:16.640Z,cryptocurrency,2026-08-07T05:20:16.640Z,2026-08-07,2026-08-03,OPINION_OTHER,bitcoin,False,,,,,,NOT_CHECKABLE,bitcoin mentioned but no price direction or number,NOT_SCORED,False,bitcoin,0.97,1.89,-1.33
t1_p28r08j,t3_1vhqhca,Borax,"Bitcoin is VERY traceable, arguably the most traceable transaction medium ever conceived. It is the ultimate surveillance tool.

Sometimes it can be tricky linking the transactions to a person cashing out to other currencies.","Bitcoin is VERY traceable, arguably the most traceable transaction medium ever conceived. It is the ultimate surveillance tool.Sometimes it can be tricky linking the transactions to other currencies.",2026-08-07T04:22:09.237Z,cryptocurrency,2026-08-07T04:22:09.237Z,2026-08-07,2026-08-03,OPINION_OTHER,bitcoin,False,,,,,,NOT_CHECKABLE,bitcoin mentioned but no price direction or number,NOT_SCORED,False,bitcoin,0.97,1.89,-1.33
t1_p27ax7i,t3_1vhqhca,UpbeatFix7299,"Still no solution for the $5 wrench attack. All these bitcoin maxis obsessing about how secure it is because no one can do a Matthew Broderick in Wargames on it. When that's never the vulnerability in any financial system.

It's social engineering, coercion, scams, and other human malfeasance which bitcoin does nothing to solve.","Bitcoin is facing a recurring challenge as it fails to solve social engineering, coercion, and other human malfeasance in the financial system. All these bitcoin maxis obsessing about how secure it is because no one can do a Matthew Broderick in Wargames on it. When that's",2026-08-07T04:22:09.237Z,cryptocurrency,2026-08-07T04:22:09.237Z,2026-08-07,2026-08-03,OPINION_OTHER,bitcoin,False,,,,,,NOT_CHECKABLE,bitcoin mentioned but no price direction or number,NOT_SCORED,False,bitcoin,0.97,1.89,-1.33
t1_p282joy,t3_1vhqhca,krste1point0,In literally any country in Europe you can buy a gun and even have a concealed carry permit. You just can't go in walmart and buy it.,In literally any country in Europe you can buy a gun and even have a concealed carry permit. You just can't go in walmart and buy it.,2026-08-07T04:22:09.237Z,cryptocurrency,2026-08-07T04:22:09.237Z,2026-08-07,2026-08-03,OPINION_OTHER,,False,,,,,,NOT_CHECKABLE,No crypto asset mentioned,NOT_SCORED,False,bitcoin,0.97,1.89,-1.33
t1_p2970rs,t3_1vhqhca,whisperedstate,"There is a solution. Bitcoin just has nothing to do with it. Ethereum already has the ability to create smart contract wallets with guardians. So you can get your bank or some other trusted institution to be one of your guardians for example with no seed phrase. You can have as many guardians as you want, up to a practcal limit, and who the guardians are can remain secret. You could program the wallet such that you can make transactions under a certain amount, and then moving a large amount requires your guardians to approve. There are definitely solutions to this problem that don't force people to give all of their control back to banks, but not if you are a Bitcoin maxi, then you're fucked in the long run no matter what.","There is a solution. Ethereum already has the ability to create smart contract wallets with guardians. You could program the wallet such that you can make transactions under a certain amount, and then moving a large amount requires your guardians to approve. So you can get your bank or other trusted institution to be one of your",2026-08-07T04:22:09.237Z,cryptocurrency,2026-08-07T04:22:09.237Z,2026-08-07,2026-08-03,TREND,ethereum,False,UP,,UP,0.59,0.59,VERIFIED,ethereum was UP +0.59% over 1d,ACCURATE,True,ethereum,0.59,2.32,-0.95
t1_p2cdil6,t3_1vichpd,RazzmatazzFair5320,That’s a really cool idea thank you. I hadn’t considered that yet I will look into implementing something like that within the next few days.,"That's a really cool idea thank you. I hadn’t considered that yet, but it seems like a promising idea. I will look into implementing something similar in the near future.",2026-08-07T20:53:47.037Z,cryptocurrency,2026-08-07T20:53:47.037Z,2026-08-07,2026-08-03,OPINION_OTHER,,False,,,,,,NOT_CHECKABLE,No crypto asset mentioned,NOT_SCORED,False,bitcoin,0.97,1.89,-1.33
t1_p2fkmd4,t3_1vi4v18,mwilliam1263,"Interesting use of blockchain beyond finance. Using verifiable digital identity could improve transparency, security, and trust in organ transplant systems while protecting sensitive patient data.","Interesting use of blockchain technology in organ transplant systems highlights potential improvements in transparency, security, and trust.",2026-08-07T16:09:26.352Z,cryptocurrency,2026-08-07T16:09:26.352Z,2026-08-07,2026-08-03,OPINION_OTHER,,False,,,,,,NOT_CHECKABLE,No crypto asset mentioned,NOT_SCORED,False,bitcoin,0.97,1.89,-1.33
t1_p2ejoyd,t3_1vifjz5,fan_of_hakiksexydays,"Major Bitcoin miners are starting to report massive losses for the past quarter.

Including MARA (one of the top 5) down 27%, with a net quarterly loss of over $600 Million.

Some of these miners have started to have their Bitcoin holdings reduced in their treasury as they are getting desperate for cash.

We've started seeing exchanges struggle and a few even go out, and now we're starting to see cracks with miners.","Major Bitcoin miners are reporting significant losses, leading to concerns about a potential downtrend for Bitcoin as exchanges struggle and miners reduce holdings.
Downtrend: Bitcoin.",2026-08-07T23:00:38.110Z,cryptocurrency,2026-08-07T23:00:38.110Z,2026-08-07,2026-08-03,TREND,bitcoin,False,DOWN,,UP,0.97,0.97,CONTRADICTED,"Claimed DOWN, market UP +0.97%",INACCURATE,True,bitcoin,0.97,1.89,-1.33
t1_p2ec92v,t3_1vifjz5,devCheckingIn,ETF inflows every day this week! 🤩,"ETF inflows have hit a new record high this week with $1.7 billion in inflows, indicating positive momentum.",2026-08-07T23:00:38.110Z,cryptocurrency,2026-08-07T23:00:38.110Z,2026-08-07,2026-08-03,EVENT_NEWS,,False,,,,,,NOT_CHECKABLE,No crypto asset mentioned,NOT_SCORED,False,bitcoin,0.97,1.89,-1.33
t1_p270tp9,t3_1vhiti7,HSuke,"If replay attacks work (i.e. if the ChainID is the same), if you send from your address to another address, anyone can force you to do the same Tx on Bitcoin.

100% chance of losing your Bitcoin the moment you try to sell and transfer your eCash.","100% chance of losing your Bitcoin the moment you try to sell and transfer your eCash.If replay attacks work, there is no way to recover your Bitcoin.",2026-08-06T22:29:47.471Z,cryptocurrency,2026-08-06T22:29:47.471Z,2026-08-06,2026-08-03,NUMERIC_PERCENT,bitcoin,False,UP,100.0,DOWN,-0.52,-0.52,INACCURATE,"Claimed +100.0%, bitcoin moved -0.52% (off by 100.5 points)",INACCURATE,True,bitcoin,-0.52,1.29,-1.85
t1_p272nz2,t3_1vhiti7,xuncx,If it works any way like the BCash fork did you just have to move your btc to a new wallet before interacting with the new coin. Idk tho.,If it works any way like the BCash fork did you just have to move your btc to a new wallet before interacting with the new coin? Seems like a pretty straightforward process. Idk tho.,2026-08-06T22:29:47.471Z,cryptocurrency,2026-08-06T22:29:47.471Z,2026-08-06,2026-08-03,EVENT_NEWS,bitcoin,False,,,,,,NOT_CHECKABLE,bitcoin news/event - not checkable with price data,NOT_SCORED,False,bitcoin,-0.52,1.29,-1.85
t1_p2888il,t3_1vhiti7,berepere,"only operate on the fork chain with wallets that were emptied on the original chain.

That is, first move your BTC to fresh new addresses. Then shove the now-empty BTC private keys into any dirty fork you like. The only problem is when there's more than one fork at the same time (and even then your BTC is safe, only the forks are exposed to each other), but that's apparently not the case here.","The text discusses how to safely move your Bitcoin to new addresses on the fork chain while ensuring that your private keys remain safe when transactions occur on multiple forks. 
Uptrend: Bitcoin.",2026-08-06T22:29:47.471Z,cryptocurrency,2026-08-06T22:29:47.471Z,2026-08-06,2026-08-03,TREND,bitcoin,False,UP,,DOWN,-0.52,-0.52,CONTRADICTED,"Claimed UP, market DOWN -0.52%",INACCURATE,True,bitcoin,-0.52,1.29,-1.85
t1_p2bmqwj,t3_1vi5fej,farcry_x1z,"When ETH finally decides to pump, LINK will go parabolic","When ETH finally decides to pump, its price is expected to go parabolic.",2026-08-07T16:30:02.429Z,cryptocurrency,2026-08-07T16:30:02.429Z,2026-08-07,2026-08-03,TREND,ethereum,False,UP,,UP,0.59,0.59,VERIFIED,ethereum was UP +0.59% over 1d,ACCURATE,True,ethereum,0.59,2.32,-0.95
t1_p2dx26y,t3_1vi5fej,077,chainlink might be the biggest working scam in crypto. one of the few ICOs not to fail but all revenue just goes to the company instead of into the token lol,chainlink might be the biggest working scam in crypto. one of the few ICOs not to fail but all revenue goes to the company instead of into the token.,2026-08-07T16:30:02.429Z,cryptocurrency,2026-08-07T16:30:02.429Z,2026-08-07,2026-08-03,OPINION_OTHER,bitcoin,True,,,,,,NOT_CHECKABLE,bitcoin mentioned but no price direction or number,NOT_SCORED,False,bitcoin,0.97,1.89,-1.33
t1_p25ivds,t3_1vhi65p,otherwisemilk,“Zero gas fees” is misleading. The gas fee didn’t disappear. You just moved it to your backend. Someone still has to pay Base to settle those transactions. Why dont you use actual feeless crypto like Nano that settles on the base layer instantly?,“Zero gas fees” is misleading. Someone still has to pay for the service to settle those transactions. Why dont you use actual feeless crypto like Nano that settles on the base layer instantly?,2026-08-06T22:02:54.561Z,cryptocurrency,2026-08-06T22:02:54.561Z,2026-08-06,2026-08-03,OPINION_OTHER,bitcoin,True,,,,,,NOT_CHECKABLE,bitcoin mentioned but no price direction or number,NOT_SCORED,False,bitcoin,-0.52,1.29,-1.85
t1_p2e3a5z,t3_1vik55v,El_Suprrremo,The further Trump gets from crypto the better.,"The further Trump gets from crypto, the better.",2026-08-08T02:37:48.362Z,cryptocurrency,2026-08-08T02:37:48.362Z,2026-08-08,2026-08-03,OPINION_OTHER,bitcoin,True,,,,,,NOT_CHECKABLE,bitcoin mentioned but no price direction or number,NOT_SCORED,False,bitcoin,0.03,0.53,-2.94
t1_p2entxo,t3_1vik55v,magicdude4eva,Not sure about Binance anymore since they are not getting licenses in Europe. I moved to Kraken and Bitpanda.,Not sure about Binance anymore since they are not getting licenses in Europe. I moved to Kraken and Bitpanda.,2026-08-08T02:37:48.362Z,cryptocurrency,2026-08-08T02:37:48.362Z,2026-08-08,2026-08-03,OPINION_OTHER,,False,,,,,,NOT_CHECKABLE,No crypto asset mentioned,NOT_SCORED,False,bitcoin,0.03,0.53,-2.94
t1_p2en99q,t3_1vik55v,Yasai101,good. fuck em. hope they go bancrupt,good. fuck em. hope they go bancrupt,2026-08-08T02:37:48.362Z,cryptocurrency,2026-08-08T02:37:48.362Z,2026-08-08,2026-08-03,OPINION_OTHER,,False,,,,,,NOT_CHECKABLE,No crypto asset mentioned,NOT_SCORED,False,bitcoin,0.03,0.53,-2.94
t1_p2a7l0o,t3_1vi3osf,commandrix,Rug pulls in crypto predate Trump's involvement; it's nothing new. And they'll probably keep happening for as long as there's runaway greed in the crypto space. What was different was that it was an actual freaking U.S. president doing it.,Rug pulls in crypto predate Trump's involvement; they're nothing new. And they'll probably continue to happen as long as there's runaway greed in the crypto space. What was different was that it was an actual freaking U.S. president doing it.,2026-08-07T15:25:45.206Z,cryptocurrency,2026-08-07T15:25:45.206Z,2026-08-07,2026-08-03,OPINION_OTHER,bitcoin,True,,,,,,NOT_CHECKABLE,bitcoin mentioned but no price direction or number,NOT_SCORED,False,bitcoin,0.97,1.89,-1.33
t1_p2addsc,t3_1vi3osf,IndustrialPuppetTwo,"Crypto has been doing a good job tainting itself long before Dumps meme coin. He only did what he does best, make things worse.","Crypto has been doing a good job tainting itself long before Dumps meme coin. He only did what he does best, make things worse.",2026-08-07T15:25:45.206Z,cryptocurrency,2026-08-07T15:25:45.206Z,2026-08-07,2026-08-03,OPINION_OTHER,bitcoin,True,,,,,,NOT_CHECKABLE,bitcoin mentioned but no price direction or number,NOT_SCORED,False,bitcoin,0.97,1.89,-1.33
t1_p2fegpl,t3_1vi3osf,Mythechnical,"Getting the US government & institutions into crypto is a little bit anathema to the whole vibe of crypto though, especially when the leader of USA is a grifter.","Getting the US government into crypto is a little bit anathema to the whole vibe of crypto, especially when the leader of the USA is a grifter.",2026-08-07T15:25:45.206Z,cryptocurrency,2026-08-07T15:25:45.206Z,2026-08-07,2026-08-03,OPINION_OTHER,bitcoin,True,,,,,,NOT_CHECKABLE,bitcoin mentioned but no price direction or number,NOT_SCORED,False,bitcoin,0.97,1.89,-1.33
t1_p2c7bh5,t3_1vi3osf,cdeussen,"Considering Bitcoin is down around 50% from all ATH, I believe it is done. I moved all of my bitcoin, except a nominal amount used for gambling sites, to AI stocks 18-24 months ago and happy I did.","Bitcoin is experiencing a significant downtrend as it has declined around 50% from all-time highs. I moved all of my bitcoin, except a nominal amount used for gambling sites, to AI stocks 18-24 months ago and happy I did.",2026-08-07T15:25:45.206Z,cryptocurrency,2026-08-07T15:25:45.206Z,2026-08-07,2026-08-03,NUMERIC_PERCENT,bitcoin,False,DOWN,-50.0,UP,0.97,0.97,INACCURATE,"Claimed -50.0%, bitcoin moved +0.97% (off by 51.0 points)",INACCURATE,True,bitcoin,0.97,1.89,-1.33
t1_p2c7pnf,t3_1vi3osf,cosmicselva,"If you’re judging btc being -50% from ath, I wager you’re fairly new to crypto","If you’re judging btc being -50% from ath, I wager you're fairly new to crypto.",2026-08-07T15:25:45.206Z,cryptocurrency,2026-08-07T15:25:45.206Z,2026-08-07,2026-08-03,OPINION_OTHER,bitcoin,False,,,,,,NOT_CHECKABLE,bitcoin mentioned but no price direction or number,NOT_SCORED,False,bitcoin,0.97,1.89,-1.33
t1_p2ae5g6,t3_1vi3osf,cdeussen,"Now that Silk Road is gone, I don’t see a real use for crypto. It seems to be used primarily for scams and illegal activities.","Now that Silk Road is gone, I don’t see a real use for crypto. It seems to be used primarily for scams and illegal activities.",2026-08-07T15:25:45.206Z,cryptocurrency,2026-08-07T15:25:45.206Z,2026-08-07,2026-08-03,OPINION_OTHER,bitcoin,True,,,,,,NOT_CHECKABLE,bitcoin mentioned but no price direction or number,NOT_SCORED,False,bitcoin,0.97,1.89,-1.33
t1_p2at50g,t3_1vi3osf,MrCalabunga,"I mean, I thought this was obvious? Just take a look at the charts around and after his meme coins came out. BTC was at an ATH, ETH was hovering around $3,500, then about a week or two after $TRUMP launches crypto starts receding and has yet to recover? What a weird coincidence.","I mean, I thought this was obvious? Just take a look at the charts around and after his meme coins came out. Bitcoin and Ethereum were at an all-time high when they started receding, suggesting a potential downtrend. 
Downtrend: Bitcoin, Ethereum.",2026-08-07T15:25:45.206Z,cryptocurrency,2026-08-07T15:25:45.206Z,2026-08-07,2026-08-03,TREND,bitcoin,False,DOWN,,UP,0.97,0.97,CONTRADICTED,"Claimed DOWN, market UP +0.97%",INACCURATE,True,bitcoin,0.97,1.89,-1.33
t1_p2di0pi,t3_1vi3osf,supervisionado,"Solana meme casino + Presidential meme scams (Trump in North America, some other irrelevant president in South America, and others)

Those things took a lot of liquidity, momentum, and credibility. It will take years to recover.","Solana's meme casino and presidential meme scams have destroyed significant liquidity, credibility, and value. It will take years to recover.",2026-08-07T15:25:45.206Z,cryptocurrency,2026-08-07T15:25:45.206Z,2026-08-07,2026-08-03,TREND,solana,False,UP,,UP,1.47,1.47,VERIFIED,solana was UP +1.47% over 1d,ACCURATE,True,solana,1.47,2.43,4.96
t1_p2adtuk,t3_1vi3osf,HBRWHammer5,"Yes, and it will be even worse once dems take back power and start the investigations into the coin and all the illegal activity around it.","Yes, and it will be even worse once dems take back power and start the investigations into the coin and its associated illegal activities.",2026-08-07T15:25:45.206Z,cryptocurrency,2026-08-07T15:25:45.206Z,2026-08-07,2026-08-03,OPINION_OTHER,,False,,,,,,NOT_CHECKABLE,No crypto asset mentioned,NOT_SCORED,False,bitcoin,0.97,1.89,-1.33
t1_p2at4xa,t3_1vi3osf,Stunning_Ad8637,"I think you’re assuming people are too stupid to tell the difference. Sure, some of them are just like some people bought Trump cell phones (that never came still right?). The majority of people are not however so really this has no bearing on crypto as a whole. People still buy cell phones despite a Trump phone existing right? Trump tries to make his own brand of everything to rip you off.","The text discusses how people still buy cell phones despite the existence of Donald Trump's fake news website.I think you're assuming people are too stupid to tell the difference. Sure, some of them are just like some people bought Trump cell phones (that never came still right?). The majority of people are not",2026-08-07T15:25:45.206Z,cryptocurrency,2026-08-07T15:25:45.206Z,2026-08-07,2026-08-03,OPINION_OTHER,bitcoin,True,,,,,,NOT_CHECKABLE,bitcoin mentioned but no price direction or number,NOT_SCORED,False,bitcoin,0.97,1.89,-1.33
t1_p2aa7az,t3_1vi3osf,marvinrabbit,"Gosh, that's hard to say. Anyone that was already in crypto knew that this couldn't be anything but a zero value shitcoin. Anyone here didn't change their mind because we knew that it couldn't be any better than that. So we can only consider people that were outside of crypto at the start of the coin. Most of those people that put money in were already Trumpists, so a lot of them wouldn't have changed their mind even when they lost money. Almost zero who didn't like trump in the first place would have put in money. So we're only looking at people that are trump fans, enough to invest money, but not enough that their opinion would be blindly preserved through the process. I gotta think that is a pretty small number overall.","Gosh, that's hard to say. Most of those people that put money in were already Trumpists, so a lot of them wouldn't have changed their minds even when they lost money. Almost zero who didn't like trump in the first place would have put in money. So we're",2026-08-07T15:25:45.206Z,cryptocurrency,2026-08-07T15:25:45.206Z,2026-08-07,2026-08-03,OPINION_OTHER,bitcoin,True,,,,,,NOT_CHECKABLE,bitcoin mentioned but no price direction or number,NOT_SCORED,False,bitcoin,0.97,1.89,-1.33
t1_p2agopd,t3_1vi3osf,Klutzy-Sea-4857,"Both are right, to be honest. Hurt sentiment overall, but BTC fundamentals remain unchanged.","Bitcoin's fundamentals remain unchanged despite the current market sentiment.Both are right, to be honest. Hurt sentiment overall, but BTC fundamentals remain stable.",2026-08-07T15:25:45.206Z,cryptocurrency,2026-08-07T15:25:45.206Z,2026-08-07,2026-08-03,OPINION_OTHER,bitcoin,False,,,,,,NOT_CHECKABLE,bitcoin mentioned but no price direction or number,NOT_SCORED,False,bitcoin,0.97,1.89,-1.33
t1_p2bpj2t,t3_1vi3osf,True-Lychee,"It cemented the reputation of memecoins/shitcoins, but I think the impact on BTC, Eth etc is not catastrophic.",The impact of memecoins/shitcoins on Bitcoin and Ethereum is not considered catastrophic.,2026-08-07T15:25:45.206Z,cryptocurrency,2026-08-07T15:25:45.206Z,2026-08-07,2026-08-03,OPINION_OTHER,bitcoin,False,,,,,,NOT_CHECKABLE,bitcoin mentioned but no price direction or number,NOT_SCORED,False,bitcoin,0.97,1.89,-1.33
t1_p2el111,t3_1vi3osf,jwz9904,"trump was the worst thing that happened to crypto, might as well pardon SBF while he's at it.","Trump's election as president was the worst thing that happened to crypto, might as well pardon SBF while he's at it.",2026-08-07T15:25:45.206Z,cryptocurrency,2026-08-07T15:25:45.206Z,2026-08-07,2026-08-03,OPINION_OTHER,bitcoin,True,,,,,,NOT_CHECKABLE,bitcoin mentioned but no price direction or number,NOT_SCORED,False,bitcoin,0.97,1.89,-1.33
t1_p2881mi,t3_1vhtl4f,DivingDeep21,"Actually, I HAVE been buying less Bitcoin over time....with the same amount of dollars","Actually, I HAVE been buying less Bitcoin over time.",2026-08-07T07:13:41.997Z,cryptocurrency,2026-08-07T07:13:41.997Z,2026-08-07,2026-08-03,OPINION_OTHER,bitcoin,False,,,,,,NOT_CHECKABLE,bitcoin mentioned but no price direction or number,NOT_SCORED,False,bitcoin,0.97,1.89,-1.33
t1_p2a4qi2,t3_1vhtl4f,justcurious3287,"This. The market is SO horrible, has been the last two years, that I find myself just holding my BTC and buying SCHD. For my own mental health.","This. The market is SO horrible, has been the last two years, that I find myself just holding my BTC and buying SCHD. For my own mental health.",2026-08-07T07:13:41.997Z,cryptocurrency,2026-08-07T07:13:41.997Z,2026-08-07,2026-08-03,OPINION_OTHER,bitcoin,False,,,,,,NOT_CHECKABLE,bitcoin mentioned but no price direction or number,NOT_SCORED,False,bitcoin,0.97,1.89,-1.33
t1_p2binc1,t3_1vhtl4f,VarsityCop,Same here. Have my sell orders set around previous ATH’s for both BTC and ETH. Can’t wait to wipe my hands fully clean and transition to 100% VOO/VGT,Same here. Have my sell orders set around previous ATH’s for both BTC and ETH. Can’t wait to wipe my hands fully clean and transition to 100% VOO/VGT,2026-08-07T07:13:41.997Z,cryptocurrency,2026-08-07T07:13:41.997Z,2026-08-07,2026-08-03,OPINION_OTHER,bitcoin,False,,,,,,NOT_CHECKABLE,bitcoin mentioned but no price direction or number,NOT_SCORED,False,bitcoin,0.97,1.89,-1.33
t1_p27y3z1,t3_1vhtl4f,MCL-Jonathan,"I think all due to sentiment too, as all eyes on Ai investment. Once Bitcoin gets back to $100k, retail will come back.","Bitcoin's price needs to reach $100,000 for retail interest to return. Once Bitcoin gets back to $100k, retail will come back.I think all due to sentiment too, as all eyes on Bitcoin as a viable investment.",2026-08-07T07:13:41.997Z,cryptocurrency,2026-08-07T07:13:41.997Z,2026-08-07,2026-08-03,PREDICTION,bitcoin,False,,,,,,NOT_CHECKABLE,Price prediction (future-tense) - can't be scored at posting time,NOT_SCORED,False,bitcoin,0.97,1.89,-1.33
t1_p281lqp,t3_1vhtl4f,janjaas,"No - 8 years in crypto and I find myself becoming BTC maxi. I am going all-in on BTC and buying as hard as I can at the end of this bear market, then enjoying the ride to new ATHs.",No - 8 years in crypto and I find myself becoming a Bitcoin maxi. I am going all-in on BTC and buying as hard as possible at the end of this bear market.,2026-08-07T07:13:41.997Z,cryptocurrency,2026-08-07T07:13:41.997Z,2026-08-07,2026-08-03,OPINION_OTHER,bitcoin,False,,,,,,NOT_CHECKABLE,bitcoin mentioned but no price direction or number,NOT_SCORED,False,bitcoin,0.97,1.89,-1.33
t1_p29xkwh,t3_1vhtl4f,Jenn2895,"Based on Bitcoin’s historical halvings & market cycles, the next macro cycle bottom is projected to occur between Oct-Dec this year. I usually do the bulk of my buying every 4yrs around Thanksgiving to New Years . But will Dca from now until February.","Based on Bitcoin's historical halvings & market cycles, the next macro cycle bottom is projected to occur between Oct-Dec this year, with a focus on buying during this period. I usually do the bulk of my buying every 4yrs around Thanksgiving to New Years . But will likely increase my",2026-08-07T07:13:41.997Z,cryptocurrency,2026-08-07T07:13:41.997Z,2026-08-07,2026-08-03,TREND,bitcoin,False,UP,,UP,0.97,0.97,VERIFIED,bitcoin was UP +0.97% over 1d,ACCURATE,True,bitcoin,0.97,1.89,-1.33
t1_p28ang1,t3_1vhtl4f,walla-bing-bang,"Same DCA as always. Emotionless, frequent, consistent, regular. DCA through a bear into a bull is tremendous viewing. Markets are cyclical. Patience is key.","Same DCA as always. Emotionless, frequent, consistent, regular.",2026-08-07T07:13:41.997Z,cryptocurrency,2026-08-07T07:13:41.997Z,2026-08-07,2026-08-03,OPINION_OTHER,,False,,,,,,NOT_CHECKABLE,No crypto asset mentioned,NOT_SCORED,False,bitcoin,0.97,1.89,-1.33
t1_p28d6ia,t3_1vhtl4f,RecklessStallion9999,"Not really, if anything I’ve gone more aggressively into BTC the last 6-7 months because it feels like it’s a bargain at 50% off minimum. I may slow down when it goes up to 100k again, but not now, now’s the worst time.","Not really, if anything I’ve gone more aggressively into Bitcoin over the past 6-7 months because it feels like a bargain at $50% off minimum. I may slow down when it goes up to 100k again, but not now, now's the worst time.",2026-08-07T07:13:41.997Z,cryptocurrency,2026-08-07T07:13:41.997Z,2026-08-07,2026-08-03,PREDICTION,bitcoin,False,,,,,,NOT_CHECKABLE,Price prediction (future-tense) - can't be scored at posting time,NOT_SCORED,False,bitcoin,0.97,1.89,-1.33
t1_p28ysit,t3_1vhtl4f,Ireallydontknowmans,I was invested in Crypto from 2021-2025. I sold it all in the end of 2025. I dont see BTC making big gains anymore + as much as the president can manipulate and use it for corruption = im out. Been making loads of money in stocks since I liquidated my Crypto,"Bitcoin is not making significant gains as much as the president manipulates and uses it for corruption.  
Downtrend: Bitcoin.",2026-08-07T07:13:41.997Z,cryptocurrency,2026-08-07T07:13:41.997Z,2026-08-07,2026-08-03,TREND,bitcoin,False,DOWN,,UP,0.97,0.97,CONTRADICTED,"Claimed DOWN, market UP +0.97%",INACCURATE,True,bitcoin,0.97,1.89,-1.33
t1_p29noa4,t3_1vhtl4f,stories_from_tejas,"I don’t think any of the past sentiment or models accounted for the entire retail market, abandoning bitcoin. I was a true believer, now I just don’t have any confidence after Melania coin. There was a time where crypto was seen as a legitimate thing, now it’s totally not. I still believe bitcoin sets a new all-time high, but a lot of us in the red wish we would’ve bought the S&P instead","I don’t think any of the past sentiment or models accounted for the entire retail market abandoning Bitcoin. There was a time where crypto was seen as a legitimate thing, now it’s totally not. I was a true believer in Bitcoin and still have some confidence in its future. I still",2026-08-07T07:13:41.997Z,cryptocurrency,2026-08-07T07:13:41.997Z,2026-08-07,2026-08-03,OPINION_OTHER,bitcoin,False,,,,,,NOT_CHECKABLE,bitcoin mentioned but no price direction or number,NOT_SCORED,False,bitcoin,0.97,1.89,-1.33
t1_p29vduz,t3_1vhtl4f,Ireallydontknowmans,"The original idea of bitcoin has honestly never really been used. And now that Michael saylor is just pumping money from investors into the coin and the president of American pumping and dumping it, I’m out",The original idea of Bitcoin is not about cryptocurrency trends.,2026-08-07T07:13:41.997Z,cryptocurrency,2026-08-07T07:13:41.997Z,2026-08-07,2026-08-03,OPINION_OTHER,bitcoin,False,,,,,,NOT_CHECKABLE,bitcoin mentioned but no price direction or number,NOT_SCORED,False,bitcoin,0.97,1.89,-1.33
t1_p2bk2q8,t3_1vhtl4f,Ireallydontknowmans,"I made good money with crypto, I luckily invested in btc/eth and cro during its hype. All the altcoins went to shit. I promised myself that whatever happens to the market, I’m selling in November 2025. I’m so happy that I did so, because everything went another 30-60% down. My lowest performing stock is +10% since then","The cryptocurrency market experienced significant downturns, with binance Coin and other altcoins going down significantly. 
Downtrend: Bitcoin, Ethereum.",2026-08-07T07:13:41.997Z,cryptocurrency,2026-08-07T07:13:41.997Z,2026-08-07,2026-08-03,TREND,bitcoin,False,DOWN,,UP,0.97,0.97,CONTRADICTED,"Claimed DOWN, market UP +0.97%",INACCURATE,True,bitcoin,0.97,1.89,-1.33
t1_p29al5d,t3_1vhtl4f,DBRiMatt,"Yes, but only becuase cost of living leaves less money to throw in crypto each month.

Otherwise, this is a period i would ideally be accumulating more","Yes, but only becuase cost of living leaves less money to throw in crypto each month.Otherwise, this is a period i would ideally be accumulating more",2026-08-07T07:13:41.997Z,cryptocurrency,2026-08-07T07:13:41.997Z,2026-08-07,2026-08-03,OPINION_OTHER,bitcoin,True,,,,,,NOT_CHECKABLE,bitcoin mentioned but no price direction or number,NOT_SCORED,False,bitcoin,0.97,1.89,-1.33
t1_p2amogv,t3_1vhtl4f,dj_destroyer,"Yes, my $30/day has consistently got me less and less Bitcoin over the years. Not bad lately though!","Yes, my $30/day has consistently got me less and less Bitcoin over the years. Not bad lately though!",2026-08-07T07:13:41.997Z,cryptocurrency,2026-08-07T07:13:41.997Z,2026-08-07,2026-08-03,OPINION_OTHER,bitcoin,False,,,,,,NOT_CHECKABLE,bitcoin mentioned but no price direction or number,NOT_SCORED,False,bitcoin,0.97,1.89,-1.33
t1_p27z6vi,t3_1vhtl4f,PintOfBacon,"I've been in and out for years and years. From (edit: 2016) ish, although I did own some breifly years before that too.

I sold all my holdings around 110k usd and honestly, I'm not even bothered about entering bitcoin again anymore.

The rules and regulations have changed, the tax man wants his cut. The original aim of bitcoin seems to have been achieved through its journey from 1c to $100k. It did it. It ballooned in response to fiat currency printing.

It's never going to be used as money, the transaction times and fees are too slow/expensive, at least for fully on chain transactions.

Nowadays there are hundreds or thousands of blockchains that are technically better for that purpose, but that's also diluted the case for any single one of them. How to pick one when there's so many. Btc has the superior security due to its sheer size, nodes, proof-of-work etc.

After heavily investing in equities in the past 5 years I've learnt you can somewhat easily place objective values on a single company using its earnings, revenues, growth, moat, price, etc. Etc. But how in the heck are you supposed to objectively value a coin/token/blockchain? It doesn't really DO anything, it non producing. Sure, you can compare the BTC supply to the money supply, but.. so what?

For the first in a long time, I'm over bitcoin. I've made good money over the years and I'm just not that interested in it anymore. Plus, what's more likely to outperform? Btc or ""the market""? If anything bitcoin seems correlated to the market too nowadays, so it's like a russel 2000 vs qqq vs all world type argument. If they move together why would I bother with the riskiest one and destroy my portfolio? find it a difficult argument for btc nowadays.

It's been great but I'm out now.","I'm over Bitcoin for the first time in a long time, no longer interested in its transaction costs, slow processing times, and non producing capabilities.

Downtrend: Bitcoin.",2026-08-07T07:13:41.997Z,cryptocurrency,2026-08-07T07:13:41.997Z,2026-08-07,2026-08-03,TREND,bitcoin,False,DOWN,,UP,0.97,0.97,CONTRADICTED,"Claimed DOWN, market UP +0.97%",INACCURATE,True,bitcoin,0.97,1.89,-1.33
t1_p2853ql,t3_1vhtl4f,WorldlyCaramel3793,I think you're starting to diversify your assets since your goal was to accumulate 0.1 BTC.,I think you're starting to diversify your assets since your goal was to accumulate 0.1 BTC.,2026-08-07T07:13:41.997Z,cryptocurrency,2026-08-07T07:13:41.997Z,2026-08-07,2026-08-03,OPINION_OTHER,bitcoin,False,,,,,,NOT_CHECKABLE,bitcoin mentioned but no price direction or number,NOT_SCORED,False,bitcoin,0.97,1.89,-1.33
t1_p28fdnq,t3_1vhtl4f,absurdcriminality,"Yes, but only because it is more expensive and I am buying less with my monthly budget in BTC units than I was buying 5 years ago","Yes, but only because it is more expensive and I am buying less with my monthly budget in Bitcoin units compared to what I was buying 5 years ago.",2026-08-07T07:13:41.997Z,cryptocurrency,2026-08-07T07:13:41.997Z,2026-08-07,2026-08-03,OPINION_OTHER,bitcoin,False,,,,,,NOT_CHECKABLE,bitcoin mentioned but no price direction or number,NOT_SCORED,False,bitcoin,0.97,1.89,-1.33
t1_p28xt22,t3_1vhtl4f,Coeruleus_,for sure. i used to buy some every sunday but now ive just put the sunday buys into market. my plan is to lump sum into bitcoin when it bottoms later in year,"for sure. i used to buy some every sunday but now ive just put the sunday buys into market, with plans to lump them into bitcoin when the market bottoms later in year.",2026-08-07T07:13:41.997Z,cryptocurrency,2026-08-07T07:13:41.997Z,2026-08-07,2026-08-03,OPINION_OTHER,bitcoin,False,,,,,,NOT_CHECKABLE,bitcoin mentioned but no price direction or number,NOT_SCORED,False,bitcoin,0.97,1.89,-1.33
t1_p290rif,t3_1vhtl4f,Verum_Seeker,Over time you mean since she bear market started?,Over time you mean since she bear market started?,2026-08-07T07:13:41.997Z,cryptocurrency,2026-08-07T07:13:41.997Z,2026-08-07,2026-08-03,OPINION_OTHER,,False,,,,,,NOT_CHECKABLE,No crypto asset mentioned,NOT_SCORED,False,bitcoin,0.97,1.89,-1.33
t1_p2araer,t3_1vhtl4f,DifficultSquash1517,"I'm an OG here since 2016, and I do the same thing every cycle average out and then average back in

My averaging back in has been much lower dollar amounts than the past cycles

Not only is it a maturing asset with less returns going forward. I also feel like too many people think they have figured out the cycle by now and all they have to do is go full port BTC and they're going to triple their money in the next cycle 🤷

Markets never take your plan into consideration. I just calmly average back in and write covered calls on my ibit holdings and if it stays flat forever that's amazing to get 2% a month on am asset","Bitcoin is a maturing asset with less returns going forward, but there is no specific trend information provided for Ethereum, Tether, Solana, or Binance Coin.
Downtrend: Bitcoin.",2026-08-07T07:13:41.997Z,cryptocurrency,2026-08-07T07:13:41.997Z,2026-08-07,2026-08-03,TREND,bitcoin,False,DOWN,,UP,0.97,0.97,CONTRADICTED,"Claimed DOWN, market UP +0.97%",INACCURATE,True,bitcoin,0.97,1.89,-1.33
t1_p2b85kb,t3_1vhtl4f,thenags1,Nope. I buy every single day. Always.,Nope. I buy every single day. Always.,2026-08-07T07:13:41.997Z,cryptocurrency,2026-08-07T07:13:41.997Z,2026-08-07,2026-08-03,OPINION_OTHER,,False,,,,,,NOT_CHECKABLE,No crypto asset mentioned,NOT_SCORED,False,bitcoin,0.97,1.89,-1.33
t1_p286bvr,t3_1vhtl4f,MetaGryphon,"If you still have money to invest, invest in ETF or stock picking.in the real economy. Holding bitcoin just for the sake of holding bitcoin is nonsense. Having bitcoin to spend them later is fine. That was their main purpose.","in the real economy. Holding bitcoin just for the sake of holding it is not a good investment strategy.If you still have money to invest, invest in ETF or stock picking. Having bitcoin to spend later is fine.",2026-08-07T07:13:41.997Z,cryptocurrency,2026-08-07T07:13:41.997Z,2026-08-07,2026-08-03,EVENT_NEWS,bitcoin,False,,,,,,NOT_CHECKABLE,bitcoin news/event - not checkable with price data,NOT_SCORED,False,bitcoin,0.97,1.89,-1.33
t1_p281u3d,t3_1vhtl4f,AngrilyShaky,"I agree, once you hit your target it can change your whole mindset. I got to my BTC goal and just let it sit on platforms like nexo or coinbase earning while i diversified into other stuff on the side. Feels way more balanced that way imo","I agree, once you hit your target it can change your whole mindset. I got to my BTC goal and just let it sit on platforms like nexo or coinbase earning while i diversified into other stuff on the side. Feels way more balanced that way imo",2026-08-07T07:13:41.997Z,cryptocurrency,2026-08-07T07:13:41.997Z,2026-08-07,2026-08-03,OPINION_OTHER,bitcoin,False,,,,,,NOT_CHECKABLE,bitcoin mentioned but no price direction or number,NOT_SCORED,False,bitcoin,0.97,1.89,-1.33
t1_p283lic,t3_1vhtl4f,ilouiei,How do you earn with BTC on coinbase?,How do you earn with BTC on coinbase?,2026-08-07T07:13:41.997Z,cryptocurrency,2026-08-07T07:13:41.997Z,2026-08-07,2026-08-03,OPINION_OTHER,bitcoin,False,,,,,,NOT_CHECKABLE,bitcoin mentioned but no price direction or number,NOT_SCORED,False,bitcoin,0.97,1.89,-1.33
t1_p28dymt,t3_1vhtl4f,RecklessStallion9999,"I think Coinbase supports BTC staking in a few countries, but it’s rewarding you like 0.5% per year or something similarly low. Plus, you’re basically lending it and you’re hoping you’ll get it back.","I think Coinbase supports Bitcoin staking in a few countries, but it's rewarding you like 0.5% per year, which seems low compared to other cryptocurrencies like Ethereum and Tether. Plus, you're basically lending it and you’re hoping you'll get it back.",2026-08-07T07:13:41.997Z,cryptocurrency,2026-08-07T07:13:41.997Z,2026-08-07,2026-08-03,OPINION_OTHER,bitcoin,False,,,,,,NOT_CHECKABLE,bitcoin mentioned but no price direction or number,NOT_SCORED,False,bitcoin,0.97,1.89,-1.33
t1_p28kjt5,t3_1vhtl4f,slop_drobbler,"I’ll buy in again if it drops to ~£30k, otherwise the risk isn’t worth it any more imo and I’m done with it. Just my opinion obviously but given the diminishing returns I can’t see it going much higher than £120k (if that) next cycle. Altcoins are completely cooked and not worth the risk at all","I’m done with altcoins and think the risk is not worth it anymore. 
Downtrend: Bitcoin.",2026-08-07T07:13:41.997Z,cryptocurrency,2026-08-07T07:13:41.997Z,2026-08-07,2026-08-03,TREND,bitcoin,False,DOWN,,UP,0.97,0.97,CONTRADICTED,"Claimed DOWN, market UP +0.97%",INACCURATE,True,bitcoin,0.97,1.89,-1.33
t1_p288s2g,t3_1vhtl4f,t8c,"Shipping and oil stocks have outperformed BTC since it fell from 120 000 USD. These stocks make more money right now so it makes sense for me financially to focus on them, like Okeanis Eco Tankers.","Shipping and oil stocks have outperformed Bitcoin since it fell from 120 000 USD. These stocks make more money right now so it makes sense for me to focus on them, like Okeanis Eco Tankers.",2026-08-07T07:13:41.997Z,cryptocurrency,2026-08-07T07:13:41.997Z,2026-08-07,2026-08-03,TREND,bitcoin,False,DOWN,,UP,0.97,0.97,CONTRADICTED,"Claimed DOWN, market UP +0.97%",INACCURATE,True,bitcoin,0.97,1.89,-1.33
t1_p2a7d6l,t3_1vhtl4f,DrGrungy,"Who's buying BTC. That's foolish! Just buy XRP instead, it's going to outperforme BTC by a long shot.","Who's buying Bitcoin? Nobody. That's foolish! Just buy XRP instead, it's going to outperforme BTC by a long shot.",2026-08-07T07:13:41.997Z,cryptocurrency,2026-08-07T07:13:41.997Z,2026-08-07,2026-08-03,OPINION_OTHER,bitcoin,False,,,,,,NOT_CHECKABLE,bitcoin mentioned but no price direction or number,NOT_SCORED,False,bitcoin,0.97,1.89,-1.33
t1_p2fma2h,t3_1vhtl4f,tom_murray_nw,"That's exactly what happened.

Reaching the target changed my mindset more than anything else. It wasn't about losing conviction in Bitcoin, if anything I think it's going to the moon long term! It was more about feeling comfortable enough to spend more time building and rebalancing the rest of the portfolio.","Bitcoin's long-term growth potential has led to a shift in my mindset, leading to a more comfortable approach to rebalancing the portfolio. 
Uptrend: Bitcoin.",2026-08-07T07:13:41.997Z,cryptocurrency,2026-08-07T07:13:41.997Z,2026-08-07,2026-08-03,TREND,bitcoin,False,UP,,UP,0.97,0.97,VERIFIED,bitcoin was UP +0.97% over 1d,ACCURATE,True,bitcoin,0.97,1.89,-1.33
t1_p2fm2io,t3_1vhtl4f,tom_murray_nw,"I like the point about calmly averaging back in rather than trying to force the market to fit a plan.

I still think Bitcoin has an incredible long-term future, but I've definitely become more conscious of position sizing. Once I hit my own target it felt more sensible to build everything else up alongside it rather than letting one asset dominate my portfolio.","Bitcoin has a long-term future and is still recommended as a primary investment, but I'm now conscious of position sizing. 
Uptrend: Bitcoin.",2026-08-07T07:13:41.997Z,cryptocurrency,2026-08-07T07:13:41.997Z,2026-08-07,2026-08-03,TREND,bitcoin,False,UP,,UP,0.97,0.97,VERIFIED,bitcoin was UP +0.97% over 1d,ACCURATE,True,bitcoin,0.97,1.89,-1.33
t1_p2fn04u,t3_1vhtl4f,tom_murray_nw,"I get where you're coming from.

For me it's never really been Bitcoin or equities. I've always liked the idea of owning both, it's just the balance between them that's changed over time.","For me it's never really been Bitcoin or equities, it's always been the idea of owning both.I get where you're coming from.",2026-08-07T07:13:41.997Z,cryptocurrency,2026-08-07T07:13:41.997Z,2026-08-07,2026-08-03,OPINION_OTHER,bitcoin,False,,,,,,NOT_CHECKABLE,bitcoin mentioned but no price direction or number,NOT_SCORED,False,bitcoin,0.97,1.89,-1.33
t1_p48b37f,t3_1vql4rr,Argyrus777,"When a miner mines BTC, are they also validating at the same time? Or can they simply focus on finding a block? If so which one is more lucrative?","When a miner mines Bitcoin, are they also validating at the same time? Or can they simply focus on finding a block? If so which one is more lucrative?",2026-08-17T07:09:35.561Z,bitcoin,2026-08-17T07:09:35.561Z,2026-08-17,2026-08-17,OPINION_OTHER,bitcoin,False,,,,,,NOT_CHECKABLE,bitcoin mentioned but no price direction or number,NOT_SCORED,False,bitcoin,2.69,2.96,23.78
t1_p46tvxw,t3_1vql4rr,VastWorry829,"For beginners, one distinction that clears up a lot of confusion is separating Bitcoin the network from BTC the asset. You can understand how blocks, fees, custody and the supply rules work without having any opinion on tomorrow’s price or after tomorow. Learning those mechanics first makes the investment debates much easier to evaluate afterward.","For beginners, one distinction that clears up a lot of confusion is separating Bitcoin the network from Bitcoin the asset. You can understand how blocks, fees, custody and supply rules work without having any opinion on tomorrow's price or after tomorrow. Learning those mechanics first makes the investment debates much easier to",2026-08-17T07:09:35.561Z,bitcoin,2026-08-17T07:09:35.561Z,2026-08-17,2026-08-17,TREND,bitcoin,False,UP,,UP,2.69,2.69,VERIFIED,bitcoin was UP +2.69% over 1d,ACCURATE,True,bitcoin,2.69,2.96,23.78
t1_p48yxjt,t3_1vqsa6c,Full-Atmosphere-4818,"I love Bitcoin with all my heart but 90% of all Americans want something for nothing, therefore they are just fine with FIAT. They consider the debt someone else's problem. The younger generation wants guaranteed income. The older generation wants no cuts to Social Security. Deficits will get worse and most Americans will just blame the rich and blame business and go after their money rather than fix the real problem. There is a reason Socialists are gaining in popularity. Saifedean falls into the same intellectual trap of gold bugs in that they each think eventually citizens wake up and demand hard money. Modern history shows that simply never happens.","I love Bitcoin with all my heart but 90% of Americans want something for nothing, therefore they are just fine with FIAT. There is a reason Socialists are gaining in popularity. The older generation wants guaranteed income. The younger generation wants no cuts to Social Security. They consider the debt someone else's",2026-08-17T13:24:50.880Z,bitcoin,2026-08-17T13:24:50.880Z,2026-08-17,2026-08-17,NUMERIC_PERCENT,bitcoin,False,UP,90.0,UP,2.69,2.69,INACCURATE,"Claimed +90.0%, bitcoin moved +2.69% (off by 87.3 points)",INACCURATE,True,bitcoin,2.69,2.96,23.78
t1_p48q0l7,t3_1vqr5m3,FitCompetition1804,"Nothing wrong when getting started. But I encourage you to educate yourself on self custody with cold storage hardware wallets and best practices. By letting an exchange hold your Bitcoin, you are giving up one of the very unique, self sovereignty aspects of bitcoin. If you care about that aspect of independence and freedom, especially in a SHTF scenerio, also look into hosting a node. Also adds an element of privacy.

Good luck and welcome to the start of your journey! I’m a little bit older than you and started in February, after waiting a few years for the market to crash before getting in. Now’s the time to get started and accumulate for sure.","Nothing wrong when getting started. I'm a little bit older than you and started in February, after waiting a few years for the market to crash, but it's definitely time to start accumulating Bitcoin. By letting an exchange hold your Bitcoin, you are giving up one of the very unique, self",2026-08-17T12:37:29.681Z,bitcoin,2026-08-17T12:37:29.681Z,2026-08-17,2026-08-17,EVENT_NEWS,bitcoin,False,,,,,,NOT_CHECKABLE,bitcoin news/event - not checkable with price data,NOT_SCORED,False,bitcoin,2.69,2.96,23.78
t1_p480g0c,t3_1vqr5m3,OldAssignment4646,If you are thinking of Doing DCA weekly for years I would recommend checking out cold wallets down the road. You don’t have to do it right away. But learn about the difference between self custody and exchanges. There’s so much to learn. I just got my cold wallet last month after having used crypto exchanges for 2 years.,If you are thinking of Doing DCA weekly for years I would recommend checking out cold wallets down the road. You don't have to do it right away. I just got my cold wallet last month after having used crypto exchanges for 2 years. But learn about the difference between self custody and exchanges.,2026-08-17T12:37:29.681Z,bitcoin,2026-08-17T12:37:29.681Z,2026-08-17,2026-08-17,TREND,bitcoin,True,DOWN,,UP,2.69,2.69,CONTRADICTED,"Claimed DOWN, market UP +2.69% (generic 'crypto' claim checked against BTC)",INACCURATE,True,bitcoin,2.69,2.96,23.78
t1_p4e34vq,t3_1vrgvct,hodler1992,This happens every time towards the bear market's end,This happens every time towards the bear market's end.,2026-08-18T06:10:48.084Z,bitcoin,2026-08-18T06:10:48.084Z,2026-08-18,2026-08-17,OPINION_OTHER,,False,,,,,,NOT_CHECKABLE,No crypto asset mentioned,NOT_SCORED,False,bitcoin,0.27,1.56,22.41
t1_p44fqb1,t3_1vqaefx,Deto,It's kind of interesting to think about how many cases like this will NOT be figured out.  So the circulating supply of Bitcoin will just go down over time as people lose coins,"The circulating supply of Bitcoin (BTC) will decrease over time as people lose coins. 
Downtrend: Bitcoin.",2026-08-16T22:19:18.033Z,bitcoin,2026-08-16T22:19:18.033Z,2026-08-16,2026-08-10,TREND,bitcoin,False,DOWN,,FLAT,-0.32,-0.32,INCONCLUSIVE,"Claimed DOWN, market flat (-0.32%)",NOT_SCORED,False,bitcoin,-0.32,1.05,22.31
t1_p477c9x,t3_1vqaefx,Suprem3NE,That’s literally why I invested. The amount of BTC’s lost forever I feel is drastically underestimated.,Bitcoin is facing a significant downtrend due to negative market conditions and historical inaccuracies. The amount of Bitcoin's lost forever I feel is drastically underestimated.That’s literally why I invested.,2026-08-16T22:19:18.033Z,bitcoin,2026-08-16T22:19:18.033Z,2026-08-16,2026-08-10,TREND,bitcoin,False,DOWN,,FLAT,-0.32,-0.32,INCONCLUSIVE,"Claimed DOWN, market flat (-0.32%)",NOT_SCORED,False,bitcoin,-0.32,1.05,22.31
t1_p46yst4,t3_1vqaefx,cubestrike,"First teach your wife day to day using bitcoin. Send it to you. You send bitcoin to her. Requesting addresses of her wallet. Etc. Just like usual. Send to exchange or withdraw btc from exchange.

Then later store your seeds and passphrase on safety deposit box with a letter of what it is.",First teach your wife how to use bitcoin. You send bitcoin to her.Then later store your seeds and passphrase on safety deposit box with a letter of what it is.,2026-08-16T22:19:18.033Z,bitcoin,2026-08-16T22:19:18.033Z,2026-08-16,2026-08-10,OPINION_OTHER,bitcoin,False,,,,,,NOT_CHECKABLE,bitcoin mentioned but no price direction or number,NOT_SCORED,False,bitcoin,-0.32,1.05,22.31
t1_p4419n0,t3_1vqaefx,whiteknives,If you can’t trust your own wife with your Bitcoin you’ve got bigger problems.,"If you can’t trust your own wife with your Bitcoin, then you have bigger problems.",2026-08-16T22:19:18.033Z,bitcoin,2026-08-16T22:19:18.033Z,2026-08-16,2026-08-10,OPINION_OTHER,bitcoin,False,,,,,,NOT_CHECKABLE,bitcoin mentioned but no price direction or number,NOT_SCORED,False,bitcoin,-0.32,1.05,22.31
t1_p45b753,t3_1vqaefx,Ok-Possibility-630,"There are paid inheritance solutions out there like Casa, unchained etc if you have a large chunk of btc to pass on.","There are paid inheritance solutions out there like Casa, unchained etc if you have a large chunk of btc to pass on.",2026-08-16T22:19:18.033Z,bitcoin,2026-08-16T22:19:18.033Z,2026-08-16,2026-08-10,OPINION_OTHER,bitcoin,False,,,,,,NOT_CHECKABLE,bitcoin mentioned but no price direction or number,NOT_SCORED,False,bitcoin,-0.32,1.05,22.31
t1_p45cp6p,t3_1vqaefx,MiaTaude589,"Honestly, a deadman’s email alone feels too fragile for BTC inheritance. I’d leave the hardware wallet and clear recovery instructions in one secure place, then keep the seed phrase separately with legal access for your wife after death. Also make her do one small recovery test now, because instructions nobody has tested can turn into lost coins fast","Honestly, a deadman's email alone feels too fragile for Bitcoin inheritance, so I suggest keeping recovery instructions in a secure place for future generations.",2026-08-16T22:19:18.033Z,bitcoin,2026-08-16T22:19:18.033Z,2026-08-16,2026-08-10,OPINION_OTHER,bitcoin,False,,,,,,NOT_CHECKABLE,bitcoin mentioned but no price direction or number,NOT_SCORED,False,bitcoin,-0.32,1.05,22.31
t1_p444rmt,t3_1vqaefx,Ecstatic-Can-8740,Lots of bitcoin will be locked away in the blockchain forever. Such an idiot “investment”.,Lots of bitcoin is locked away in the blockchain forever. Such an idiot “investment”.,2026-08-16T22:19:18.033Z,bitcoin,2026-08-16T22:19:18.033Z,2026-08-16,2026-08-10,OPINION_OTHER,bitcoin,False,,,,,,NOT_CHECKABLE,bitcoin mentioned but no price direction or number,NOT_SCORED,False,bitcoin,-0.32,1.05,22.31
t1_p456ixg,t3_1vqaefx,Final_Bite_7228,"Just before you die, sell the BTC, put the money in the bank, and write her a cheque.","Just before you die, sell the BTC, put the money in the bank, and write her a cheque.",2026-08-16T22:19:18.033Z,bitcoin,2026-08-16T22:19:18.033Z,2026-08-16,2026-08-10,OPINION_OTHER,bitcoin,False,,,,,,NOT_CHECKABLE,bitcoin mentioned but no price direction or number,NOT_SCORED,False,bitcoin,-0.32,1.05,22.31
t1_p447ubt,t3_1vqaefx,Charmed-paper345,The entire point of bitcoin is you are in control.,The entire point of bitcoin is you are in control.,2026-08-16T22:19:18.033Z,bitcoin,2026-08-16T22:19:18.033Z,2026-08-16,2026-08-10,OPINION_OTHER,bitcoin,False,,,,,,NOT_CHECKABLE,bitcoin mentioned but no price direction or number,NOT_SCORED,False,bitcoin,-0.32,1.05,22.31
t1_p4do3c3,t3_1vqzk6n,WannaBeRich92,No one will buy bitcoin then. Gta 6 Trailer will drop nobody has time to buy btc,No one will buy bitcoin then. Gta 6 Trailer will drop nobody has time to buy btc,2026-08-17T17:55:26.149Z,bitcoin,2026-08-17T17:55:26.149Z,2026-08-17,2026-08-17,TREND,bitcoin,False,DOWN,,UP,2.69,2.69,CONTRADICTED,"Claimed DOWN, market UP +2.69%",INACCURATE,True,bitcoin,2.69,2.96,23.78
t1_p4ci5fh,t3_1vqv0mp,RoundChampionship840,Why is Bitcoin any better than any other crypto currency?,Why is Bitcoin any better than any other crypto currency?,2026-08-17T15:09:14.331Z,bitcoin,2026-08-17T15:09:14.331Z,2026-08-17,2026-08-17,OPINION_OTHER,bitcoin,False,,,,,,NOT_CHECKABLE,bitcoin mentioned but no price direction or number,NOT_SCORED,False,bitcoin,2.69,2.96,23.78
t1_p4crsc6,t3_1vqv0mp,RoundChampionship840,So Bitcoin is the only crypto currency that is decentralized and has a limited supply?,So Bitcoin is the only decentralized and has a limited supply?,2026-08-17T15:09:14.331Z,bitcoin,2026-08-17T15:09:14.331Z,2026-08-17,2026-08-17,OPINION_OTHER,bitcoin,False,,,,,,NOT_CHECKABLE,bitcoin mentioned but no price direction or number,NOT_SCORED,False,bitcoin,2.69,2.96,23.78
t1_p4an86s,t3_1vr4g2r,suuperfli,"a system of centralization and control that can be corrupted by humans will inevitably be corrupted by humans, as shown through history. It is most definitely a system itself problem",a system of centralization and control that can be corrupted by humans is inevitably a problem.,2026-08-17T20:49:53.308Z,bitcoin,2026-08-17T20:49:53.308Z,2026-08-17,2026-08-17,OPINION_OTHER,,False,,,,,,NOT_CHECKABLE,No crypto asset mentioned,NOT_SCORED,False,bitcoin,2.69,2.96,23.78
t1_p4bnf8e,t3_1vr4g2r,capta1nbig,If the US dollar collapses bitcoin isn’t going to replace it it will tank to almost nothing while the world tries to figure out which other country takes its place,"If the US dollar collapses, Bitcoin is expected to experience a significant downtrend as it faces competition from other countries.",2026-08-17T20:49:53.308Z,bitcoin,2026-08-17T20:49:53.308Z,2026-08-17,2026-08-17,TREND,bitcoin,False,DOWN,,UP,2.69,2.69,CONTRADICTED,"Claimed DOWN, market UP +2.69%",INACCURATE,True,bitcoin,2.69,2.96,23.78
t1_p4bnnet,t3_1vr4g2r,electriccars,"The dollar has no affect on Bitcoin's value, they are unrelated.",The dollar's value has no affect on Bitcoin's value.,2026-08-17T20:49:53.308Z,bitcoin,2026-08-17T20:49:53.308Z,2026-08-17,2026-08-17,OPINION_OTHER,bitcoin,False,,,,,,NOT_CHECKABLE,bitcoin mentioned but no price direction or number,NOT_SCORED,False,bitcoin,2.69,2.96,23.78
t1_p4cgkve,t3_1vr4g2r,na3than,"Actually since the reserve requirement is zero, $0 creates $10k, $100k, $1M or more.","Actually since the reserve requirement is zero, $0 creates significant amounts of wealth, with $10k potentially surpassing $1M.",2026-08-17T20:49:53.308Z,bitcoin,2026-08-17T20:49:53.308Z,2026-08-17,2026-08-17,OPINION_OTHER,,False,,,,,,NOT_CHECKABLE,No crypto asset mentioned,NOT_SCORED,False,bitcoin,2.69,2.96,23.78
t1_p4c9cj0,t3_1vr4g2r,Ok_Pollution7093,"The part nobody mentions: the first spender of those new dollars gets them at pre-dilution purchasing power. By the time it trickles down to your paycheck, the inflation already hit. That is the real scam - not just that it dilutes, but WHO gets to spend it first.","The text discusses the inflation scam where the first spender of new dollars gets to spend the money first, thereby causing inflation to rise.The part nobody mentions is the pre-dilution inflation. That is the real scam.",2026-08-17T20:49:53.308Z,bitcoin,2026-08-17T20:49:53.308Z,2026-08-17,2026-08-17,OPINION_OTHER,,False,,,,,,NOT_CHECKABLE,No crypto asset mentioned,NOT_SCORED,False,bitcoin,2.69,2.96,23.78
t1_p4chvlh,t3_1vr4g2r,__Ken_Adams__,There is an actual term for this. It's called seniorage.,There is an actual term for this. It's called seniorage.,2026-08-17T20:49:53.308Z,bitcoin,2026-08-17T20:49:53.308Z,2026-08-17,2026-08-17,OPINION_OTHER,,False,,,,,,NOT_CHECKABLE,No crypto asset mentioned,NOT_SCORED,False,bitcoin,2.69,2.96,23.78
t1_p4axp2s,t3_1vr4g2r,AdventurousSwim1381,This is not how it works. A growing economy needs a growing money supply just to hold prices steady...,This is not how it works. A growing economy needs a growing money supply to maintain prices steady.,2026-08-17T20:49:53.308Z,bitcoin,2026-08-17T20:49:53.308Z,2026-08-17,2026-08-17,OPINION_OTHER,,False,,,,,,NOT_CHECKABLE,No crypto asset mentioned,NOT_SCORED,False,bitcoin,2.69,2.96,23.78
t1_p4bfto2,t3_1vr4g2r,suuperfli,"no, completely different coins. in bitcoin, as more people buy in, the market cap increases & everyone within the network benefits. in fiat, new money is printed and value is stolen from existing holders to benefit those closest to the printer (theft from one to give to another)","Bitcoin and Ethereum are characterized by increased market activity resulting in a positive market cap increase as more people buy in, benefiting everyone within the network. in fiat, new money is printed and value is stolen from existing holders. in bitcoin, it is decentralized.",2026-08-17T20:49:53.308Z,bitcoin,2026-08-17T20:49:53.308Z,2026-08-17,2026-08-17,TREND,bitcoin,False,UP,,UP,2.69,2.69,VERIFIED,bitcoin was UP +2.69% over 1d,ACCURATE,True,bitcoin,2.69,2.96,23.78
t1_p4brxb3,t3_1vr4g2r,Illustrious-Boss9356,"So if everyone in the Bitcoin network benefits, what happens to those outside the network? Or those who chose not to participate in the network?

Same coin, different group of people winning.","So if everyone in the Bitcoin network benefits from its network expansion, what happens to those outside the network? Or those who chose not to participate?",2026-08-17T20:49:53.308Z,bitcoin,2026-08-17T20:49:53.308Z,2026-08-17,2026-08-17,OPINION_OTHER,bitcoin,False,,,,,,NOT_CHECKABLE,bitcoin mentioned but no price direction or number,NOT_SCORED,False,bitcoin,2.69,2.96,23.78
t1_p4butpb,t3_1vr4g2r,AdventurousSwim1381,...not everyone benefits in the case of bitcoin either..money flows from newly entrants to early ones...the tiny group of earliest holders are the equivalent of the closest to the printer.,...not everyone benefits in the case of Bitcoin as it flows from early entrants to early holders.,2026-08-17T20:49:53.308Z,bitcoin,2026-08-17T20:49:53.308Z,2026-08-17,2026-08-17,OPINION_OTHER,bitcoin,False,,,,,,NOT_CHECKABLE,bitcoin mentioned but no price direction or number,NOT_SCORED,False,bitcoin,2.69,2.96,23.78
t1_p4cillh,t3_1vr4g2r,__Ken_Adams__,"Not defending fractional reserve banking but It's not infinite. 0% means they can lend up to the amount of their deposits, not that they can lend an unlimited amount.",Not defending fractional reserve banking but It's not infinite. 0% means that depositors have the ability to lend up to the amount of their deposits.,2026-08-17T20:49:53.308Z,bitcoin,2026-08-17T20:49:53.308Z,2026-08-17,2026-08-17,OPINION_OTHER,,False,,,,,,NOT_CHECKABLE,No crypto asset mentioned,NOT_SCORED,False,bitcoin,2.69,2.96,23.78
t1_p4baoay,t3_1vr4g2r,Suitable-Fishing1643,BTC is infinitely divisible,Bitcoin is an infinitely divisible coin.,2026-08-17T20:49:53.308Z,bitcoin,2026-08-17T20:49:53.308Z,2026-08-17,2026-08-17,OPINION_OTHER,bitcoin,False,,,,,,NOT_CHECKABLE,bitcoin mentioned but no price direction or number,NOT_SCORED,False,bitcoin,2.69,2.96,23.78
t1_p4anuyi,t3_1vr4g2r,SpareEconomy1849,To an extent of course. There are still plenty of ways it hurts you even if you hold 0 fiat,To an extent of course. There are still plenty of ways it hurts you even if you hold 0 fiat,2026-08-17T20:49:53.308Z,bitcoin,2026-08-17T20:49:53.308Z,2026-08-17,2026-08-17,OPINION_OTHER,,False,,,,,,NOT_CHECKABLE,No crypto asset mentioned,NOT_SCORED,False,bitcoin,2.69,2.96,23.78
t1_p4avyxs,t3_1vr4g2r,suuperfli,divided? nope. that's akin to breaking up a dollar into four quarters. no dilution at all,divided? nope. no dilution at all.,2026-08-17T20:49:53.308Z,bitcoin,2026-08-17T20:49:53.308Z,2026-08-17,2026-08-17,OPINION_OTHER,,False,,,,,,NOT_CHECKABLE,No crypto asset mentioned,NOT_SCORED,False,bitcoin,2.69,2.96,23.78
t1_p4bhump,t3_1vr4g2r,opossum_cz,Dividing BTC doesn't create any new value.,Dividing Bitcoin doesn't create new value.,2026-08-17T20:49:53.308Z,bitcoin,2026-08-17T20:49:53.308Z,2026-08-17,2026-08-17,OPINION_OTHER,bitcoin,False,,,,,,NOT_CHECKABLE,bitcoin mentioned but no price direction or number,NOT_SCORED,False,bitcoin,2.69,2.96,23.78
t1_p45ied7,t3_1vqej8q,lobhater,"Entropy from the host device, plus entropy from a TRNG on the hardware wallet, plus entropy from the Optiga secure element, plus entropy from the TROPIC01 chip. Trezor is fully open source so you can confirm this for yourself and how the elements are combined for the final result","Entropy is generated from various sources, including the host device's TRNG, the Optiga secure element, and the TROPIC01 chip.",2026-08-17T01:27:02.144Z,bitcoin,2026-08-17T01:27:02.144Z,2026-08-17,2026-08-17,OPINION_OTHER,,False,,,,,,NOT_CHECKABLE,No crypto asset mentioned,NOT_SCORED,False,bitcoin,2.69,2.96,23.78
t1_p48fh35,t3_1vqu68l,AdEuphoric5133,"The number of bitcoins yet to be mined is not an estimate at all, it is very precisely known from the block height.

And it is not 1,008,000, it is 928,419. Verify your sources. No need to propagate false information.","The number of bitcoins yet to be mined is not an estimate, it is very precisely known from the block height.And it is not 1,008,000.",2026-08-17T14:38:14.682Z,bitcoin,2026-08-17T14:38:14.682Z,2026-08-17,2026-08-17,OPINION_OTHER,,False,,,,,,NOT_CHECKABLE,No crypto asset mentioned,NOT_SCORED,False,bitcoin,2.69,2.96,23.78
t1_p4aaclc,t3_1vqu68l,BitcoinAuthority,"Due to the halving algorithm there will never be 21 million btc, only 20,999,999.9769 btc.","Due to the halving algorithm there will never be 21 million btc, only 20,999,999.9769 btc.",2026-08-17T14:38:14.682Z,bitcoin,2026-08-17T14:38:14.682Z,2026-08-17,2026-08-17,OPINION_OTHER,bitcoin,False,,,,,,NOT_CHECKABLE,bitcoin mentioned but no price direction or number,NOT_SCORED,False,bitcoin,2.69,2.96,23.78
t1_p49qswl,t3_1vqu68l,Soggy-Experience-601,The amount of bitcoin left to mine will have decreased since the original comment was made aha,"The amount of bitcoin left to mine has decreased since the original comment was made, indicating a reduction in its supply.",2026-08-17T14:38:14.682Z,bitcoin,2026-08-17T14:38:14.682Z,2026-08-17,2026-08-17,OPINION_OTHER,bitcoin,False,,,,,,NOT_CHECKABLE,bitcoin mentioned but no price direction or number,NOT_SCORED,False,bitcoin,2.69,2.96,23.78
t1_p48hee7,t3_1vqu68l,lobhater,"There are 420,069 schrute bucks per BTC so with that knowledge you should be able to extrapolate","There are 420,069 schrute bucks per Bitcoin, which is roughly equivalent to $7.7000000Uptrend: Bitcoin.",2026-08-17T14:38:14.682Z,bitcoin,2026-08-17T14:38:14.682Z,2026-08-17,2026-08-17,OPINION_OTHER,bitcoin,False,,,,,,NOT_CHECKABLE,bitcoin mentioned but no price direction or number,NOT_SCORED,False,bitcoin,2.69,2.96,23.78
t1_p48e23g,t3_1vqu68l,ItsAlwaysThemBooBoo,"giraffes are terrible money. last time i tried to buy a gallon of milk with a giraffe, he kicked the register over, shit on the floor and then galloped off. the clerks gave me dirty looks and all i could do was say “Did I do thaaaaat?”","giraffes are terrible money. last time i tried to buy a gallon of milk with a giraffe, he kicked the register over, shit on the floor, and then galloped off. the clerks gave me dirty looks and all i could do was say “Did I do thaaaaat",2026-08-17T14:38:14.682Z,bitcoin,2026-08-17T14:38:14.682Z,2026-08-17,2026-08-17,OPINION_OTHER,,False,,,,,,NOT_CHECKABLE,No crypto asset mentioned,NOT_SCORED,False,bitcoin,2.69,2.96,23.78
t1_p49js00,t3_1vqu68l,whoismovingnow,"“A 2,000-pound asset that requires 75 pounds of acacia leaves a day just to avoid defaulting on its own metabolism is not a store of value. It’s a Ponzi scheme with a long neck” - Saifedean Ammous, The Bitcoin Standard","“A 2,000-pound asset that requires 75 pounds of acacia leaves a day just to avoid defaulting on its own metabolism is not a store of value. It is a Ponzi scheme with a long neck” - Saifedean Ammous, The Bitcoin Standard",2026-08-17T14:38:14.682Z,bitcoin,2026-08-17T14:38:14.682Z,2026-08-17,2026-08-17,OPINION_OTHER,bitcoin,False,,,,,,NOT_CHECKABLE,bitcoin mentioned but no price direction or number,NOT_SCORED,False,bitcoin,2.69,2.96,23.78
t1_p4bsvwc,t3_1vqu68l,khaozxd,"But giraffes can breed, Bitcoin can't.","But giraffes can breed, Bitcoin can't.",2026-08-17T14:38:14.682Z,bitcoin,2026-08-17T14:38:14.682Z,2026-08-17,2026-08-17,OPINION_OTHER,bitcoin,False,,,,,,NOT_CHECKABLE,bitcoin mentioned but no price direction or number,NOT_SCORED,False,bitcoin,2.69,2.96,23.78
t1_p4awwc6,t3_1vqu68l,be_easy_1602,"BTC is a liquidity sink. Historically, there are periods of monetary expansion and contraction. BTC will most likely pump to ATH’s again within the next 5-10 years as the business cycle contracts and re-expands. BTC will always be a speculative instrument as long as the network remains functionally relevant.

People are greedy, and want to be in on a run up.","Bitcoin is currently experiencing a liquidity sink, but it is expected to pump to ATH's again within the next 5-10 years as the business cycle contracts and re-expands. Historically, there are periods of monetary expansion and contraction.People are greedy, and want to be in on a run up",2026-08-17T14:38:14.682Z,bitcoin,2026-08-17T14:38:14.682Z,2026-08-17,2026-08-17,TREND,bitcoin,False,UP,,UP,2.69,2.69,VERIFIED,bitcoin was UP +2.69% over 1d,ACCURATE,True,bitcoin,2.69,2.96,23.78
t1_p4cpamm,t3_1vqu68l,analyticsboi,"But i feel like retail are no longer interested in crypto, average person dont care about btc anymore","But i feel like retail are no longer interested in crypto, average person dont care about btc anymore.",2026-08-17T14:38:14.682Z,bitcoin,2026-08-17T14:38:14.682Z,2026-08-17,2026-08-17,OPINION_OTHER,bitcoin,False,,,,,,NOT_CHECKABLE,bitcoin mentioned but no price direction or number,NOT_SCORED,False,bitcoin,2.69,2.96,23.78
t1_p4diinu,t3_1vqu68l,be_easy_1602,Right now sure… but not when it starts another run.,Right now sure… but not when it starts another run.,2026-08-17T14:38:14.682Z,bitcoin,2026-08-17T14:38:14.682Z,2026-08-17,2026-08-17,OPINION_OTHER,,False,,,,,,NOT_CHECKABLE,No crypto asset mentioned,NOT_SCORED,False,bitcoin,2.69,2.96,23.78
t1_p490b39,t3_1vqu68l,Sir_Renity_Now,"• 1.008M BTC (4.8%) - yet to be mined

How old are these numbers bro",• 1.008M BTC (4.8%) - yet to be mined,2026-08-17T14:38:14.682Z,bitcoin,2026-08-17T14:38:14.682Z,2026-08-17,2026-08-17,OPINION_OTHER,bitcoin,False,,,,,,NOT_CHECKABLE,bitcoin mentioned but no price direction or number,NOT_SCORED,False,bitcoin,2.69,2.96,23.78
t1_p487gb4,t3_1vqu68l,outoftownMD,I have BTC +/- exposure to it indirectly spread across the top 4.,I have Bitcoin +/- exposure to it indirectly spread across the top 4.,2026-08-17T14:38:14.682Z,bitcoin,2026-08-17T14:38:14.682Z,2026-08-17,2026-08-17,OPINION_OTHER,bitcoin,False,,,,,,NOT_CHECKABLE,bitcoin mentioned but no price direction or number,NOT_SCORED,False,bitcoin,2.69,2.96,23.78
t1_p49uutx,t3_1vqu68l,Charge36,"Why aren't satoshi's early mining efforts considered ""premining? Presumably He mined most of the first million BTC unopposed","Why aren't satoshi's early mining efforts considered ""premining""? Presumably He mined most of the first million BTC unopposed.",2026-08-17T14:38:14.682Z,bitcoin,2026-08-17T14:38:14.682Z,2026-08-17,2026-08-17,OPINION_OTHER,bitcoin,False,,,,,,NOT_CHECKABLE,bitcoin mentioned but no price direction or number,NOT_SCORED,False,bitcoin,2.69,2.96,23.78
t1_p48c7vi,t3_1vqu68l,eggccelent23,Most new adoption by money print knowledge become bircoiners for life.,"Most new adoption by money print knowledge is influenced by bircoin knowledge, with a significant portion becoming bircoiners for life.",2026-08-17T14:38:14.682Z,bitcoin,2026-08-17T14:38:14.682Z,2026-08-17,2026-08-17,OPINION_OTHER,,False,,,,,,NOT_CHECKABLE,No crypto asset mentioned,NOT_SCORED,False,bitcoin,2.69,2.96,23.78
t1_p48ta6x,t3_1vqu68l,hunting555,The problem is that financial market makers are rehypothicating bitcoin ETFs thus creating artificially high bitcoin supply that doesn’t really exist.,The problem is that financial market makers are rehypothicating Bitcoin ETFs creating artificially high supply that doesn’t really exist.,2026-08-17T14:38:14.682Z,bitcoin,2026-08-17T14:38:14.682Z,2026-08-17,2026-08-17,OPINION_OTHER,bitcoin,False,,,,,,NOT_CHECKABLE,bitcoin mentioned but no price direction or number,NOT_SCORED,False,bitcoin,2.69,2.96,23.78
t1_p4aar43,t3_1vqu68l,diverj1,The market has spoken. Sounds like marketing. So Bitcoin is just a brand. The market also spoke for lots of other brands. Kodak. MySpace. AllBirds. AOL....,The market has spoken. So Bitcoin is just a brand. Sounds like marketing. The market also spoke for lots of other brands.,2026-08-17T14:38:14.682Z,bitcoin,2026-08-17T14:38:14.682Z,2026-08-17,2026-08-17,OPINION_OTHER,bitcoin,False,,,,,,NOT_CHECKABLE,bitcoin mentioned but no price direction or number,NOT_SCORED,False,bitcoin,2.69,2.96,23.78
t1_p48gqa5,t3_1vqu68l,HesitantInvestor0,"You're overstating it. Retail, corporate treasuries, ETF holders, governments, and miners can and do sell. You're making it sound like those are locked up forever which is obviously not the case. In the last year miners and retail in particular have sold a ton.","You're overstating it. Retail, corporate treasuries, ETF holders, and miners can and do sell gold, especially in the last year. You're making it sound like those are locked up forever which is obviously not the case.",2026-08-17T14:38:14.682Z,bitcoin,2026-08-17T14:38:14.682Z,2026-08-17,2026-08-17,EVENT_NEWS,,False,,,,,,NOT_CHECKABLE,No crypto asset mentioned,NOT_SCORED,False,bitcoin,2.69,2.96,23.78
t1_p48gu8x,t3_1vqu68l,lobhater,You've got to assume the keys to Satoshi's holdings are gone forever. If even 1 of those BTC so much as moves there will be a massive sell off. To the point I bet there are many scripts setup to watch those addresses and the moment anything happens large blocks are sold off at market afap,You've got to assume the keys to Satoshi's holdings are gone forever. If even 1 of those BTC so much as moves there is a potential massive sell-off in the market. To the point I bet there are many scripts setup to watch those addresses and the moment anything happens large blocks are sold off,2026-08-17T14:38:14.682Z,bitcoin,2026-08-17T14:38:14.682Z,2026-08-17,2026-08-17,TREND,bitcoin,False,DOWN,,UP,2.69,2.69,CONTRADICTED,"Claimed DOWN, market UP +2.69%",INACCURATE,True,bitcoin,2.69,2.96,23.78
t1_p48veco,t3_1vqu68l,rficher,"Agree, but with each passing day the prob of satoshi wallets being moved decreases. 17 years and no movement whatsoever","The text discusses the decreasing incidence of satoshi wallets being moved in the past 17 years.Agree, but with each passing day the probability of such movements decreases.",2026-08-17T14:38:14.682Z,bitcoin,2026-08-17T14:38:14.682Z,2026-08-17,2026-08-17,OPINION_OTHER,,False,,,,,,NOT_CHECKABLE,No crypto asset mentioned,NOT_SCORED,False,bitcoin,2.69,2.96,23.78
t1_p4a4a4v,t3_1vqu68l,TheresNoSecondBest,"I'm not buying that. Adam shared some emails with Satoshi as evidence to a court in the UK some years ago. If he was Satoshi, I don't think he would even attend the hearing.","I'm not buying that. Adam shared some emails with Satoshi as evidence to a court in the UK some years ago. If he was Satoshi, I doubt he would attend a hearing.",2026-08-17T14:38:14.682Z,bitcoin,2026-08-17T14:38:14.682Z,2026-08-17,2026-08-17,OPINION_OTHER,,False,,,,,,NOT_CHECKABLE,No crypto asset mentioned,NOT_SCORED,False,bitcoin,2.69,2.96,23.78
t1_p49mvzq,t3_1vqu68l,rgnet1,"Let's say your hypothesis is true and algos are waiting on the sell button if they see a Satoshi coin move. Then what? Even if all 1 million of Satoshi coins are now considered back in the circulating supply, what have you done to scarcity? Nothing. There's still only 21m ever. Just because you assume the current market has ""priced in"" a realistic 15m total supply because Satoshi coins gone, because lost coins, because etc., doesn't mean the market won't re-price to say, ""ok what if we assume all 21m are eventually in active circulation""?

A short, temporary sell off may hurt but it doesn't change the underlying long term value.","Let's say your hypothesis is true and algos are waiting on the sell button if they see a Satoshi coin move. Then what? Even if all 1 million of Satoshi coins are now considered back in the circulating supply, what have you done to scarcity? Nothing. There's still only 21m ever",2026-08-17T14:38:14.682Z,bitcoin,2026-08-17T14:38:14.682Z,2026-08-17,2026-08-17,OPINION_OTHER,bitcoin,True,,,,,,NOT_CHECKABLE,bitcoin mentioned but no price direction or number,NOT_SCORED,False,bitcoin,2.69,2.96,23.78
t1_p49hf62,t3_1vqu68l,NamedBird,Bitcoin will not become scarcer because they will enable tail emissions.,Bitcoin is not about cryptocurrency trends.,2026-08-17T14:38:14.682Z,bitcoin,2026-08-17T14:38:14.682Z,2026-08-17,2026-08-17,OPINION_OTHER,bitcoin,False,,,,,,NOT_CHECKABLE,bitcoin mentioned but no price direction or number,NOT_SCORED,False,bitcoin,2.69,2.96,23.78
t1_p49iak0,t3_1vqu68l,TwinWake,"Then, the price will spike so much that we’ll have to split the sats into decimals (0,01 sats i.e.), technically we have infinite Bitcoins.","Then, the price will spike so much that we’ll have to split the sats into decimals to ensure that we have infinite Bitcoins.",2026-08-17T14:38:14.682Z,bitcoin,2026-08-17T14:38:14.682Z,2026-08-17,2026-08-17,OPINION_OTHER,,False,,,,,,NOT_CHECKABLE,No crypto asset mentioned,NOT_SCORED,False,bitcoin,2.69,2.96,23.78
t1_p49ibdb,t3_1vqu68l,TwinWake,"Then, the price will spike so much that we’ll have to split the sats into decimals (0,01 sats i.e.), technically we have infinite Bitcoins.","Then, the price will spike so much that we’ll have to split the sats into decimals to ensure that we have infinite Bitcoins.",2026-08-17T14:38:14.682Z,bitcoin,2026-08-17T14:38:14.682Z,2026-08-17,2026-08-17,OPINION_OTHER,,False,,,,,,NOT_CHECKABLE,No crypto asset mentioned,NOT_SCORED,False,bitcoin,2.69,2.96,23.78
t1_p4azhjm,t3_1vqu68l,_RonPaulWasRight_,"This part: "" 3.507M BTC (16.7%) - estimated lost BTC""

This is completely an estimate, we don't know if it's even remotely close. News often comes out about very old wallets coming to life and moving their BTC. Which means this entire analysis is kind of pointless.",This is not about cryptocurrency trends.,2026-08-17T14:38:14.682Z,bitcoin,2026-08-17T14:38:14.682Z,2026-08-17,2026-08-17,OPINION_OTHER,bitcoin,False,,,,,,NOT_CHECKABLE,bitcoin mentioned but no price direction or number,NOT_SCORED,False,bitcoin,2.69,2.96,23.78
t1_p4bju9r,t3_1vqu68l,BigDipper0720,Your comment assumes demand will continue to increase for bitcoin. What is the catalyst for the growth?,"Your comment assumes demand will continue to increase for Bitcoin, with specific catalysts being identified for future growth. What is the catalyst for the growth?",2026-08-17T14:38:14.682Z,bitcoin,2026-08-17T14:38:14.682Z,2026-08-17,2026-08-17,TREND,bitcoin,False,UP,,UP,2.69,2.69,VERIFIED,bitcoin was UP +2.69% over 1d,ACCURATE,True,bitcoin,2.69,2.96,23.78
t1_p49d1qj,t3_1vqu68l,trooftooth,"What exactly would have to happen for BTC to 2x-3x?

Would that amount of fiat being poured signal a world in collapse?

How would you buy a coca cola with your btc, either today or in this post apocalyptic world where you’re a millionaire from your gamble?

If making a small purchase is expensive or prohibitive, how can BTC see the mass adoption required for any real multiplier from its current price?

I think the technology is awesome and bulletproof, but these questions bother me.","The text discusses the challenges of increasing Bitcoin's price beyond 2x-3x and the barriers to mass adoption necessary for such a significant increase.

Uptrend: Bitcoin.",2026-08-17T14:38:14.682Z,bitcoin,2026-08-17T14:38:14.682Z,2026-08-17,2026-08-17,TREND,bitcoin,False,UP,,UP,2.69,2.69,VERIFIED,bitcoin was UP +2.69% over 1d,ACCURATE,True,bitcoin,2.69,2.96,23.78
t1_p487bss,t3_1vqu68l,Darkpriest667,"Has anyone thought of a BIP that locks the satoshi wallets from sending but not receiving, that would fix the Quantum problem upcoming.","Has anyone thought of a BIP that locks the satoshi wallets from sending but not receiving, that would fix the Quantum problem?",2026-08-17T14:38:14.682Z,bitcoin,2026-08-17T14:38:14.682Z,2026-08-17,2026-08-17,EVENT_NEWS,,False,,,,,,NOT_CHECKABLE,No crypto asset mentioned,NOT_SCORED,False,bitcoin,2.69,2.96,23.78
t1_p488kcr,t3_1vqu68l,user_name_checks_out,"As far as I am concerned he can keep on selling even after he dies, that's up to him.","As far as I am concerned he can continue selling even after he dies, that's up to him.",2026-08-17T14:38:14.682Z,bitcoin,2026-08-17T14:38:14.682Z,2026-08-17,2026-08-17,OPINION_OTHER,,False,,,,,,NOT_CHECKABLE,No crypto asset mentioned,NOT_SCORED,False,bitcoin,2.69,2.96,23.78
t1_p48cfhq,t3_1vqu68l,JakobBowser,"It would be better for that BTC to get stolen, rather than frozen. Freezing wallets would destroy the thesis of BTC","It would be better for that Bitcoin to get stolen, rather than frozen. Freezing wallets would destroy the thesis of Bitcoin.",2026-08-17T14:38:14.682Z,bitcoin,2026-08-17T14:38:14.682Z,2026-08-17,2026-08-17,OPINION_OTHER,bitcoin,False,,,,,,NOT_CHECKABLE,bitcoin mentioned but no price direction or number,NOT_SCORED,False,bitcoin,2.69,2.96,23.78
t1_p48ktyq,t3_1vqu68l,Mean_Baseball5109,"Tengo años siguiendo el btc, nunca me ha convencido de que sirva para algo más que no sea comprar barato y luego vender caro, el que compro a precio caro se come la perdida, habrá que esperar mucho tiempo para que vuelva a subir, considerando las próximas salidas a bolsa, la necesidad de vender de microStrategi","Tengo años siguiendo el btc, nunca me convencido of a better use for it than as a payment method. 
Downtrend: Bitcoin.",2026-08-17T14:38:14.682Z,bitcoin,2026-08-17T14:38:14.682Z,2026-08-17,2026-08-17,TREND,bitcoin,False,DOWN,,UP,2.69,2.69,CONTRADICTED,"Claimed DOWN, market UP +2.69%",INACCURATE,True,bitcoin,2.69,2.96,23.78
t1_p48tdue,t3_1vqu68l,richardto4321,Bitcoin as a base layer anchor asset for everything else is becoming more of a reality every day.,Bitcoin's adoption as a base layer anchor asset for everything else is becoming more of a reality.,2026-08-17T14:38:14.682Z,bitcoin,2026-08-17T14:38:14.682Z,2026-08-17,2026-08-17,OPINION_OTHER,bitcoin,False,,,,,,NOT_CHECKABLE,bitcoin mentioned but no price direction or number,NOT_SCORED,False,bitcoin,2.69,2.96,23.78
t1_p4a41tb,t3_1vqu68l,oeoao,Bitcoin protocol allows for smaller units to be used so why would it become scarce?,Bitcoin's protocol allows for smaller units to be used so why would it become scarce?,2026-08-17T14:38:14.682Z,bitcoin,2026-08-17T14:38:14.682Z,2026-08-17,2026-08-17,OPINION_OTHER,bitcoin,False,,,,,,NOT_CHECKABLE,bitcoin mentioned but no price direction or number,NOT_SCORED,False,bitcoin,2.69,2.96,23.78
t1_p493q5x,t3_1vqu68l,magical_matey,People are still talking about Bitcoin?,People are still talking about Bitcoin?,2026-08-17T14:38:14.682Z,bitcoin,2026-08-17T14:38:14.682Z,2026-08-17,2026-08-17,OPINION_OTHER,bitcoin,False,,,,,,NOT_CHECKABLE,bitcoin mentioned but no price direction or number,NOT_SCORED,False,bitcoin,2.69,2.96,23.78
t1_p49fzsv,t3_1vqu68l,[deleted],"one other factor I forgot to mention wrt bitcoin

energy costs at this moment in time exceeds the dollar value of bitcoin. Should energy costs continue to soar, combined with lack of new flows into bitcoin from investors spells real danger. POWER LAW BREAKS DOWN. it is costing about 88,000 dollars to mine bitcoin. the value of bitcoin is below that. It is costing more energy than it is worth.

an analogy to grasp this reality.

recently the US eliminated the penny because it cost far more to mint a penny than it is actually worth. That is a perfect example of real world economics and the rising costs of energy. There are presently no serious solutions to reduce the costs to mine bitcoin. This is a problem. It has lost its standing as a store of value. And fundamental and principle measure of value that the so called satoshi developed it to at least match. it no longer matches...not even close.

does this mean that bitcoin will no longer be mined? quite possibly. miners do find some offsetting profits from transaction fees but without new flows and interest in buying bitcoin, two legs of the 4 leg stool are gone.

God Bless America","Bitcoin is facing a strong downtrend due to high energy costs and lack of investor interest, threatening its standing as a store of value.
Downtrend: Bitcoin.",2026-08-17T14:38:14.682Z,bitcoin,2026-08-17T14:38:14.682Z,2026-08-17,2026-08-17,TREND,bitcoin,False,DOWN,,UP,2.69,2.69,CONTRADICTED,"Claimed DOWN, market UP +2.69%",INACCURATE,True,bitcoin,2.69,2.96,23.78
t1_p49ikxz,t3_1vqu68l,Hour_Flounder1405,"one other factor I forgot to mention wrt bitcoin

energy costs at this moment in time exceeds the dollar value of bitcoin. Should energy costs continue to soar, combined with lack of new flows into bitcoin from investors spells real danger. POWER LAW BREAKS DOWN. it is costing about 88,000 dollars to mine bitcoin. the value of bitcoin is below that. It is costing more energy than it is worth.

an analogy to grasp this reality.

recently the US eliminated the penny because it cost far more to mint a penny than it is actually worth. That is a perfect example of real world economics and the rising costs of energy. There are presently no serious solutions to reduce the costs to mine bitcoin. This is a problem. It has lost its standing as a store of value. And fundamental and principle measure of value that the so called satoshi developed it to at least match. it no longer matches...not even close.

does this mean that bitcoin will no longer be mined? quite possibly. miners do find some offsetting profits from transaction fees but without new flows and interest in buying bitcoin, two legs of the 4 leg stool are gone.

God Bless America","Bitcoin is facing a strong downtrend due to high energy costs and lack of investor interest, threatening its standing as a store of value.
Downtrend: Bitcoin.",2026-08-17T14:38:14.682Z,bitcoin,2026-08-17T14:38:14.682Z,2026-08-17,2026-08-17,TREND,bitcoin,False,DOWN,,UP,2.69,2.69,CONTRADICTED,"Claimed DOWN, market UP +2.69%",INACCURATE,True,bitcoin,2.69,2.96,23.78
t1_p4depvw,t3_1vrgymn,bdjc_ink,AI will never answer banking needs like bitcoin. I’m hodling on with you Santiago! 🤙,"AI will never answer banking needs like bitcoin, but it's not about cryptocurrency trends.",2026-08-18T06:15:45.763Z,bitcoin,2026-08-18T06:15:45.763Z,2026-08-18,2026-08-17,OPINION_OTHER,bitcoin,False,,,,,,NOT_CHECKABLE,bitcoin mentioned but no price direction or number,NOT_SCORED,False,bitcoin,0.27,1.56,22.41
t1_p4dh28p,t3_1vrgymn,ElectricalCompote170,"I’m on shrooms now and bitcoin is at $1000,000","Bitcoin is currently at $1000,000, according to recent analysis. 
Uptrend: Bitcoin.",2026-08-18T06:15:45.763Z,bitcoin,2026-08-18T06:15:45.763Z,2026-08-18,2026-08-17,TREND,bitcoin,False,UP,,FLAT,0.27,0.27,INCONCLUSIVE,"Claimed UP, market flat (+0.27%)",NOT_SCORED,False,bitcoin,0.27,1.56,22.41
t1_p47e65a,t3_1vqou6f,capybaraAlgo,goldman can call it a long shot and the market can still keep a 40% bid.,"goldman can call it a long shot and the market can still keep a 40% bid, suggesting a potential upside for the cryptocurrency.",2026-08-17T10:46:13.898Z,bitcoin,2026-08-17T10:46:13.898Z,2026-08-17,2026-08-17,OPINION_OTHER,bitcoin,True,,,,,,NOT_CHECKABLE,bitcoin mentioned but no price direction or number,NOT_SCORED,False,bitcoin,2.69,2.96,23.78
t1_p491f7d,t3_1vqou6f,Full-Atmosphere-4818,There will be no hikes until December because the members don't wanna be seen tilting an election.,There will be no hikes until December because the members don't want to tilting an election.,2026-08-17T10:46:13.898Z,bitcoin,2026-08-17T10:46:13.898Z,2026-08-17,2026-08-17,OPINION_OTHER,,False,,,,,,NOT_CHECKABLE,No crypto asset mentioned,NOT_SCORED,False,bitcoin,2.69,2.96,23.78
t1_p474a9b,t3_1vqou6f,cubeeless,Bitcoin doesn’t care.,Bitcoin doesn’t care.,2026-08-17T10:46:13.898Z,bitcoin,2026-08-17T10:46:13.898Z,2026-08-17,2026-08-17,OPINION_OTHER,bitcoin,False,,,,,,NOT_CHECKABLE,bitcoin mentioned but no price direction or number,NOT_SCORED,False,bitcoin,2.69,2.96,23.78
t1_p444ail,t3_1vq8ubq,Low_Abrocoma_2475,Real bitcoiners arent eating anything actually. Intermittent fasting is when I do my best coding.,Real bitcoiners arent eating anything actually. Intermittent fasting is when I do my best coding.,2026-08-16T21:13:46.069Z,bitcoin,2026-08-16T21:13:46.069Z,2026-08-16,2026-08-10,OPINION_OTHER,,False,,,,,,NOT_CHECKABLE,No crypto asset mentioned,NOT_SCORED,False,bitcoin,-0.32,1.05,22.31
t1_p44xtji,t3_1vq8ubq,BestBleach,Intermittent fasting sounds a lot better than I only eat after payday before I put it all in bitcoin again,Intermittent fasting sounds a lot better than I only eat after payday before I put it all in bitcoin again.,2026-08-16T21:13:46.069Z,bitcoin,2026-08-16T21:13:46.069Z,2026-08-16,2026-08-10,OPINION_OTHER,bitcoin,False,,,,,,NOT_CHECKABLE,bitcoin mentioned but no price direction or number,NOT_SCORED,False,bitcoin,-0.32,1.05,22.31
t1_p44gjl8,t3_1vq8ubq,FTFOatl,"Bitcoin ETF hodlers are welcome right?

Right???",Bitcoin ETF hodlers are welcome right?,2026-08-16T21:13:46.069Z,bitcoin,2026-08-16T21:13:46.069Z,2026-08-16,2026-08-10,EVENT_NEWS,bitcoin,False,,,,,,NOT_CHECKABLE,bitcoin news/event - not checkable with price data,NOT_SCORED,False,bitcoin,-0.32,1.05,22.31
t1_p42z05c,t3_1vq5pf8,No-Energy4550,Its a lot better then zero.,Its a lot better then zero.,2026-08-16T19:09:53.328Z,bitcoin,2026-08-16T19:09:53.328Z,2026-08-16,2026-08-10,OPINION_OTHER,,False,,,,,,NOT_CHECKABLE,No crypto asset mentioned,NOT_SCORED,False,bitcoin,-0.32,1.05,22.31
t1_p432zha,t3_1vq5pf8,Cycling-Boss,"Any amount you are willing to lose can be invested, $5,$50,$500k, $50m, etc. No one knows if the bottom was here when it hit $58k or is tomorrow, or is 3 months away, or 3 years away. Thats why it is money you can afford to lose. I might add, be ok leaving the money for years, longer the horizon the better the chance you make really good returns.","Any amount you are willing to lose can be invested, $5,$50,000, $50m, etc. There is no specific trend information for Bitcoin, Ethereum, Tether, Solana, or Binance Coin. No one knows if the bottom was here when it hit $",2026-08-16T19:09:53.328Z,bitcoin,2026-08-16T19:09:53.328Z,2026-08-16,2026-08-10,PREDICTION,bitcoin,False,,,,,,NOT_CHECKABLE,Price prediction (future-tense) - can't be scored at posting time,NOT_SCORED,False,bitcoin,-0.32,1.05,22.31
t1_p4306vm,t3_1vq5pf8,GoldmezAddams,"$50 into anything isn't gonna do anything life changing. If BTC woke up and went off to the races and doubled in value, you'd have $100 worth. I'm not expecting that to happen tomorrow. $50 here and there can definitely add up. Long term, I'd take 80k sats over $50 cash, easily. But if it's your last and only $50, I'd probably just keep it cash to preserve the near term optionality, while I figured out my income/expense situation and tried to formulate a more comprehensive long term saving and investing strategy once I was in a position where income > expenses.","Bitcoin's potential increase in value is not yet significant enough to justify long-term investment consideration, but it's certainly tempting to invest in it for the short term. 
Uptrend: Bitcoin.",2026-08-16T19:09:53.328Z,bitcoin,2026-08-16T19:09:53.328Z,2026-08-16,2026-08-10,TREND,bitcoin,False,UP,,FLAT,-0.32,-0.32,INCONCLUSIVE,"Claimed UP, market flat (-0.32%)",NOT_SCORED,False,bitcoin,-0.32,1.05,22.31
t1_p4329ii,t3_1vq5pf8,GoldmezAddams,"In that case, sure. I think $50 is a perfectly good amount to get some experience and get a little skin in the game.","In that case, sure. I think $50 is a perfectly good amount to get some experience and get a little skin in the game.",2026-08-16T19:09:53.328Z,bitcoin,2026-08-16T19:09:53.328Z,2026-08-16,2026-08-10,OPINION_OTHER,,False,,,,,,NOT_CHECKABLE,No crypto asset mentioned,NOT_SCORED,False,bitcoin,-0.32,1.05,22.31
t1_p42zffp,t3_1vq5pf8,SMB-Punt,"Try to invest regularly, even small amounts, rather than just once in a while.","Try to invest regularly, even small amounts, rather than just once in a while.",2026-08-16T19:09:53.328Z,bitcoin,2026-08-16T19:09:53.328Z,2026-08-16,2026-08-10,OPINION_OTHER,,False,,,,,,NOT_CHECKABLE,No crypto asset mentioned,NOT_SCORED,False,bitcoin,-0.32,1.05,22.31
t1_p42xylj,t3_1vq5pf8,stellarfirefly,"Any amount you can afford without compromising your own lifestyle, is the proper amount.","Any amount you can afford without compromising your own lifestyle, is the proper amount.",2026-08-16T19:09:53.328Z,bitcoin,2026-08-16T19:09:53.328Z,2026-08-16,2026-08-10,OPINION_OTHER,,False,,,,,,NOT_CHECKABLE,No crypto asset mentioned,NOT_SCORED,False,bitcoin,-0.32,1.05,22.31
t1_p42xxpn,t3_1vq5pf8,violentpasta,"I would think with exchange rates you don't stand to make much with 50$. If the price of btc doubles somehow after you invest 50, you'd still probably only make about 48$ at most with fees","I would think with exchange rates you don't stand to make much with your Bitcoin investment, even if the price of btc doubles.",2026-08-16T19:09:53.328Z,bitcoin,2026-08-16T19:09:53.328Z,2026-08-16,2026-08-10,EVENT_NEWS,bitcoin,False,,,,,,NOT_CHECKABLE,bitcoin news/event - not checkable with price data,NOT_SCORED,False,bitcoin,-0.32,1.05,22.31
t1_p43287q,t3_1vq5pf8,crazy19delta,"$50 is a great start. Many people with large to huge crypto portfolios started out by buying $25 or $50. They got interested into BTC and the more they read, the more they learned, understood, then bought.","Many people with large portfolios started out by buying Bitcoin at $25 or $50, understanding it as a great start. They got interested in Bitcoin and the more they learned, understanding, and increased their investment.",2026-08-16T19:09:53.328Z,bitcoin,2026-08-16T19:09:53.328Z,2026-08-16,2026-08-10,OPINION_OTHER,bitcoin,False,,,,,,NOT_CHECKABLE,bitcoin mentioned but no price direction or number,NOT_SCORED,False,bitcoin,-0.32,1.05,22.31
t1_p43aecn,t3_1vq5pf8,Infamous-Discount-99,"Bitcoin is a vessel to save your earnings.

If youre looking at it as a 1 time lottery ticket or something, youre looking at it the wrong way.

Bitcoin should be a continuous contribution like any investment or savings strategy.","Bitcoin is a valuable investment and should be viewed as a continuous contribution to your savings strategy, similar to any other long-term investment.

",2026-08-16T19:09:53.328Z,bitcoin,2026-08-16T19:09:53.328Z,2026-08-16,2026-08-10,OPINION_OTHER,bitcoin,False,,,,,,NOT_CHECKABLE,bitcoin mentioned but no price direction or number,NOT_SCORED,False,bitcoin,-0.32,1.05,22.31
t1_p43vi7o,t3_1vq5pf8,spid3rfly,Any money you convert to btc... have a plan to leave it there for 4-5 years or don't convert it to btc.,Any money you convert to btc should be stored in a safe place for at least 4-5 years.,2026-08-16T19:09:53.328Z,bitcoin,2026-08-16T19:09:53.328Z,2026-08-16,2026-08-10,OPINION_OTHER,bitcoin,False,,,,,,NOT_CHECKABLE,bitcoin mentioned but no price direction or number,NOT_SCORED,False,bitcoin,-0.32,1.05,22.31
t1_p44ng2i,t3_1vq5pf8,JuxtaposeLife,"If every human on earth bought $50 today...

it would take ~33% of the total Bitcoin supply.","If every human on earth bought $50 today, it would constitute a significant portion of the total Bitcoin supply.",2026-08-16T19:09:53.328Z,bitcoin,2026-08-16T19:09:53.328Z,2026-08-16,2026-08-10,PREDICTION,bitcoin,False,,,,,,NOT_CHECKABLE,Price prediction (future-tense) - can't be scored at posting time,NOT_SCORED,False,bitcoin,-0.32,1.05,22.31
t1_p45znew,t3_1vq5pf8,Wide-Weakness-9792,"One cent buys around 150 satoshis, so yes, $50 is enough to buy some.","One cent buys around 150 satoshis, so yes, $50 is enough to buy some.",2026-08-16T19:09:53.328Z,bitcoin,2026-08-16T19:09:53.328Z,2026-08-16,2026-08-10,OPINION_OTHER,,False,,,,,,NOT_CHECKABLE,No crypto asset mentioned,NOT_SCORED,False,bitcoin,-0.32,1.05,22.31
t1_p431uno,t3_1vq5pf8,notanigaa,Everyone saying btc will hit a million.,Everyone is predicting a significant rise in Bitcoin's value.,2026-08-16T19:09:53.328Z,bitcoin,2026-08-16T19:09:53.328Z,2026-08-16,2026-08-10,TREND,bitcoin,False,UP,,FLAT,-0.32,-0.32,INCONCLUSIVE,"Claimed UP, market flat (-0.32%)",NOT_SCORED,False,bitcoin,-0.32,1.05,22.31
t1_p4372fs,t3_1vq5pf8,tedusam,"https://bitcoindeaths.com/ it's a website with all the people saying ""crypto is dead"" over the history. But despite that, BTC keeps going up in cycles.","Bitcoin is experiencing a positive trend as it goes up in cycles despite skeptics' predictions. 
Uptrend: Bitcoin.",2026-08-16T19:09:53.328Z,bitcoin,2026-08-16T19:09:53.328Z,2026-08-16,2026-08-10,TREND,bitcoin,False,UP,,FLAT,-0.32,-0.32,INCONCLUSIVE,"Claimed UP, market flat (-0.32%)",NOT_SCORED,False,bitcoin,-0.32,1.05,22.31
t1_p4byj7f,t3_1vqvkwp,paokara777,The bad news over the past couple of weeks hasnt really moved the price. I think its mostly long term hodlers remaining,"The bad news over the past couple of weeks hasnt really moved the price of Bitcoin, as long-term investors remain optimistic about its future.",2026-08-17T15:29:55.463Z,bitcoin,2026-08-17T15:29:55.463Z,2026-08-17,2026-08-17,OPINION_OTHER,bitcoin,False,,,,,,NOT_CHECKABLE,bitcoin mentioned but no price direction or number,NOT_SCORED,False,bitcoin,2.69,2.96,23.78
t1_p49ah98,t3_1vqvkwp,IndependentSpeck,"This guy ^ is right as much as I hate to admit it. Everyone is broke because of the highly regarded policies of the administration in power right now. Everything is more expensive, except the one thing that should be; Bitcoin is the least expensive right now as compared with a lot of its recent history. If I could buy the dip of the dip of the dip, I'd be loaded by now....","Bitcoin is currently the least expensive cryptocurrency compared to its recent history, despite the negative policies affecting the broader economy.This guy is right as much as I hate to admit it. Everyone is broke because of the highly regarded policies of the administration in power. Everything is more expensive, except the one thing that should",2026-08-17T15:29:55.463Z,bitcoin,2026-08-17T15:29:55.463Z,2026-08-17,2026-08-17,OPINION_OTHER,bitcoin,False,,,,,,NOT_CHECKABLE,bitcoin mentioned but no price direction or number,NOT_SCORED,False,bitcoin,2.69,2.96,23.78
t1_p48l7po,t3_1vqvkwp,in4life,Better accumulation point here for where the next cycle realistically tops,"Better accumulation points are identified for the next cycle potentially surpassing $50k, suggesting potential growth.",2026-08-17T15:29:55.463Z,bitcoin,2026-08-17T15:29:55.463Z,2026-08-17,2026-08-17,OPINION_OTHER,,False,,,,,,NOT_CHECKABLE,No crypto asset mentioned,NOT_SCORED,False,bitcoin,2.69,2.96,23.78
t1_p4d2qwm,t3_1vqvkwp,Klatty,Nothing happened. Zoom tf out,Nothing happened. Zoom tf out,2026-08-17T15:29:55.463Z,bitcoin,2026-08-17T15:29:55.463Z,2026-08-17,2026-08-17,OPINION_OTHER,,False,,,,,,NOT_CHECKABLE,No crypto asset mentioned,NOT_SCORED,False,bitcoin,2.69,2.96,23.78
t1_p4917i9,t3_1vqvkwp,SmegmaWarrior0815,Literal crab market between 62k and 65k. Accumulation phase.,Literal crab market between 62k and 65k.,2026-08-17T15:29:55.463Z,bitcoin,2026-08-17T15:29:55.463Z,2026-08-17,2026-08-17,OPINION_OTHER,,False,,,,,,NOT_CHECKABLE,No crypto asset mentioned,NOT_SCORED,False,bitcoin,2.69,2.96,23.78
t1_p48k2zw,t3_1vqvkwp,alextop30,Still pretty good time to buy. Just remember we were here many a times if you buy now and it goes to 120k again you just doubled your money.,Still pretty good time to buy. Just remember we were here many a times if you buy now and it goes to 120k again you just doubled your money.,2026-08-17T15:29:55.463Z,bitcoin,2026-08-17T15:29:55.463Z,2026-08-17,2026-08-17,OPINION_OTHER,,False,,,,,,NOT_CHECKABLE,No crypto asset mentioned,NOT_SCORED,False,bitcoin,2.69,2.96,23.78
t1_p49h6d7,t3_1vqvkwp,Equal_Raise_6166,Nothing ever happens,Nothing ever happens.,2026-08-17T15:29:55.463Z,bitcoin,2026-08-17T15:29:55.463Z,2026-08-17,2026-08-17,OPINION_OTHER,,False,,,,,,NOT_CHECKABLE,No crypto asset mentioned,NOT_SCORED,False,bitcoin,2.69,2.96,23.78
t1_p4ayotv,t3_1vqvkwp,Slow-Ad-2541,"Coming up on October ATH I believe, it’s accumulation phase, ideally with DCA. In a few years, you will thank yourself, assuming cycle follows history.

In addition, we have institutional buying, ETFs, awareness, government purchases, countries adopting, etc but still no real daily usage for retail but I believe we will get there at some point.","In addition, we have institutional buying, ETFs, awareness, government purchases, etc but still no real daily usage for retail but I believe we will get there at some point.Coming up on October ATH I believe, it's accumulation phase, ideally with DCA.",2026-08-17T15:29:55.463Z,bitcoin,2026-08-17T15:29:55.463Z,2026-08-17,2026-08-17,OPINION_OTHER,,False,,,,,,NOT_CHECKABLE,No crypto asset mentioned,NOT_SCORED,False,bitcoin,2.69,2.96,23.78
t1_p4b0c8g,t3_1vqvkwp,PhysicistDude137,"50,000 here we come. We're are sooooo back!","50,000 here we come.",2026-08-17T15:29:55.463Z,bitcoin,2026-08-17T15:29:55.463Z,2026-08-17,2026-08-17,OPINION_OTHER,,False,,,,,,NOT_CHECKABLE,No crypto asset mentioned,NOT_SCORED,False,bitcoin,2.69,2.96,23.78
t1_p4b6rtt,t3_1vqvkwp,Equal_Mission_4667,Bitcoin really said “we’re back” for the 100th time lol.,Bitcoin has officially announced its return to the market.Bitcoin really said “we’re back” for the 100th time lol.,2026-08-17T15:29:55.463Z,bitcoin,2026-08-17T15:29:55.463Z,2026-08-17,2026-08-17,EVENT_NEWS,bitcoin,False,,,,,,NOT_CHECKABLE,bitcoin news/event - not checkable with price data,NOT_SCORED,False,bitcoin,2.69,2.96,23.78
t1_p4b80ix,t3_1vqvkwp,Prize-Support-9351,Why has Bitcoin became so boring? Even gold is more exciting and that’s sad,"Bitcoin has become boring, compared to gold, which is more exciting. 
Downtrend: Bitcoin.",2026-08-17T15:29:55.463Z,bitcoin,2026-08-17T15:29:55.463Z,2026-08-17,2026-08-17,TREND,bitcoin,False,DOWN,,UP,2.69,2.69,CONTRADICTED,"Claimed DOWN, market UP +2.69%",INACCURATE,True,bitcoin,2.69,2.96,23.78
t1_p48waju,t3_1vqvkwp,thatsadmotherfucker,"I'm waiting on BTC below 60k. I know it will come, just gotta wait a little longer","I'm waiting on Bitcoin to drop below $60k for a more positive outlook. I know it will come, just gotta wait a little longer",2026-08-17T15:29:55.463Z,bitcoin,2026-08-17T15:29:55.463Z,2026-08-17,2026-08-17,PREDICTION,bitcoin,False,DOWN,,,,,NOT_CHECKABLE,Price prediction (future-tense) - can't be scored at posting time,NOT_SCORED,False,bitcoin,2.69,2.96,23.78
t1_p49cxw3,t3_1vqvkwp,More-Sandwich-1894,"Just wanna keep this comment here so I can come back to it. Bitcoin will be at 23,000. By August 2027. That is all.","Bitcoin is projected to reach 23,000 by August 2027 according to recent analysis. 
Uptrend: Bitcoin.",2026-08-17T15:29:55.463Z,bitcoin,2026-08-17T15:29:55.463Z,2026-08-17,2026-08-17,TREND,bitcoin,False,UP,,UP,2.69,2.69,VERIFIED,bitcoin was UP +2.69% over 1d,ACCURATE,True,bitcoin,2.69,2.96,23.78
t1_p4b2lyx,t3_1vqvkwp,tedusam,"You must be retarded. Bitcoin goes up in cycles. From 16K to 126K is more than 700% in gains. So stfu and do the math's, you mongoloid.","Bitcoin has experienced significant gains, from 16K to 126K, demonstrating a cycle of positive growth.You must be retarded. Bitcoin goes up in cycles.",2026-08-17T15:29:55.463Z,bitcoin,2026-08-17T15:29:55.463Z,2026-08-17,2026-08-17,NUMERIC_PRICE,bitcoin,False,UP,16000.0,,64506.25,,INACCURATE,"Claimed $16,000, bitcoin traded $62,687-$64,548 that day (off by 72.4%)",INACCURATE,True,bitcoin,2.69,2.96,23.78
t1_p4a090i,t3_1vqvkwp,iamanej,"another leg down incoming - just be calm and wait for the right moment to start investing into it. My first buy will be around 50-55, next bigger one at 43","another leg down incoming - just be calm and wait for the right moment to invest in it. My first buy will be around 50-55, next bigger one at 43",2026-08-17T15:29:55.463Z,bitcoin,2026-08-17T15:29:55.463Z,2026-08-17,2026-08-17,OPINION_OTHER,,False,,,,,,NOT_CHECKABLE,No crypto asset mentioned,NOT_SCORED,False,bitcoin,2.69,2.96,23.78
t1_p4a9u2y,t3_1vqvkwp,Busy-Ostrich2647,Bottom for Bitcoin is coming in October,The news article suggests a potential bottom for Bitcoin is coming in October.,2026-08-17T15:29:55.463Z,bitcoin,2026-08-17T15:29:55.463Z,2026-08-17,2026-08-17,OPINION_OTHER,bitcoin,False,,,,,,NOT_CHECKABLE,bitcoin mentioned but no price direction or number,NOT_SCORED,False,bitcoin,2.69,2.96,23.78
t1_p4akggh,t3_1vqvkwp,Antonio_928s4,"I already have .06 BTC. I’m not buying more dips. I’m waiting for Bitcoin to reach $100K to sell it all. I’m switching to QQQ, SPY & VTI instead.","Bitcoin is experiencing a downtrend as it trades below $100K, prompting me to switch to QQQ and SPY. 
Downtrend: Bitcoin.",2026-08-17T15:29:55.463Z,bitcoin,2026-08-17T15:29:55.463Z,2026-08-17,2026-08-17,NUMERIC_PRICE,bitcoin,False,DOWN,100000.0,,64506.25,,INACCURATE,"Claimed $100,000, bitcoin traded $62,687-$64,548 that day (off by 55.0%)",INACCURATE,True,bitcoin,2.69,2.96,23.78
t1_p4bamoz,t3_1vr7m7h,Majestic_Section3228,95% mined supply and it’s still just bouncing between numbers we’ve seen for months.,95% mined supply and it’s still just bouncing between numbers we’ve seen for months.,2026-08-17T22:54:02.727Z,bitcoin,2026-08-17T22:54:02.727Z,2026-08-17,2026-08-17,OPINION_OTHER,,False,,,,,,NOT_CHECKABLE,No crypto asset mentioned,NOT_SCORED,False,bitcoin,2.69,2.96,23.78
t1_p4af1dp,t3_1vr3qe1,unpdigital,"The $ makes the race for criminal activity by 100 times, at least.
The negative press we ""enjoy"" made sure that Bitcoin is just for bad players.","The negative press we ""enjoy"" has effectively made Bitcoin a criminal asset, enhancing its appeal for criminals.The $ makes the race for criminal activity by 100 times, at least.",2026-08-17T20:23:29.902Z,bitcoin,2026-08-17T20:23:29.902Z,2026-08-17,2026-08-17,OPINION_OTHER,bitcoin,False,,,,,,NOT_CHECKABLE,bitcoin mentioned but no price direction or number,NOT_SCORED,False,bitcoin,2.69,2.96,23.78
t1_p4b0sop,t3_1vr3qe1,Laukess,"People who argue this don't want freedom, they want control. Bitcoin makes no sense for these people.
Bitcoin is used by criminals. Not nearly as much as the USD, or most other fiat currencies.
Bitcoin being used by criminals is a good thing.","Bitcoin is being increasingly used by criminals, which is a good thing. 
Uptrend: Bitcoin.",2026-08-17T20:23:29.902Z,bitcoin,2026-08-17T20:23:29.902Z,2026-08-17,2026-08-17,TREND,bitcoin,False,UP,,UP,2.69,2.69,VERIFIED,bitcoin was UP +2.69% over 1d,ACCURATE,True,bitcoin,2.69,2.96,23.78
t1_p4c22kz,t3_1vr3qe1,laserbref22,Every ransomware attack requests Bitcoin.,"Every ransomware attack requests Bitcoin, indicating a strong demand for the cryptocurrency.",2026-08-17T20:23:29.902Z,bitcoin,2026-08-17T20:23:29.902Z,2026-08-17,2026-08-17,OPINION_OTHER,bitcoin,False,,,,,,NOT_CHECKABLE,bitcoin mentioned but no price direction or number,NOT_SCORED,False,bitcoin,2.69,2.96,23.78
t1_p4cfake,t3_1vr3qe1,stanley_fatmax,"Lack of merit? It's true. That doesn't make Bitcoin inherently bad, though. The same things that make it ideal for criminal use are those things that make it a solid store of value and currency. For instance, the decentralized nature is a natural draw for criminals who've been kicked off every centralized platform. The ease with which it can be divided and transferred is second to none, including cash. Try traveling with $1M cash, or heck, even $50K. You won't get far without being stopped. Also, just because transactions are public doesn't mean the person or group making them is known. There's a reason mixers, coinjoin, swaps, non-KYC exchanges, etc. exist - if you're careful, Bitcoin is just as anonymous as any other method of transacting.","Lack of merit? It's true. That doesn't make Bitcoin inherently bad, though. The same things that make it ideal for criminal use are also strengths as a solid store of value and currency. For instance, its decentralized nature and ease of transaction make it attractive to criminals. Also, just because",2026-08-17T20:23:29.902Z,bitcoin,2026-08-17T20:23:29.902Z,2026-08-17,2026-08-17,OPINION_OTHER,bitcoin,False,,,,,,NOT_CHECKABLE,bitcoin mentioned but no price direction or number,NOT_SCORED,False,bitcoin,2.69,2.96,23.78
t1_p46sq6c,t3_1vqdd1l,No-Wrap3568,"Except for coldcard, there have been no real hacks till date for hardware wallets. Trezor and safepal are cases of data breach that was mainly their shipping provider's fault but you can still call it their mistake because they trusted the wrong companies.

That being said, there are still many safe options which don't have a history of hacks or data leaks like Jade, Cypher rock, bitbox etc.","Except for coldcard, there have been no real hacks for hardware wallets. Trezor and safepal are cases of data breach that was mainly their shipping provider's fault but you can still call it their mistake because they trusted the wrong companies.That being said, there are still many safe options which",2026-08-17T00:31:18.493Z,bitcoin,2026-08-17T00:31:18.493Z,2026-08-17,2026-08-17,OPINION_OTHER,,False,,,,,,NOT_CHECKABLE,No crypto asset mentioned,NOT_SCORED,False,bitcoin,2.69,2.96,23.78
t1_p48u0ml,t3_1vqdd1l,KingKetsa,Nothing is happening.,Nothing is happening.,2026-08-17T00:31:18.493Z,bitcoin,2026-08-17T00:31:18.493Z,2026-08-17,2026-08-17,OPINION_OTHER,,False,,,,,,NOT_CHECKABLE,No crypto asset mentioned,NOT_SCORED,False,bitcoin,2.69,2.96,23.78
t1_p44qr8g,t3_1vqdd1l,Dmarine999,"There are some inaccuracies in your post. However, an underlying issue has been uncovered. BTC, itself, is trustless, but if you use a HW wallet or exchange, you are trusting those third parties have sound security in place. I'm sure I'll get downvoted like crazy, but I moved my BTC from the wallet secured by my HW device back to CB. I'd rather roll the dice on CB that a HW wallet provider that may or may not have their sh1t together.","There are some inaccuracies in your post. However, an underlying issue has been uncovered. I'm sure I'll get downvoted like crazy, but I moved my BTC from the wallet secured by my HW device back to CB. 
Uptrend: Bitcoin.",2026-08-17T00:31:18.493Z,bitcoin,2026-08-17T00:31:18.493Z,2026-08-17,2026-08-17,TREND,bitcoin,False,UP,,UP,2.69,2.69,VERIFIED,bitcoin was UP +2.69% over 1d,ACCURATE,True,bitcoin,2.69,2.96,23.78
t1_p44p3r3,t3_1vqdd1l,pairoxR,"In the end, it really looks like we’re going to have to do it that way.","In the end, it really looks like we’re going to have to do it that way.",2026-08-17T00:31:18.493Z,bitcoin,2026-08-17T00:31:18.493Z,2026-08-17,2026-08-17,OPINION_OTHER,,False,,,,,,NOT_CHECKABLE,No crypto asset mentioned,NOT_SCORED,False,bitcoin,2.69,2.96,23.78
t1_p46esws,t3_1vqdd1l,Natural-Contact-3875,"the entire point of bitcoin is self custody, but feel free to give in to the fud, that's exactly what they want","The text discusses the ongoing debate about Bitcoin's self custody and its role in society.the entire point of bitcoin is self custody, but feel free to give in to the fud, that's exactly what they want",2026-08-17T00:31:18.493Z,bitcoin,2026-08-17T00:31:18.493Z,2026-08-17,2026-08-17,OPINION_OTHER,bitcoin,False,,,,,,NOT_CHECKABLE,bitcoin mentioned but no price direction or number,NOT_SCORED,False,bitcoin,2.69,2.96,23.78
t1_p482em4,t3_1vqtfwt,CapnCurt81,"Bitcoin represents about 10% of my total portfolio. Wait now it's 8%. No, 5%. Oh we're back to 8%. Okay now 5% again.","Bitcoin represents about 10% of my total portfolio, with a recent increase to 8%. Wait, that's not enough.",2026-08-17T14:10:47.900Z,bitcoin,2026-08-17T14:10:47.900Z,2026-08-17,2026-08-17,NUMERIC_PERCENT,bitcoin,False,UP,10.0,UP,2.69,2.69,APPROXIMATE,"Claimed +10.0%, bitcoin moved +2.69% (off by 7.3 points)",APPROXIMATE,True,bitcoin,2.69,2.96,23.78
t1_p481sc3,t3_1vqtfwt,renba7,"Im not sure that it needs to scale with conviction. You can be assured of a thing and still realize it is speculative. I think BTC is a fantastic concept and I am pretty convinced of that. It is about 6% of my networth. That feels cozy.
Another way to think about it is: if I have my entire networth in cash and owned nothing so could start from 0, how much of that would o want in BTC?","Bitcoin is a fantastic concept and I am pretty convinced of its feasibility, although its conviction needs to be scaled with conviction. 
Uptrend: Bitcoin.",2026-08-17T14:10:47.900Z,bitcoin,2026-08-17T14:10:47.900Z,2026-08-17,2026-08-17,TREND,bitcoin,False,UP,,UP,2.69,2.69,VERIFIED,bitcoin was UP +2.69% over 1d,ACCURATE,True,bitcoin,2.69,2.96,23.78
t1_p4850y7,t3_1vqtfwt,Efficient_Range1156,NW is about 75% BTC. It’s only that high because Bitcoin is the most performant asset I’ve ever owned and I refuse to rebalance 😂,"NW is about 75% Bitcoin, and it's a high percentage due to my steadfast belief in Bitcoin's performance. It’s only that high because Bitcoin is the most performant asset I’ve ever owned.",2026-08-17T14:10:47.900Z,bitcoin,2026-08-17T14:10:47.900Z,2026-08-17,2026-08-17,OPINION_OTHER,bitcoin,False,,,,,,NOT_CHECKABLE,bitcoin mentioned but no price direction or number,NOT_SCORED,False,bitcoin,2.69,2.96,23.78
t1_p48z7b6,t3_1vqtfwt,quintavious_danilo,I switched from 100% VOO to 100% BTC during this bear market and keep buying regularly. Opportunity is too good to let it slip away.,I switched from 100% VOO to 100% Bitcoin during this bear market and keep buying regularly. Opportunity is too good to let it slip away.,2026-08-17T14:10:47.900Z,bitcoin,2026-08-17T14:10:47.900Z,2026-08-17,2026-08-17,OPINION_OTHER,bitcoin,False,,,,,,NOT_CHECKABLE,bitcoin mentioned but no price direction or number,NOT_SCORED,False,bitcoin,2.69,2.96,23.78
t1_p4bjv90,t3_1vqtfwt,JimmySki6166,33% of my portfolio and I purchase 1k every week and have been doing so for years!! BTC is the best asset you can purchase in my opinion!!,Bitcoin is currently in my portfolio as a significant consideration. It represents approximately 1.33% of my portfolio and I purchase 1k every week.,2026-08-17T14:10:47.900Z,bitcoin,2026-08-17T14:10:47.900Z,2026-08-17,2026-08-17,OPINION_OTHER,bitcoin,False,,,,,,NOT_CHECKABLE,bitcoin mentioned but no price direction or number,NOT_SCORED,False,bitcoin,2.69,2.96,23.78
t1_p481mv7,t3_1vqtfwt,closem1,"I acquire some everyday, regardless of price. The % of my portfolio to BTC fluctuates as the price fluctuates, but I treat it as savings/retirement, so I don’t plan to sell for many years.","I treat my Bitcoin portfolio as a savings/retirement account, fluctuating as the price fluctuates.  
Uptrend: Bitcoin.",2026-08-17T14:10:47.900Z,bitcoin,2026-08-17T14:10:47.900Z,2026-08-17,2026-08-17,TREND,bitcoin,False,UP,,UP,2.69,2.69,VERIFIED,bitcoin was UP +2.69% over 1d,ACCURATE,True,bitcoin,2.69,2.96,23.78
t1_p495ych,t3_1vqtfwt,Longjumping-Link-455,"It's 15% of my total porofilio. I have my Roth IRA and 457, emergency fund and a taxable brokerage.

My 15% allocation isn't on purpose. I just calculated it out to figure out bc I didn't actually know. I started buying around 2019 and slowly increased my DCA when possible. BTC is my satellite, after my bills and other investments are funded. I do my DCA and what every is extra. If anything is over my checking threshold after bills and expenses, I carry over to BTC.","Bitcoin is my primary investment, accounting for 15% of my total porofilio, and it is always carried over to other investments as payments are made. If anything is over my checking threshold after bills and expenses, I carry over to BTC.My 15% allocation isn't on purpose. I",2026-08-17T14:10:47.900Z,bitcoin,2026-08-17T14:10:47.900Z,2026-08-17,2026-08-17,OPINION_OTHER,bitcoin,False,,,,,,NOT_CHECKABLE,bitcoin mentioned but no price direction or number,NOT_SCORED,False,bitcoin,2.69,2.96,23.78
t1_p49xfq8,t3_1vqtfwt,Charge36,"5 to 10 percent max if you're going to have any at all. This is just based on basic investing diversification strategy. Yeah you might miss some upside, but you won't wipe out your net worth to losing keys or waiting for a bull that never comes. Meanwhile you have a good chance of making gains with the other 90% of your net worth, even if Bitcoin doesn't pan out like you expect","You have a good chance of making gains with your other 90% of your net worth, even if Bitcoin doesn't pan out like you expect. This is just based on basic investing diversification strategy. Yeah you might miss some upside, but you won't wipe out everything else out due to a",2026-08-17T14:10:47.900Z,bitcoin,2026-08-17T14:10:47.900Z,2026-08-17,2026-08-17,OPINION_OTHER,bitcoin,False,,,,,,NOT_CHECKABLE,bitcoin mentioned but no price direction or number,NOT_SCORED,False,bitcoin,2.69,2.96,23.78
t1_p4bbcn5,t3_1vqtfwt,RoundChampionship840,I don't put more than 5% in any single investment.,I don't put more than 5% in any single investment.,2026-08-17T14:10:47.900Z,bitcoin,2026-08-17T14:10:47.900Z,2026-08-17,2026-08-17,OPINION_OTHER,,False,,,,,,NOT_CHECKABLE,No crypto asset mentioned,NOT_SCORED,False,bitcoin,2.69,2.96,23.78
t1_p4dgd59,t3_1vqtfwt,BubblyDeal1920,My target is to have a 5% of my portfolio on BTC,Bitcoin is currently experiencing positive momentum with a target of having a 5% portfolio allocation.,2026-08-17T14:10:47.900Z,bitcoin,2026-08-17T14:10:47.900Z,2026-08-17,2026-08-17,OPINION_OTHER,bitcoin,False,,,,,,NOT_CHECKABLE,bitcoin mentioned but no price direction or number,NOT_SCORED,False,bitcoin,2.69,2.96,23.78
t1_p4e1xmt,t3_1vqtfwt,Vincentstrutz,I don't have much in savings so 100% of them are in Bitcoin.,I don't have much in savings so 100% of my investments are in Bitcoin.,2026-08-17T14:10:47.900Z,bitcoin,2026-08-17T14:10:47.900Z,2026-08-17,2026-08-17,OPINION_OTHER,bitcoin,False,,,,,,NOT_CHECKABLE,bitcoin mentioned but no price direction or number,NOT_SCORED,False,bitcoin,2.69,2.96,23.78
t1_p4ayzz2,t3_1vqtfwt,Odd_Balance7916,Less than 3% for crypto speculative investments.,Less than 3% for crypto speculative investments.,2026-08-17T14:10:47.900Z,bitcoin,2026-08-17T14:10:47.900Z,2026-08-17,2026-08-17,OPINION_OTHER,bitcoin,True,,,,,,NOT_CHECKABLE,bitcoin mentioned but no price direction or number,NOT_SCORED,False,bitcoin,2.69,2.96,23.78
t1_p4csnf6,t3_1vr64v4,Profil3r,"Excellent advice. Just this morning I got scammed and one of my wallets was drained. The scammer posed as part of a legitimate help thread on Discor - when I clicked through for help had to “reconnect my wallet“ and within 10 minutes, I watched it drain away my BTC. Thankfully, I had switched over some of my coin to two different other wallets about a month ago. I lost a quarter of my stash and I’m still sick about it but to keep your Bitcoin diversified in at least two or three wallets is a terrific idea.

Also consider installing Electrum.

Apparently, they have a method for interrupting a transaction by charging a higher fee, and there is a potential to get some of the stolen coin returned. Unfortunately my transaction was complete by the time I got it installed. It was recommended by Exodus and I’m gonna keep it installed.","Keep your Bitcoin diversified in at least two or three wallets is recommended as a safeguard against scams like this one, which can lead to a positive outcome. 

Downtrend: Bitcoin.",2026-08-17T21:54:44.528Z,bitcoin,2026-08-17T21:54:44.528Z,2026-08-17,2026-08-17,TREND,bitcoin,False,DOWN,,UP,2.69,2.69,CONTRADICTED,"Claimed DOWN, market UP +2.69%",INACCURATE,True,bitcoin,2.69,2.96,23.78
t1_p475uti,t3_1vqou7c,Mooks79,"Many things are possible. But you have a ~(number of existing wallets)/1060 chance every guess. If you make a trillion guesses a second and there are a billion existing wallets, how many seconds will it take you - on average - to hit a used wallet? (Hint, it’s quite a long time). 

Edit: that said, the above assumes everything is completely random. As the current coldcard issue shows, if a wallet seed was not generated using sufficient randomness (entropy) the wallets will be easier to guess.","Many things are possible. 
Uptrend: Bitcoin.",2026-08-17T10:46:15.833Z,bitcoin,2026-08-17T10:46:15.833Z,2026-08-17,2026-08-17,TREND,bitcoin,False,UP,,UP,2.69,2.69,VERIFIED,bitcoin was UP +2.69% over 1d,ACCURATE,True,bitcoin,2.69,2.96,23.78
t1_p47ajuf,t3_1vqou7c,icebeamtheory,"Try getting some dice and rolling each die 100 times. Record the rolls in exact order. If you do so, you will have created a random pattern that no other human in history has rolled in their exact sequence. Another example: take a deck of cards and shuffle them well. Deal out a hand to five or so people. Each person will receive a unique set of cards that only exists for them in the history of existence, as there are a mind-boggling number of different combinations that can appear from a shuffled deck of cards.","Try getting some dice and rolling each die 100 times, creating a unique pattern that no other human has ever done before. Another example: take a deck of cards and shuffle them well. Deal out a hand to five or so people. Record the rolls in exact order. If you do so, you will",2026-08-17T10:46:15.833Z,bitcoin,2026-08-17T10:46:15.833Z,2026-08-17,2026-08-17,OPINION_OTHER,,False,,,,,,NOT_CHECKABLE,No crypto asset mentioned,NOT_SCORED,False,bitcoin,2.69,2.96,23.78
t1_p4bd42z,t3_1vqevm4,LazyTech8315,"Exactly. I have 15 die, will likely buy more from a different store, different brand... just for variation.","Exactly. I have 15 die certificates and plan to purchase more from a different store, just for variation.",2026-08-17T01:43:27.476Z,bitcoin,2026-08-17T01:43:27.476Z,2026-08-17,2026-08-17,OPINION_OTHER,,False,,,,,,NOT_CHECKABLE,No crypto asset mentioned,NOT_SCORED,False,bitcoin,2.69,2.96,23.78
t1_p49y6vr,t3_1vqysc8,btwwhichoneispink,This gives me Sora vibes.,This gives me Sora vibes.,2026-08-17T17:28:46.709Z,bitcoin,2026-08-17T17:28:46.709Z,2026-08-17,2026-08-17,OPINION_OTHER,,False,,,,,,NOT_CHECKABLE,No crypto asset mentioned,NOT_SCORED,False,bitcoin,2.69,2.96,23.78
t1_p4c991u,t3_1vqysc8,Flat-Activity-8613,Bitcoin CEO,Bitcoin's CEO discusses cryptocurrency trends.,2026-08-17T17:28:46.709Z,bitcoin,2026-08-17T17:28:46.709Z,2026-08-17,2026-08-17,OPINION_OTHER,bitcoin,False,,,,,,NOT_CHECKABLE,bitcoin mentioned but no price direction or number,NOT_SCORED,False,bitcoin,2.69,2.96,23.78
t1_p4a2id5,t3_1vqysc8,MRJohnson1997,That’s exactly what I was thinking. I think this is a bad look for bitcoin.,That’s exactly what I was thinking. I think this is a bad look for Bitcoin.,2026-08-17T17:28:46.709Z,bitcoin,2026-08-17T17:28:46.709Z,2026-08-17,2026-08-17,OPINION_OTHER,bitcoin,False,,,,,,NOT_CHECKABLE,bitcoin mentioned but no price direction or number,NOT_SCORED,False,bitcoin,2.69,2.96,23.78
t1_p4dzl1b,t3_1vqysc8,JumpProfessional3372,Bitcoin starting to become an AGI,Bitcoin is showing signs of becoming an AGI according to recent research.,2026-08-17T17:28:46.709Z,bitcoin,2026-08-17T17:28:46.709Z,2026-08-17,2026-08-17,OPINION_OTHER,bitcoin,False,,,,,,NOT_CHECKABLE,bitcoin mentioned but no price direction or number,NOT_SCORED,False,bitcoin,2.69,2.96,23.78
t1_p4bv32k,t3_1vqysc8,Academic_Attorney996,We now have AI and this old banking system is garbage!! Live in 2026 like 2026. Bitcoin is KING.,Bitcoin is KING.We now have AI and this old banking system is garbage!! Live in 2026 like 2026.,2026-08-17T17:28:46.709Z,bitcoin,2026-08-17T17:28:46.709Z,2026-08-17,2026-08-17,OPINION_OTHER,bitcoin,False,,,,,,NOT_CHECKABLE,bitcoin mentioned but no price direction or number,NOT_SCORED,False,bitcoin,2.69,2.96,23.78
t1_p49svmt,t3_1vqysc8,TheMoonMoth,Yea that stood out to me too. Paying to use a system is inevitable. At least Bitcoin fees go to the parties securing the system and programmatically determined rather than some arbitrary value funding some Executives vacation,Yea that stood out to me too. Paying to use a system is inevitable. At least Bitcoin fees go to the parties securing the system and programmatically determined rather than some arbitrary value funding some Executives vacation,2026-08-17T17:28:46.709Z,bitcoin,2026-08-17T17:28:46.709Z,2026-08-17,2026-08-17,OPINION_OTHER,bitcoin,False,,,,,,NOT_CHECKABLE,bitcoin mentioned but no price direction or number,NOT_SCORED,False,bitcoin,2.69,2.96,23.78
t1_p49wary,t3_1vqysc8,NoChanceItsHer,This is Bitcoin. What are gas fees?,This is Bitcoin.,2026-08-17T17:28:46.709Z,bitcoin,2026-08-17T17:28:46.709Z,2026-08-17,2026-08-17,OPINION_OTHER,bitcoin,False,,,,,,NOT_CHECKABLE,bitcoin mentioned but no price direction or number,NOT_SCORED,False,bitcoin,2.69,2.96,23.78
t1_p4aqq94,t3_1vqysc8,MinnesotaNiceTry,"I mean yes, however interchange rates charge both a variable and fixed rate on each transaction. Then the card processors pile on. For example, Stripe is 2.7%+5c per transaction for card present.

With BTC, as you send more, you pay less (in theory). Currently as you spend 10x your fee is 1/10.","Bitcoin is experiencing a positive trend as it lowers transaction fees, while Ethereum, Tether, Solana, and Binance Coin are not directly mentioned. 
Uptrend: Bitcoin.",2026-08-17T17:28:46.709Z,bitcoin,2026-08-17T17:28:46.709Z,2026-08-17,2026-08-17,TREND,bitcoin,False,UP,,UP,2.69,2.69,VERIFIED,bitcoin was UP +2.69% over 1d,ACCURATE,True,bitcoin,2.69,2.96,23.78
t1_p4apgti,t3_1vqysc8,Gears6,"If so, I'll buy them for pennies on the dollar any time.","If so, I'll buy them for pennies on the dollar any time.",2026-08-17T17:28:46.709Z,bitcoin,2026-08-17T17:28:46.709Z,2026-08-17,2026-08-17,OPINION_OTHER,,False,,,,,,NOT_CHECKABLE,No crypto asset mentioned,NOT_SCORED,False,bitcoin,2.69,2.96,23.78
t1_p49vh66,t3_1vqysc8,VanillaLeft4792,"They are. But they don't give access to everyone. In Africa stable coins are widely used. Everyone can access USD backed money, without restrictions. This gives them a more stable income source (not subject to as much currency devaluation). It's doing pretty well in developing markets. For developed markers, these benefits aren't as advantageous. The benefit is the option of more privacy and the ability to send value to whoever you want e.g. Donate to a charity in Cuba, access your money when your bank locks you out while travelling etc. etc.","Stable coins are currently used in developing markets as a stable income source offering privacy and transaction capabilities.They are. But they don't give access to everyone. Everyone can access USD backed money, without restrictions.",2026-08-17T17:28:46.709Z,bitcoin,2026-08-17T17:28:46.709Z,2026-08-17,2026-08-17,OPINION_OTHER,,False,,,,,,NOT_CHECKABLE,No crypto asset mentioned,NOT_SCORED,False,bitcoin,2.69,2.96,23.78
t1_p4ae4il,t3_1vqysc8,Axxantisstype,Bitcoin! Solving problems that ceased to exist in 1995...,"Bitcoin is solving problems that existed in 1995, highlighting its potential as a solution to timeless issues.",2026-08-17T17:28:46.709Z,bitcoin,2026-08-17T17:28:46.709Z,2026-08-17,2026-08-17,OPINION_OTHER,bitcoin,False,,,,,,NOT_CHECKABLE,bitcoin mentioned but no price direction or number,NOT_SCORED,False,bitcoin,2.69,2.96,23.78
t1_p49ek6i,t3_1vqysc8,Adventurous_March597,I like how the Bitcoin CEO finally invests in good marketing!,I like how Bitcoin's CEO has invested in good marketing.,2026-08-17T17:28:46.709Z,bitcoin,2026-08-17T17:28:46.709Z,2026-08-17,2026-08-17,OPINION_OTHER,bitcoin,False,,,,,,NOT_CHECKABLE,bitcoin mentioned but no price direction or number,NOT_SCORED,False,bitcoin,2.69,2.96,23.78
t1_p49j0j4,t3_1vqysc8,SpotOk4411,"In the USA and bank transfers are quick here too. Bitcoin doesn’t need an ad in the first place, but this one doesn’t explain bitcoin or the problem it solves well","In the USA and bank transfers are quick, so Bitcoin doesn’t need an ad explaining its problem.",2026-08-17T17:28:46.709Z,bitcoin,2026-08-17T17:28:46.709Z,2026-08-17,2026-08-17,OPINION_OTHER,bitcoin,False,,,,,,NOT_CHECKABLE,bitcoin mentioned but no price direction or number,NOT_SCORED,False,bitcoin,2.69,2.96,23.78
t1_p4ajopn,t3_1vqysc8,rstcp,I can do instant international transfers with very low fees too with services like Wise. Across Africa there is mobile money that works with dumb phones and is instant and free.. there are so many better Fintech solutions that are widely and globally adopted and they all work infinitely better than Bitcoin ever could and certainly does. Who is actually using Bitcoin on their daily life frictionlessly and for free to transact?,"There are better Fintech solutions than Bitcoin, such as Wise.I can do instant international transfers with very low fees, and there is no specific trend mentioned for Bitcoin. Across Africa there is mobile money that works with dumb phones and is instant and free..",2026-08-17T17:28:46.709Z,bitcoin,2026-08-17T17:28:46.709Z,2026-08-17,2026-08-17,OPINION_OTHER,bitcoin,False,,,,,,NOT_CHECKABLE,bitcoin mentioned but no price direction or number,NOT_SCORED,False,bitcoin,2.69,2.96,23.78
t1_p4at8g8,t3_1vqysc8,Xxshark888xX,"Then that makes sense. In Europe we have a lot of great banks (I personally use ING) with top-notch banking apps. Instant transfers 24/7 even between different banks (thanks to a standardized protocol which I don't remember how's called), so I never felt that BTC could (at least in its current form) take over as a daily payment system.

However, the transparency and decentralization nature of BTC is something modern banks will never offer.","The article discusses the potential of Bitcoin to become a daily payment system, highlighting its transparency and decentralization advantages over traditional banks.Then that makes sense. In Europe we have a lot of great banks (I personally use ING) with top-notch banking apps.However, Bitcoin's decentralization",2026-08-17T17:28:46.709Z,bitcoin,2026-08-17T17:28:46.709Z,2026-08-17,2026-08-17,OPINION_OTHER,bitcoin,False,,,,,,NOT_CHECKABLE,bitcoin mentioned but no price direction or number,NOT_SCORED,False,bitcoin,2.69,2.96,23.78
t1_p4auadg,t3_1vqysc8,Gears6,"However, the transparency and decentralization nature of BTC is something modern banks will never offer.

Yeah, but that centralized nature is also how it protects you as a consumer. Just look at what happened with Coldcard. So there's pro's and con's to both.","The article discusses the advantages and disadvantages of Bitcoin's decentralized nature compared to traditional banks, highlighting its potential for both transparency and security.Yeah, but that centralized nature is also how it protects you as a consumer. So there's pro's and con's to both.However, the transparency and decentral",2026-08-17T17:28:46.709Z,bitcoin,2026-08-17T17:28:46.709Z,2026-08-17,2026-08-17,OPINION_OTHER,bitcoin,False,,,,,,NOT_CHECKABLE,bitcoin mentioned but no price direction or number,NOT_SCORED,False,bitcoin,2.69,2.96,23.78
t1_p49rudv,t3_1vqysc8,One-Suggestion-7906,Are there still someone that believe this could be true? That Bitcoin will replace someway the banking system? 🤔,Is there still someone that believes this could be true? That Bitcoin could someday replace the banking system? 🤔,2026-08-17T17:28:46.709Z,bitcoin,2026-08-17T17:28:46.709Z,2026-08-17,2026-08-17,OPINION_OTHER,bitcoin,False,,,,,,NOT_CHECKABLE,bitcoin mentioned but no price direction or number,NOT_SCORED,False,bitcoin,2.69,2.96,23.78
t1_p49y2ku,t3_1vqysc8,VanillaLeft4792,"In a bunch of developing countries, crypto is preferred. The banking system isn't painful enough to move away from in first world countries; but there's a timeline where banks collapsing and crypto gains more trust. Where the risks and inconveniences of the banking system are too large for people to accept e.g. Over-lending. So not it's possible. But most likely not in first world countries in the short term.","In a bunch of developing countries, crypto is preferred over the banking system, with potential for increased trust and adoption in the future. The banking system isn't painful enough to move away from in first world countries; but there's a timeline where banks collapse and crypto gains more trust. But most likely not in",2026-08-17T17:28:46.709Z,bitcoin,2026-08-17T17:28:46.709Z,2026-08-17,2026-08-17,OPINION_OTHER,bitcoin,True,,,,,,NOT_CHECKABLE,bitcoin mentioned but no price direction or number,NOT_SCORED,False,bitcoin,2.69,2.96,23.78
t1_p4dbbka,t3_1vqysc8,rstcp,Total financial transactions is a vastly larger amount than GDP. I didn't say GDP,Total financial transactions is a vastly larger amount than GDP. I didn't say GDP,2026-08-17T17:28:46.709Z,bitcoin,2026-08-17T17:28:46.709Z,2026-08-17,2026-08-17,OPINION_OTHER,,False,,,,,,NOT_CHECKABLE,No crypto asset mentioned,NOT_SCORED,False,bitcoin,2.69,2.96,23.78
t1_p4add7n,t3_1vqysc8,One-Suggestion-7906,"I'm in a developing country, nobody uses Bitcoin here. Yes many other blockchains, yes stables, yes DeFi","I'm in a developing country, nobody uses Bitcoin.",2026-08-17T17:28:46.709Z,bitcoin,2026-08-17T17:28:46.709Z,2026-08-17,2026-08-17,OPINION_OTHER,bitcoin,False,,,,,,NOT_CHECKABLE,bitcoin mentioned but no price direction or number,NOT_SCORED,False,bitcoin,2.69,2.96,23.78
t1_p4ag1ly,t3_1vqysc8,VanillaLeft4792,"Yeah, not really Bitcoin. Stables are doing really well in a lot of Africa and some other emerging markets. Bitcoin is more of an inflation hedge if anything. Never really understood Bitcoin as money when it's so volitile against a basket of goods. However, a lot of people conflate crypto and Bitcoin. I was more responding to the crypto side of it. But I see you did specifically refer to Bitcoin.

I'd say Bitcoin is more of a asset/investment and value transfer mechanism than it is an alternative money. There's a possible future where the dollar loses trust as well as other (once stable) currencies and people run to Bitcoin (in the same way that people would run to gold). But I don't think there's a good chance of people then using it widely as money.","Bitcoin is currently being viewed as more of an inflation hedge than as a viable currency, with a potential future of being used as a currency akin to gold, but there's skepticism about its adoption widely. 
Downtrend: Bitcoin.",2026-08-17T17:28:46.709Z,bitcoin,2026-08-17T17:28:46.709Z,2026-08-17,2026-08-17,TREND,bitcoin,False,DOWN,,UP,2.69,2.69,CONTRADICTED,"Claimed DOWN, market UP +2.69%",INACCURATE,True,bitcoin,2.69,2.96,23.78
t1_p4dbyry,t3_1vqysc8,LukeTheHolder,This is inevitable.,This is inevitable.,2026-08-17T17:28:46.709Z,bitcoin,2026-08-17T17:28:46.709Z,2026-08-17,2026-08-17,OPINION_OTHER,,False,,,,,,NOT_CHECKABLE,No crypto asset mentioned,NOT_SCORED,False,bitcoin,2.69,2.96,23.78
t1_p49lq6w,t3_1vqysc8,FreezedPeachNow,"This seems more like an ad for stable coins with the problems it is presenting.

A Bitcoin ad should focus on continuous debt growth that is mandatory in order to keep the system working and the fact that ordinary citizens, furthest away from the money printer, get buttfudged because of it and need to continuously fight for raises just to maintain the status quo with their purchasing power.",A Bitcoin ad should focus on the ongoing debt growth in the system and the challenges it poses to ordinary citizens.This seems more like an ad for stable coins than a positive message for Bitcoin.,2026-08-17T17:28:46.709Z,bitcoin,2026-08-17T17:28:46.709Z,2026-08-17,2026-08-17,OPINION_OTHER,bitcoin,False,,,,,,NOT_CHECKABLE,bitcoin mentioned but no price direction or number,NOT_SCORED,False,bitcoin,2.69,2.96,23.78
t1_p49oofc,t3_1vqysc8,ScreenAppropriate679,Does that mean I can go to my supermarket tomorrow and pay with bitcoins ?,Does that mean I can go to my supermarket tomorrow and pay with bitcoins?,2026-08-17T17:28:46.709Z,bitcoin,2026-08-17T17:28:46.709Z,2026-08-17,2026-08-17,OPINION_OTHER,,False,,,,,,NOT_CHECKABLE,No crypto asset mentioned,NOT_SCORED,False,bitcoin,2.69,2.96,23.78
t1_p49qzcb,t3_1vqysc8,hrad95,None of these minor inconveniences are why we need Bitcoin. We need Bitcoin because of the Creature from Jekyll Island.,None of these minor inconveniences are why we need Bitcoin. We need Bitcoin because of its enduring appeal as a solution to our everyday challenges.,2026-08-17T17:28:46.709Z,bitcoin,2026-08-17T17:28:46.709Z,2026-08-17,2026-08-17,OPINION_OTHER,bitcoin,False,,,,,,NOT_CHECKABLE,bitcoin mentioned but no price direction or number,NOT_SCORED,False,bitcoin,2.69,2.96,23.78
t1_p49t4kw,t3_1vqysc8,rizwan602,"Bitcoin is all great and everything.

Except when your funds get stolen.

Who you gonna call?",Bitcoin is all great and everything.Except when your funds are stolen.Who you gonna call?,2026-08-17T17:28:46.709Z,bitcoin,2026-08-17T17:28:46.709Z,2026-08-17,2026-08-17,OPINION_OTHER,bitcoin,False,,,,,,NOT_CHECKABLE,bitcoin mentioned but no price direction or number,NOT_SCORED,False,bitcoin,2.69,2.96,23.78
t1_p4a7a4p,t3_1vqysc8,Turbulent_County_469,"The difference.. if you run out of Bitcoin.. you have no Bitcoin.

The bank will lend you then automatically , with a hefty percentage on top...","The difference.. if you run out of Bitcoin, the bank will lend you money.",2026-08-17T17:28:46.709Z,bitcoin,2026-08-17T17:28:46.709Z,2026-08-17,2026-08-17,OPINION_OTHER,bitcoin,False,,,,,,NOT_CHECKABLE,bitcoin mentioned but no price direction or number,NOT_SCORED,False,bitcoin,2.69,2.96,23.78
t1_p4adp6v,t3_1vqysc8,negative3sigmareturn,"These dumb, negative and ignorant comments lately on any posts trying to put some positivity into circulation just fuels my bullishness.

Can’t wait for the next bull run and see all the ”bitcoin is a scam” crybabies crying how they missed the train again","These dumb, negative and ignorant comments lately on any posts trying to put positivity into circulation just fuels my bullishness for Bitcoin.Can’t wait for the next bull run and see all the ”bitcoin is a scam” crybabies crying how they missed the train again",2026-08-17T17:28:46.709Z,bitcoin,2026-08-17T17:28:46.709Z,2026-08-17,2026-08-17,OPINION_OTHER,bitcoin,False,,,,,,NOT_CHECKABLE,bitcoin mentioned but no price direction or number,NOT_SCORED,False,bitcoin,2.69,2.96,23.78
t1_p4alfnr,t3_1vqysc8,Rabentag,"i still can't pay my rent, utility bills or my grocerys with bitcoin","i still can't pay my rent, utility bills or my grocerys with bitcoin.",2026-08-17T17:28:46.709Z,bitcoin,2026-08-17T17:28:46.709Z,2026-08-17,2026-08-17,OPINION_OTHER,bitcoin,False,,,,,,NOT_CHECKABLE,bitcoin mentioned but no price direction or number,NOT_SCORED,False,bitcoin,2.69,2.96,23.78
t1_p4ajsjn,t3_1vqysc8,JoshyOrndorff,I don't think very many people are buying 79 cents worth of gum or anything else with bitcoin fees as high as they are.,I don't think very many people are buying 79 cents worth of gum or anything else with bitcoin fees as high as they are.,2026-08-17T17:28:46.709Z,bitcoin,2026-08-17T17:28:46.709Z,2026-08-17,2026-08-17,OPINION_OTHER,bitcoin,False,,,,,,NOT_CHECKABLE,bitcoin mentioned but no price direction or number,NOT_SCORED,False,bitcoin,2.69,2.96,23.78
t1_p4be87e,t3_1vqysc8,weathergroundhog,It'd be pretty easy to make a similar video about bitcoin.,It'd be pretty easy to make a similar video about Bitcoin.,2026-08-17T17:28:46.709Z,bitcoin,2026-08-17T17:28:46.709Z,2026-08-17,2026-08-17,OPINION_OTHER,bitcoin,False,,,,,,NOT_CHECKABLE,bitcoin mentioned but no price direction or number,NOT_SCORED,False,bitcoin,2.69,2.96,23.78
t1_p4bmogz,t3_1vqysc8,FrizzleFrazzleFrick,Bitcoin isn’t as decentralized as you guys think it is. The fact is the government can make it illegal to have a node running. Once they do that they can control the traffic. Now let’s take this a step further. Let’s say the world dropped fiat and is all digital and we live under a one world government……… think about it….. it’s not fool proof.,"Bitcoin is highlighted for its decentralized nature and potential vulnerabilities under a centralized government. 
Downtrend: Bitcoin.",2026-08-17T17:28:46.709Z,bitcoin,2026-08-17T17:28:46.709Z,2026-08-17,2026-08-17,TREND,bitcoin,False,DOWN,,UP,2.69,2.69,CONTRADICTED,"Claimed DOWN, market UP +2.69%",INACCURATE,True,bitcoin,2.69,2.96,23.78
t1_p4bsmbr,t3_1vqysc8,ZucchiniIntrepid719,To the BTC is dead: I suppose that is why it has the largest market cap of all crypto?,"Bitcoin is currently the largest market cap of all cryptocurrencies, with a significant market cap increase, indicating its longevity and growth potential.To the BTC is dead:",2026-08-17T17:28:46.709Z,bitcoin,2026-08-17T17:28:46.709Z,2026-08-17,2026-08-17,TREND,bitcoin,False,UP,,UP,2.69,2.69,VERIFIED,bitcoin was UP +2.69% over 1d,ACCURATE,True,bitcoin,2.69,2.96,23.78
t1_p4bu6h7,t3_1vqysc8,BuldingAnEmpire,"although we all love the idea of bitcoin.Some major things needs to be solved in order for btc to become mainstream. Criminal/black money. The security of holding btc from getting hacked. Layer 2 for ultraspeed processing. smart contracts, loan and much more. Not necessarily have to follow the trad finance system's things but have to be much better or entirely new making the trad system looks like museum.","Bitcoin needs to solve major security and mainstreaming issues in order to become mainstream. 
Downtrend: Bitcoin.",2026-08-17T17:28:46.709Z,bitcoin,2026-08-17T17:28:46.709Z,2026-08-17,2026-08-17,TREND,bitcoin,False,DOWN,,UP,2.69,2.69,CONTRADICTED,"Claimed DOWN, market UP +2.69%",INACCURATE,True,bitcoin,2.69,2.96,23.78
t1_p4clta6,t3_1vqysc8,Patrick_Atsushi,The international transit part is quite true. Now I use BTC to send money abroad.,The international transit part is quite true. Now I use Bitcoin to send money abroad.,2026-08-17T17:28:46.709Z,bitcoin,2026-08-17T17:28:46.709Z,2026-08-17,2026-08-17,OPINION_OTHER,bitcoin,False,,,,,,NOT_CHECKABLE,bitcoin mentioned but no price direction or number,NOT_SCORED,False,bitcoin,2.69,2.96,23.78
t1_p4cmceu,t3_1vqysc8,DaLastComeBack_I_Got,"BTC isn't free. You gotta pay a spread AND fees to buy. Then, you gotta pay to fees and another spread to transfer and sell. So, BTC does have plenty of ""charges"" to use. So, yeah, it's not free to use.","Bitcoin is not free. You gotta pay a spread AND fees to use it. Then, you gotta pay to fees and another spread to transfer and sell. So, it's not about cryptocurrency trends.",2026-08-17T17:28:46.709Z,bitcoin,2026-08-17T17:28:46.709Z,2026-08-17,2026-08-17,OPINION_OTHER,bitcoin,False,,,,,,NOT_CHECKABLE,bitcoin mentioned but no price direction or number,NOT_SCORED,False,bitcoin,2.69,2.96,23.78
t1_p4cyumd,t3_1vqysc8,immersive-matthew,"We do deserve better but as they say, everyone gets Bitcoin at the price they deserve. You have to want change and be the change.

That said, I am of the opinion that the next wave of Bitcoin adoption will not be voluntary but rather out of necessity as the centralized world we rely on is increasingly under attack. If you plot the success rates of hacks over time and then extend that out into the near future, it is abundantly clear the status quo will not survive.

Bitcoin has 17 years of extreme hacking attempts by the biggest and smallest players, yet it survives and thrives. It is a safe haven as will be many decentralized services in the emerging AI Age.","Bitcoin has faced 17 years of extreme hacking attempts by the biggest and smallest players, yet it survives and thrives amid a growing need for decentralized services in the face of centralized domination. 
Uptrend: Bitcoin.",2026-08-17T17:28:46.709Z,bitcoin,2026-08-17T17:28:46.709Z,2026-08-17,2026-08-17,TREND,bitcoin,False,UP,,UP,2.69,2.69,VERIFIED,bitcoin was UP +2.69% over 1d,ACCURATE,True,bitcoin,2.69,2.96,23.78
t1_p4d0mkv,t3_1vqysc8,HunchbackNotredamus,Money in a bank won't lose half its value in a year,"Money in a bank won't lose half its value in a year, according to recent analysis.",2026-08-17T17:28:46.709Z,bitcoin,2026-08-17T17:28:46.709Z,2026-08-17,2026-08-17,OPINION_OTHER,,False,,,,,,NOT_CHECKABLE,No crypto asset mentioned,NOT_SCORED,False,bitcoin,2.69,2.96,23.78
t1_p49n3rn,t3_1vqysc8,iKarma_com,This ad would have been great before the banking industry incorporated all the innovations that BTC pioneered. B+ for effort and a D- for timing.,This ad would have been great before the banking industry incorporated all the innovations that Bitcoin pioneered. B+ for effort and a D- for timing.,2026-08-17T17:28:46.709Z,bitcoin,2026-08-17T17:28:46.709Z,2026-08-17,2026-08-17,OPINION_OTHER,bitcoin,False,,,,,,NOT_CHECKABLE,bitcoin mentioned but no price direction or number,NOT_SCORED,False,bitcoin,2.69,2.96,23.78
t1_p49yfob,t3_1vqysc8,Mechanical_Potato,"Bitcoin has too little throughput and is too slow to compete with banking.
That's the consensus since like 2011, anyone telling you otherwise is lying to you.","Bitcoin is currently facing challenges due to insufficient throughput and slow processing times, despite ongoing consensus. 
Downtrend: Bitcoin.",2026-08-17T17:28:46.709Z,bitcoin,2026-08-17T17:28:46.709Z,2026-08-17,2026-08-17,TREND,bitcoin,False,DOWN,,UP,2.69,2.69,CONTRADICTED,"Claimed DOWN, market UP +2.69%",INACCURATE,True,bitcoin,2.69,2.96,23.78
t1_p4a866x,t3_1vqysc8,Mechanical_Potato,"People that say lightning scales without privacy, security and decentralization issues,
are also lying, also it doesn't scale.
And the cost to send a 1 million dollars worth of bitcoin over the lightning networks would be over 1000$ with just a few hops.","People that say lightning scales without privacy, security and decentralization issues are also lying, also it doesn't scale.And the cost to send a 1 million dollars worth of bitcoin over the lightning networks is significantly higher than traditional networks.",2026-08-17T17:28:46.709Z,bitcoin,2026-08-17T17:28:46.709Z,2026-08-17,2026-08-17,TREND,bitcoin,False,UP,,UP,2.69,2.69,VERIFIED,bitcoin was UP +2.69% over 1d,ACCURATE,True,bitcoin,2.69,2.96,23.78
t1_p4a2n0b,t3_1vqysc8,Nice_Actuator1306,"Funds were received into my wallet via the Lightning Network (L2 protocol), but they are not reflected and cannot be used in the Bitcoin mainnet (on‑chain). All transactions made through Lightning are recorded solely as balance updates within open payment channels and are not written to the Bitcoin blockchain until those channels are closed.

As a result, I cannot:

· Send the received funds to an external wallet that accepts only regular Bitcoin transactions (e.g., a cold wallet, an exchange without Lightning support, or a counterparty not connected to Lightning); · Use these funds outside the Lightning network (e.g., to pay invoices that require on‑chain confirmation).

The funds legally belong to me, but technically they are locked in an open channel and are only accessible for internal Lightning operations (sending to other L2 nodes, paying via Lightning‑compatible services). To gain access to these funds on the mainnet, I need to close the channel (recording the final balance on the blockchain) or use a third‑party swap service (submarine swap) to exchange Lightning BTC for on‑chain BTC. Both options incur additional fees and time delays.

Key limitations:

· Funds in Lightning are considered ""received"" but are not an on‑chain asset until final settlement; · Closing the channel can take from 20 minutes to several hours (depending on network congestion and the channel partner's policy); · If the channel partner is offline or unresponsive, forced closure may be delayed by several days (due to timelock mechanisms).

Thus, even a successfully accepted Lightning payment does not provide immediate liquidity in the Bitcoin mainnet, which creates additional difficulties for business processes that require instant on‑chain settlement.","The text discusses the limitations of the Lightning Network's L2 protocol, which does not provide immediate liquidity on the Bitcoin blockchain, impacting transactions and business processes.

Downtrend: Bitcoin.",2026-08-17T17:28:46.709Z,bitcoin,2026-08-17T17:28:46.709Z,2026-08-17,2026-08-17,TREND,bitcoin,False,DOWN,,UP,2.69,2.69,CONTRADICTED,"Claimed DOWN, market UP +2.69%",INACCURATE,True,bitcoin,2.69,2.96,23.78
t1_p4diq7a,t3_1vr93oh,RoBz18,"The longer they wait, the more likely someone else figures it out and drains all vulnerable wallets first","The longer they wait, the more likely someone else figures it out and drains all vulnerable wallets.",2026-08-17T23:57:22.362Z,bitcoin,2026-08-17T23:57:22.362Z,2026-08-17,2026-08-17,OPINION_OTHER,,False,,,,,,NOT_CHECKABLE,No crypto asset mentioned,NOT_SCORED,False,bitcoin,2.69,2.96,23.78
t1_p4bqrlr,t3_1vr93oh,HedgehogGlad9505,"They already did it. Source: https://cryptonews.net/news/bitcoin/33298637/

The bulk of funds have remained largely unmoved since stolen from victims. Of the at least 1,778 $BTC that has been stolen, 1,531 $BTC remains in attacker-controlled addresses unmoved. ~246 $BTC has been moved by attackers after the theft, with 65% flowing into Coinjoin transactions… pic.twitter.com/OHjJkr1x6D

— Galaxy Research (@glxyresearch) August 14, 2026","The news article discusses the theft of Bitcoin from victims and highlights the fact that funds remain unmoved by attackers. 
Downtrend: Bitcoin.",2026-08-17T23:57:22.362Z,bitcoin,2026-08-17T23:57:22.362Z,2026-08-17,2026-08-17,TREND,bitcoin,False,DOWN,,UP,2.69,2.69,CONTRADICTED,"Claimed DOWN, market UP +2.69%",INACCURATE,True,bitcoin,2.69,2.96,23.78
t1_p4bw3c2,t3_1vr93oh,HedgehogGlad9505,I don't think so. But maybe someone in the chain analysis business has some secret trick that we don't know. We can only hope.,I don't think so. But maybe someone in the chain analysis business has some secret trick that we don't know. We can only hope.,2026-08-17T23:57:22.362Z,bitcoin,2026-08-17T23:57:22.362Z,2026-08-17,2026-08-17,OPINION_OTHER,,False,,,,,,NOT_CHECKABLE,No crypto asset mentioned,NOT_SCORED,False,bitcoin,2.69,2.96,23.78
t1_p4bnp5c,t3_1vr93oh,BilliamWurray,"Trying to convert this Bitcoin into dollars or any other fiat currency will create a trail that will haunt them forever.

This person will be better off spending the Bitcoin slowly, P2P, over a very long period of time. Still risky with how good software is getting at tracing crypto transactions.","Trying to convert this Bitcoin into dollars or any other fiat currency will create a trail that could haunt the user for years, so it is recommended that users spend it slowly, P2P. Still risky with how good software is getting at tracing crypto transactions.",2026-08-17T23:57:22.362Z,bitcoin,2026-08-17T23:57:22.362Z,2026-08-17,2026-08-17,OPINION_OTHER,bitcoin,False,,,,,,NOT_CHECKABLE,bitcoin mentioned but no price direction or number,NOT_SCORED,False,bitcoin,2.69,2.96,23.78
t1_p4bxon5,t3_1vr93oh,6thcoin,"Bitcoin was paying drug dealers, weapons brokers, and sex workers long before governments were hip to it. I'm sure just like to big dog central banks, if the person was connected it can be washed.","Bitcoin's history shows it was utilized by drug dealers, sex brokers, and sex workers long before governments became aware of its role. I'm sure just like to big dog central banks, if the person was connected it can be washed.",2026-08-17T23:57:22.362Z,bitcoin,2026-08-17T23:57:22.362Z,2026-08-17,2026-08-17,OPINION_OTHER,bitcoin,False,,,,,,NOT_CHECKABLE,bitcoin mentioned but no price direction or number,NOT_SCORED,False,bitcoin,2.69,2.96,23.78
t1_p4dg40u,t3_1vr93oh,WarIsProfitableForMe,"I'd buy tinted coins 20% off lol, Bitcoin is still Bitcoin.","Bitcoin is still Bitcoin.I'd buy tinted coins 20% off lol,",2026-08-17T23:57:22.362Z,bitcoin,2026-08-17T23:57:22.362Z,2026-08-17,2026-08-17,OPINION_OTHER,bitcoin,False,,,,,,NOT_CHECKABLE,bitcoin mentioned but no price direction or number,NOT_SCORED,False,bitcoin,2.69,2.96,23.78
t1_p4bppse,t3_1vr93oh,TheBestintheWest11,the money will be mixed countless times over and over and sent through multiple wallets. This will keep going for a while to make it hard to trace. These eguys probably won't be cashing out via crypto but most likely in platforms that offer sports betting like Robinhood and polymarket. This acts like washing money. The BTC stolen will be allocated in new ventures to wash the money as well. Cashing out btc would be to hot.,The text discusses how money stolen from cryptocurrency exchanges is laundered and laundered through platforms like Robinhood and polymarket. This acts like washing money.the money will be mixed countless times over and over and sent through multiple wallets. This will keep going for a while to make it hard to trace,2026-08-17T23:57:22.362Z,bitcoin,2026-08-17T23:57:22.362Z,2026-08-17,2026-08-17,OPINION_OTHER,bitcoin,False,,,,,,NOT_CHECKABLE,bitcoin mentioned but no price direction or number,NOT_SCORED,False,bitcoin,2.69,2.96,23.78
t1_p4bn0z7,t3_1vr93oh,nashtaters,I believe they already started mixing the bitcoin which I’m assuming will eventually make it to where it’s not necessarily traceable I think? I’m not sure. But I’m assuming something like that.,"I believe they have started mixing Bitcoin to create a layer of cryptocurrency that is not necessarily traceable, but it's speculated to eventually become traceable. 
Uptrend: Bitcoin.",2026-08-17T23:57:22.362Z,bitcoin,2026-08-17T23:57:22.362Z,2026-08-17,2026-08-17,TREND,bitcoin,False,UP,,UP,2.69,2.69,VERIFIED,bitcoin was UP +2.69% over 1d,ACCURATE,True,bitcoin,2.69,2.96,23.78
t1_p4corkg,t3_1vr93oh,Careless_Product_792,"Nice try Rodolfo Novak. When you start to tweet like degen again? You are so silent after the rugpull, now you want ideas to cash out? 😂😂","Nice try Rodolfo Novak. When you start to tweet like degen again? You are so silent after the rugpull, now you want ideas to cash out? 😂",2026-08-17T23:57:22.362Z,bitcoin,2026-08-17T23:57:22.362Z,2026-08-17,2026-08-17,OPINION_OTHER,,False,,,,,,NOT_CHECKABLE,No crypto asset mentioned,NOT_SCORED,False,bitcoin,2.69,2.96,23.78
t1_p4d7l1a,t3_1vr93oh,chungkingexp,Mix coins => Swap new coins to Alts=> Swap alts to USDT/USDC.,Mix coins => Swap new coins to altcoins.,2026-08-17T23:57:22.362Z,bitcoin,2026-08-17T23:57:22.362Z,2026-08-17,2026-08-17,OPINION_OTHER,tether,False,,,,,,NOT_CHECKABLE,tether mentioned but no price direction or number,NOT_SCORED,False,tether,0.03,0.1,0.11
t1_p4bmys0,t3_1vr93oh,Adventurous-Pin-4111,Better for them to return it in exchange for a 10% bounty or something. Everyone would agree to that.,Better for them to return it in exchange for a 10% bounty or something. Everyone would agree to that.,2026-08-17T23:57:22.362Z,bitcoin,2026-08-17T23:57:22.362Z,2026-08-17,2026-08-17,EVENT_NEWS,,False,,,,,,NOT_CHECKABLE,No crypto asset mentioned,NOT_SCORED,False,bitcoin,2.69,2.96,23.78
t1_p4c82cm,t3_1vr93oh,CharacterStrategy598,Similar to the NEM tokens. The hackers created a website where they sold these NEM coins at at a 15 percent discount to the public. So now the public is holding the coins but too many people are guilty so effectively no one is.,"Similar to the NEM tokens. The hackers created a website where they sold these NEM coins at at a 15 percent discount to the public, with no one being held accountable for the theft. So now the public is holding the coins but too many people are guilty so effectively no one is.",2026-08-17T23:57:22.362Z,bitcoin,2026-08-17T23:57:22.362Z,2026-08-17,2026-08-17,OPINION_OTHER,,False,,,,,,NOT_CHECKABLE,No crypto asset mentioned,NOT_SCORED,False,bitcoin,2.69,2.96,23.78
t1_p4c0xzw,t3_1vr93oh,BoxProud4675,"My theory, is they hid a lot of their loot during the great migration of BTC following wave 1 and 2. The main pool addresses were just decoys.","My theory, is they hid a lot of their loot during the great migration of BTC following wave 1 and 2. The main pool addresses were just decoys.",2026-08-17T23:57:22.362Z,bitcoin,2026-08-17T23:57:22.362Z,2026-08-17,2026-08-17,OPINION_OTHER,bitcoin,False,,,,,,NOT_CHECKABLE,bitcoin mentioned but no price direction or number,NOT_SCORED,False,bitcoin,2.69,2.96,23.78
t1_p49e9om,t3_1vqwwri,Mammoth-Charge,"For sure. If I was just going to self custody BTC then that makes sense. That said, I am interested in generating some yield on the asset and understand generally the risks of DeFi protocols, so I'm just looking for a sensible way to invest the assets for the long term.","For sure. If I was just going to self custody Bitcoin for long-term investment, it makes sense. That said, I am interested in generating some yield on the asset and understand the risks associated with DeFi protocols.",2026-08-17T16:25:30.929Z,bitcoin,2026-08-17T16:25:30.929Z,2026-08-17,2026-08-17,OPINION_OTHER,bitcoin,False,,,,,,NOT_CHECKABLE,bitcoin mentioned but no price direction or number,NOT_SCORED,False,bitcoin,2.69,2.96,23.78
t1_p4bbut0,t3_1vqwwri,GoldmezAddams,Idk how many times we need to see BTC yield products blow up before we learn our lesson.,Idk how many times we need to see Bitcoin yield products blow up before we learn our lesson.,2026-08-17T16:25:30.929Z,bitcoin,2026-08-17T16:25:30.929Z,2026-08-17,2026-08-17,TREND,bitcoin,False,UP,,UP,2.69,2.69,VERIFIED,bitcoin was UP +2.69% over 1d,ACCURATE,True,bitcoin,2.69,2.96,23.78
t1_p496cy9,t3_1vqjz8h,Ok-Hovercraft76,A nice feature is how truly hard it is to spend stolen bitcoin in current times. I'd say it's more likely that Coldcard victims get their bitcoin back than it is the hacker/s successfully spend the bitcoin without being arrested.,A nice feature is how truly hard it is to spend stolen bitcoin in current times. I'd say it's more likely that Coldcard victims get their bitcoin back than it is the hacker/s successfully spend the stolen coin.,2026-08-17T06:03:39.244Z,bitcoin,2026-08-17T06:03:39.244Z,2026-08-17,2026-08-17,OPINION_OTHER,bitcoin,False,,,,,,NOT_CHECKABLE,bitcoin mentioned but no price direction or number,NOT_SCORED,False,bitcoin,2.69,2.96,23.78
t1_p4br5rg,t3_1vqjz8h,RetiredBitcoinBob,"If the criminals are identified and the bitcoin seized, my bet is the government keeps the bitcoin saying restitution to the actual owners is not reliably possible.","If the criminals are identified and the bitcoin seized, my bet is that the government will keep the bitcoin for financial reasons despite restitution being impossible.",2026-08-17T06:03:39.244Z,bitcoin,2026-08-17T06:03:39.244Z,2026-08-17,2026-08-17,OPINION_OTHER,bitcoin,False,,,,,,NOT_CHECKABLE,bitcoin mentioned but no price direction or number,NOT_SCORED,False,bitcoin,2.69,2.96,23.78
t1_p4algip,t3_1vqjz8h,WordsHappenedHere,They aren’t getting it back. They’ll just launder the bitcoin and eventually it ends up in the hands of bigger criminals.,They aren’t getting it back. They’ll just launder the bitcoin and eventually it ends up in the hands of bigger criminals.,2026-08-17T06:03:39.244Z,bitcoin,2026-08-17T06:03:39.244Z,2026-08-17,2026-08-17,TREND,bitcoin,False,UP,,UP,2.69,2.69,VERIFIED,bitcoin was UP +2.69% over 1d,ACCURATE,True,bitcoin,2.69,2.96,23.78
t1_p48eqk8,t3_1vqjz8h,xaviemb,"For people comparing Bitcoin $63k in 2021, 2024 and 2026...

Bitcoin lows paint a very important distinction:
2021 low - $28,722.76
2024 low - $38,521.89 ( +41% from 2021 lowest price)
2026 low - $57,747.77 ( +49.9% from 2024 and +101.1% from 2021 lowest price) so far","Bitcoin has shown significant positive price movements compared to its lowest prices in 2021, 2024, and 2026, with a notable increase of 41%, 49.9%, and 101.1% respectively.
Uptrend: Bitcoin.",2026-08-17T06:03:39.244Z,bitcoin,2026-08-17T06:03:39.244Z,2026-08-17,2026-08-17,NUMERIC_PERCENT,bitcoin,False,UP,41.0,UP,2.69,2.69,INACCURATE,"Claimed +41.0%, bitcoin moved +2.69% (off by 38.3 points)",INACCURATE,True,bitcoin,2.69,2.96,23.78
t1_p4816qd,t3_1vqjz8h,escodelrio,"Historical Bitcoin prices for today, August 17th:

2026 - $63,620

2025 - $117,453

2024 - $59,479

2023 - $26,665

2022 - $23,336

2021 - $44,695

2020 - $12,254

2019 - $10,232

2018 - $6,581

2017 - $4,332

2016 - $573

2015 - $258

2014 - $486

2013 - $113

2012 - $11.6

2011 - $10.90

2010 - $0.10

Additional Stats:

Bitcoin's current market cap is $1.28 trillion.

Bitcoin's current block height is 962898; with the average block time for the last 7 days being 10.02 minutes and the average block size for the last 7 days being 1.62MB.

Bitcoin's average block time for the year 2026 is 10.23 minutes.

Bitcoin's mining difficulty is currently 127.48 trillion; with the next difficulty adjustment anticipated on 22-Aug-2026 (within 750 blocks). The mining difficulty is currently expected to increase 0.6% to 128.25 trillion.

Bitcoin's current block reward is 3.125₿, which is worth $198,811 per block.

Bitcoin's average daily miners' revenue for the last 7 days is $30.92M; which translates to $0.0340 per terahash per sec.

The next Bitcoin halving is anticipated to happen between 26-Mar-2028 to 20-Apr-2028 (within 87,102 blocks); the block reward will fall to 1.5625₿.

There are currently 122,290 total Bitcoin nodes; with 26,678 being reachable nodes.

Bitcoin's average daily hashrate for the last 7 days is 911 exahashes per second.

Bitcoin's average daily trading volume for the last 7 days is $17.78 billion.

Bitcoin's average daily number of transactions for the last 7 days is 689,115.

Bitcoin's average transaction fee for the last 7 days is 2.86 sats/VB, with the average fee's USD amount being $0.29; with the median values being 0.39 sats/VB & $0.04 respectively.

There are currently 20.07M ₿ in circulation, leaving 0.93M to be mined.

There are currently 4.19M ₿ held by companies, governments, DeFi, and ETFs, representing 20.86% of circulating supply.

There are currently 59,246,487 nonzero Bitcoin addresses that contain 165.91M UTXOs.

Bitcoin's average daily price from 18-Jul-2010 to 17-Aug-2026 is $21,689.

Bitcoin's average daily price for the year 2026 is $71,915.

1 US Dollar ($) currently equals: 1,572 satoshis; making 1 penny equal 15.72 sats.

Bitcoin's minimum (closing) price for the year 2026 was $58,558.86 on 30-Jun-2026.

Bitcoin's maximum (closing) price for the year 2026 was $96,929.33 on 14-Jan-2026.

Bitcoin's minimum (intraday) price for the year 2026 was $57,747.76 on 01-Jul-2026.

Bitcoin's maximum (intraday) price for the year 2026 was $97,860.60 on 14-Jan-2026.

Bitcoin's largest daily decrease for the year 2026 was -$10,317.60 on 05-Feb-2026.

Bitcoin's largest daily increase for the year 2026 was +$7,853.29 on 06-Feb-2026.

Bitcoin's all-time high (intraday) was $126,198.07 on 06-Oct-2025. Bitcoin is down 49.59% from the ATH. However, Bitcoin is up 10.17% from the lowest point since the last ATH.

Bitcoin has not reached an all-time high in 2026.

It has been 315 days since the last ATH.","Bitcoin's current market cap is $1.28 trillion, with a notable downtrend due to recent price declines and mining difficulty adjustments.

Downtrend: Bitcoin.",2026-08-17T06:03:39.244Z,bitcoin,2026-08-17T06:03:39.244Z,2026-08-17,2026-08-17,TREND,bitcoin,False,DOWN,,UP,2.69,2.69,CONTRADICTED,"Claimed DOWN, market UP +2.69%",INACCURATE,True,bitcoin,2.69,2.96,23.78
t1_p471yee,t3_1vqjz8h,cubeeless,BTC to $400k!,"Bitcoin has surged to $400,000, indicating a strong upward trend.",2026-08-17T06:03:39.244Z,bitcoin,2026-08-17T06:03:39.244Z,2026-08-17,2026-08-17,TREND,bitcoin,False,UP,,UP,2.69,2.69,VERIFIED,bitcoin was UP +2.69% over 1d,ACCURATE,True,bitcoin,2.69,2.96,23.78
t1_p471aqk,t3_1vqjz8h,hrad95,I like Bitcoin. I hope it keeps going up. I'm not going to be selling mine.,I like Bitcoin. I hope it keeps going up. I'm not going to be selling mine.,2026-08-17T06:03:39.244Z,bitcoin,2026-08-17T06:03:39.244Z,2026-08-17,2026-08-17,TREND,bitcoin,False,UP,,UP,2.69,2.69,VERIFIED,bitcoin was UP +2.69% over 1d,ACCURATE,True,bitcoin,2.69,2.96,23.78
t1_p4af9w7,t3_1vr2e3u,na3than,"How much money is enough to make buying Bitcoin worthwhile?

What's worthwhile to you?

What would you consider the minimum amount of money to invest in Bitcoin for it to be meaningfully profitable or useful as a long-term hedge/store of value?

What's meaningful to you?

At what amount does it actually start making a noticeable difference?

What would make a difference to you?

I don't mean large amounts, but amounts that an ordinary mortal can afford.

I'm a mortal and you're a mortal and the person running a store in a village in Angola is a mortal, but an amount that's affordable for you is likely way out of reach for the person in Angola.

If I said £1 a week was meaningful, would you only buy £1 of Bitcoin per week? If I said nothing less than £5000 per month was meaningful, would you walk away from Bitcoin altogether?

Why are you asking other people to tell you what's right for you? Only you can decide what's right for you.","The text discusses the question of what makes Bitcoin worthwhile as a long-term investment and discusses the varying minimum amounts of money that can be considered meaningful.

Downtrend: Bitcoin.",2026-08-17T19:34:43.562Z,bitcoin,2026-08-17T19:34:43.562Z,2026-08-17,2026-08-17,TREND,bitcoin,False,DOWN,,UP,2.69,2.69,CONTRADICTED,"Claimed DOWN, market UP +2.69%",INACCURATE,True,bitcoin,2.69,2.96,23.78
t1_p4by2x0,t3_1vr2e3u,Saibazz,Even small amount of buying bitcoin is worth it soon,"Even small amounts of buying Bitcoin are proving to be worth it, as recent analysis indicates.",2026-08-17T19:34:43.562Z,bitcoin,2026-08-17T19:34:43.562Z,2026-08-17,2026-08-17,OPINION_OTHER,bitcoin,False,,,,,,NOT_CHECKABLE,bitcoin mentioned but no price direction or number,NOT_SCORED,False,bitcoin,2.69,2.96,23.78
t1_p46bk4s,t3_1vqhino,2xfun,This is a great thing. We don’t need instant gratification gamblers in this space,This is a great thing. We don’t need instant gratification gamblers in this space,2026-08-17T03:51:35.242Z,bitcoin,2026-08-17T03:51:35.242Z,2026-08-17,2026-08-17,OPINION_OTHER,,False,,,,,,NOT_CHECKABLE,No crypto asset mentioned,NOT_SCORED,False,bitcoin,2.69,2.96,23.78
t1_p45zi0m,t3_1vqhino,Infamous-Discount-99,Do we need people or is Bitcoin now driven by countries and large institutions adopting Bitcoin to assert monetary sovereignty and reduce dependency of the USD.,Bitcoin is increasingly being driven by large institutions adopting it as a way to assert monetary sovereignty.Do we need people or is Bitcoin driven by countries and large institutions?,2026-08-17T03:51:35.242Z,bitcoin,2026-08-17T03:51:35.242Z,2026-08-17,2026-08-17,OPINION_OTHER,bitcoin,False,,,,,,NOT_CHECKABLE,bitcoin mentioned but no price direction or number,NOT_SCORED,False,bitcoin,2.69,2.96,23.78
t1_p47fnsp,t3_1vqhino,eToroTeam,"If BTC gradually behaves more like a mature asset, some speculative capital probably does move elsewhere. The question is whether that's actually a problem or just part of the asset changing.","Bitcoin is increasingly behaving like a mature asset, with speculative capital likely moving elsewhere. The question is whether that's actually a problem or just part of the asset's evolution.If Bitcoin behaves more maturely, it may attract more speculative capital.",2026-08-17T03:51:35.242Z,bitcoin,2026-08-17T03:51:35.242Z,2026-08-17,2026-08-17,OPINION_OTHER,bitcoin,False,,,,,,NOT_CHECKABLE,bitcoin mentioned but no price direction or number,NOT_SCORED,False,bitcoin,2.69,2.96,23.78
t1_p47yfby,t3_1vqs8u6,injectionsiteredness,Blue wallet or sparrow ( desktop only). You probably don’t want to use a software wallet for large amounts of BTC. It’s sort of like walking around with cash in your pocket.,"The text discusses cryptocurrency wallet options, emphasizing the potential security and privacy benefits of using a software wallet for large amounts of Bitcoin.Blue wallet or sparrow ( desktop only).",2026-08-17T13:23:17.967Z,bitcoin,2026-08-17T13:23:17.967Z,2026-08-17,2026-08-17,OPINION_OTHER,bitcoin,False,,,,,,NOT_CHECKABLE,bitcoin mentioned but no price direction or number,NOT_SCORED,False,bitcoin,2.69,2.96,23.78
t1_p48hj9z,t3_1vqs8u6,Objective-Walk6780,I have some non-KYC BTC bought years ago. But these days I just use exchanges and cold storage,"I have some non-KYC BTC bought years ago. But these days, I use exchanges and cold storage for my crypto needs.",2026-08-17T13:23:17.967Z,bitcoin,2026-08-17T13:23:17.967Z,2026-08-17,2026-08-17,OPINION_OTHER,bitcoin,False,,,,,,NOT_CHECKABLE,bitcoin mentioned but no price direction or number,NOT_SCORED,False,bitcoin,2.69,2.96,23.78
t1_p48ph2b,t3_1vqs8u6,veyrnox,"Choose a software wallet with good security. A wallet that hides your seed phrase by design, has strong encryption and good vaulting capabilities.","Choose a software wallet with good security. A wallet that hides your seed phrase by design, has strong encryption and good vaulting capabilities.",2026-08-17T13:23:17.967Z,bitcoin,2026-08-17T13:23:17.967Z,2026-08-17,2026-08-17,OPINION_OTHER,,False,,,,,,NOT_CHECKABLE,No crypto asset mentioned,NOT_SCORED,False,bitcoin,2.69,2.96,23.78
t1_p47syd1,t3_1vqs8u6,Objective-Walk6780,"In the past I would would do 100% cold storage like Blockstream Jade. These days, I buy Bitcoin related stocks like MSTR and IBIT (30%) store some BTC on RobinHood (20%) and cold storage the remaining 50%. Trust me, this is the best way.","In the past I would would do 100% cold storage, but now I alternate with buying Bitcoin related stocks like MSTR and IBIT. 
Uptrend: Bitcoin.",2026-08-17T13:23:17.967Z,bitcoin,2026-08-17T13:23:17.967Z,2026-08-17,2026-08-17,NUMERIC_PERCENT,bitcoin,False,UP,100.0,UP,2.69,2.69,INACCURATE,"Claimed +100.0%, bitcoin moved +2.69% (off by 97.3 points)",INACCURATE,True,bitcoin,2.69,2.96,23.78
t1_p47v3kc,t3_1vqs8u6,Difficult_Letter_607,This is the secure way. If everyone does this price won't go up,"This is the secure way. If everyone does this, the price of Bitcoin won't go up.",2026-08-17T13:23:17.967Z,bitcoin,2026-08-17T13:23:17.967Z,2026-08-17,2026-08-17,TREND,bitcoin,False,UP,,UP,2.69,2.69,VERIFIED,bitcoin was UP +2.69% over 1d,ACCURATE,True,bitcoin,2.69,2.96,23.78
t1_p48pyf2,t3_1vqs8u6,Difficult_Letter_607,"Because you are buying the CFD, not the coin itself. See it has buying BTC outside the 21M coins available. That is what you are doing","Because you are buying the CFD, not the coin itself. See it is not about cryptocurrency trends.",2026-08-17T13:23:17.967Z,bitcoin,2026-08-17T13:23:17.967Z,2026-08-17,2026-08-17,OPINION_OTHER,bitcoin,False,,,,,,NOT_CHECKABLE,bitcoin mentioned but no price direction or number,NOT_SCORED,False,bitcoin,2.69,2.96,23.78
t1_p48qn3y,t3_1vqs8u6,Objective-Walk6780,bitcoin ETFs are backed by actual bitcoin. That’s why prices go up when institutions buy ETF,"Bitcoin ETFs are backed by actual Bitcoin, which means they experience higher prices when institutions buy them.",2026-08-17T13:23:17.967Z,bitcoin,2026-08-17T13:23:17.967Z,2026-08-17,2026-08-17,TREND,bitcoin,False,UP,,UP,2.69,2.69,VERIFIED,bitcoin was UP +2.69% over 1d,ACCURATE,True,bitcoin,2.69,2.96,23.78
t1_p4d7axx,t3_1vrfv3l,DramaticWealth5985,"Never ever enter that on an online computer. Go to bitaddress.org, disconnect your computer from network (you can as well save that page and open it on an offline computer), enter that probable private key in the wallet details tab. If it is a valid key you'll get the according public BTC address. Save that Bitcoin Address, then reboot your computer. Now you can look up online in a blockchain explorer like mempool.space if there are funds at that address.","Never ever enter that private key on an online computer. Go to bitaddress.org, disconnect your computer from network, enter your private key, and you'll get the according public BTC address. Save that Bitcoin Address, then reboot your computer. Now you can look up online in a blockchain explorer like",2026-08-18T05:15:43.667Z,bitcoin,2026-08-18T05:15:43.667Z,2026-08-18,2026-08-17,TREND,bitcoin,False,UP,,FLAT,0.27,0.27,INCONCLUSIVE,"Claimed UP, market flat (+0.27%)",NOT_SCORED,False,bitcoin,0.27,1.56,22.41
t1_p4d2718,t3_1vrfv3l,Spiritual_Elk_9076,Where did you buy it? To hold bitcoin you need the private key to an address. Can you find your transaction in a bitcoin blockchain explorer?,Where did you buy it? To hold bitcoin you need the private key to an address. Can you find your transaction in a bitcoin blockchain explorer?,2026-08-18T05:15:43.667Z,bitcoin,2026-08-18T05:15:43.667Z,2026-08-18,2026-08-17,OPINION_OTHER,bitcoin,False,,,,,,NOT_CHECKABLE,bitcoin mentioned but no price direction or number,NOT_SCORED,False,bitcoin,0.27,1.56,22.41
t1_p4d5c8g,t3_1vrfv3l,ScientistOld5276,"I'm trying to help a friend out. It sounds like bullshit to me too, or that he was scammed into buying Bitcoin. He has high beliefs that this is real so I'd like to try everything I can to help him that way he can carry on with his life.","I'm trying to help a friend who believes in Bitcoin as a legitimate cryptocurrency. It sounds like bullshit to me too, or that he was scammed into buying Bitcoin. He has high beliefs that this is real so I'd like to try everything I can to help him maintain his belief.",2026-08-18T05:15:43.667Z,bitcoin,2026-08-18T05:15:43.667Z,2026-08-18,2026-08-17,OPINION_OTHER,bitcoin,False,,,,,,NOT_CHECKABLE,bitcoin mentioned but no price direction or number,NOT_SCORED,False,bitcoin,0.27,1.56,22.41
t1_p48p24y,t3_1vqvwsq,Ok_Independence3695,"That be the case.
But if we see the recent incidents from hardware wallet companies like coldcard, trazor and safepal data breaches, dedicated iphone/mac/laptop based solution make all sense to entertain to make safety in crypto.","But if we see the recent incidents from hardware wallet companies like coldcard, trazor and safepal data breaches, dedicated iphone/mac/laptop based solution make sense as a way to enhance security in crypto.That be the case.",2026-08-17T15:42:20.462Z,bitcoin,2026-08-17T15:42:20.462Z,2026-08-17,2026-08-17,OPINION_OTHER,bitcoin,True,,,,,,NOT_CHECKABLE,bitcoin mentioned but no price direction or number,NOT_SCORED,False,bitcoin,2.69,2.96,23.78
t1_p494mp4,t3_1vqvu82,MyNi_Redux,"Part of it is because those folks matter much less - Bitcoin is a TradFi plaything now. Especially when short time price movement is concerned.

Bitcoin goes up or down based on liquidity more than anything else, these days.",Bitcoin is increasingly being viewed as a TradFi plaything with short-term price movements driven by liquidity rather than by historical trends.Part of it is because those folks matter much less.,2026-08-17T15:39:43.935Z,bitcoin,2026-08-17T15:39:43.935Z,2026-08-17,2026-08-17,OPINION_OTHER,bitcoin,False,,,,,,NOT_CHECKABLE,bitcoin mentioned but no price direction or number,NOT_SCORED,False,bitcoin,2.69,2.96,23.78
t1_p49f46m,t3_1vqvu82,2xfun,"Well bulls are also dead. Have you seen the apathy during the last bull cycle?

Repeat after me: Bitcoin is dead",Bitcoin is experiencing a downtrend as it faces negative trends reminiscent of the last bull cycle.Repeat after me: Bitcoin is dead.Well bulls are also dead.,2026-08-17T15:39:43.935Z,bitcoin,2026-08-17T15:39:43.935Z,2026-08-17,2026-08-17,TREND,bitcoin,False,DOWN,,UP,2.69,2.69,CONTRADICTED,"Claimed DOWN, market UP +2.69%",INACCURATE,True,bitcoin,2.69,2.96,23.78
t1_p48ldd5,t3_1vqvu82,[deleted],I will buy it when it hits zero and it will go lower than that.,I will buy it when it hits zero and it will go lower than that.,2026-08-17T15:39:43.935Z,bitcoin,2026-08-17T15:39:43.935Z,2026-08-17,2026-08-17,OPINION_OTHER,,False,,,,,,NOT_CHECKABLE,No crypto asset mentioned,NOT_SCORED,False,bitcoin,2.69,2.96,23.78
t1_p48lm3w,t3_1vqvu82,Efficient_Range1156,I will buy it when it hits zero and it will go lower than that.,I will buy it when it hits zero and it will go lower than that.,2026-08-17T15:39:43.935Z,bitcoin,2026-08-17T15:39:43.935Z,2026-08-17,2026-08-17,OPINION_OTHER,,False,,,,,,NOT_CHECKABLE,No crypto asset mentioned,NOT_SCORED,False,bitcoin,2.69,2.96,23.78
t1_p4cr7lq,t3_1vr2l6y,Exciting_Skin_8846,better than coinbase that’s forsure,better than coinbase that’s for sure,2026-08-17T19:41:56.927Z,bitcoin,2026-08-17T19:41:56.927Z,2026-08-17,2026-08-17,OPINION_OTHER,,False,,,,,,NOT_CHECKABLE,No crypto asset mentioned,NOT_SCORED,False,bitcoin,2.69,2.96,23.78
t1_p4a7g9a,t3_1vr2l6y,Few-Cook5941,I always use Binance to buy the Bitcoin then I send it to trust wallet,"I always use Binance to buy Bitcoin, and send it to a trust wallet.",2026-08-17T19:41:56.927Z,bitcoin,2026-08-17T19:41:56.927Z,2026-08-17,2026-08-17,OPINION_OTHER,bitcoin,False,,,,,,NOT_CHECKABLE,bitcoin mentioned but no price direction or number,NOT_SCORED,False,bitcoin,2.69,2.96,23.78
t1_p4atv8y,t3_1vr2l6y,LuckySage77,Steak'n'Shake is the only burger joint that actually accepts Bitcoin. This amount of BTC actually would get you a couple cheeseburgers... lol,"Steak'n'Shake is the only burger joint that accepts Bitcoin, and the transaction is actually quite affordable. This amount of BTC actually would get you a couple cheeseburgers... lol",2026-08-17T19:41:56.927Z,bitcoin,2026-08-17T19:41:56.927Z,2026-08-17,2026-08-17,OPINION_OTHER,bitcoin,False,,,,,,NOT_CHECKABLE,bitcoin mentioned but no price direction or number,NOT_SCORED,False,bitcoin,2.69,2.96,23.78
t1_p4aaeh5,t3_1vr2l6y,notanigaa,That's a lot for me.,That's a lot for me.,2026-08-17T19:41:56.927Z,bitcoin,2026-08-17T19:41:56.927Z,2026-08-17,2026-08-17,OPINION_OTHER,,False,,,,,,NOT_CHECKABLE,No crypto asset mentioned,NOT_SCORED,False,bitcoin,2.69,2.96,23.78
t1_p4ahknh,t3_1vr2l6y,51674,Is trezor and ledger safe? If those gets drain i think it maybe the end of crypto,"Is trezor and ledger safe? If those gets drained, it could signal the end of crypto.",2026-08-17T19:41:56.927Z,bitcoin,2026-08-17T19:41:56.927Z,2026-08-17,2026-08-17,OPINION_OTHER,bitcoin,True,,,,,,NOT_CHECKABLE,bitcoin mentioned but no price direction or number,NOT_SCORED,False,bitcoin,2.69,2.96,23.78
t1_p4cn3qz,t3_1vr2l6y,uhohthrowawayyyyyy,"Jesus people are worrying about self custody for 30 dollars of bitcoin. Please just buy an etf or something at that point, it’s not that serious lol you’re not saving yourself from doomsday, just ‘buy’ it through a trusted institution. FBTC or something wouldn’t have stolen your 26 bucks.","Jesus people are worrying about self custody for 30 dollars of bitcoin. Please just buy an etf or something at that point, it’s not that serious and you’re not saving yourself from doomsday. FBTC or something wouldn’t have stolen your 26 bucks.",2026-08-17T19:41:56.927Z,bitcoin,2026-08-17T19:41:56.927Z,2026-08-17,2026-08-17,EVENT_NEWS,bitcoin,False,,,,,,NOT_CHECKABLE,bitcoin news/event - not checkable with price data,NOT_SCORED,False,bitcoin,2.69,2.96,23.78
t1_p4cl1wz,t3_1vr2l6y,SoggyMonkeyy,"Following the wallets it looks like the funds got sent to a wallet that has received over 10m in bitcoin, sorry bro
bc1qp6v25a7rfedn62u9y25z8pksja0xt4hstpefmd","Following the wallets it looks like the funds were sent to a wallet that received over 10m in bitcoin. 
Uptrend: Bitcoin.",2026-08-17T19:41:56.927Z,bitcoin,2026-08-17T19:41:56.927Z,2026-08-17,2026-08-17,TREND,bitcoin,False,UP,,UP,2.69,2.69,VERIFIED,bitcoin was UP +2.69% over 1d,ACCURATE,True,bitcoin,2.69,2.96,23.78
t1_p4d0ukp,t3_1vr2l6y,MiaTaude589,"Ouch, move any BTC tied to the same seed into a fresh wallet generated on a clean hardware device, and don't reuse that seed anywhere. The receiving address collecting more funds doesn't explain the compromise, but reused seed words, cloud backups, fake wallet apps, or exposed private keys are the first things I'd check. Don't answer DMs offering recovery, because confirmed Bitcoin transactions aren't reversible","The text discusses a security breach affecting Bitcoin using reused seed words and compromised private keys. The receiving address collecting more funds is not directly mentioned, but it suggests a potential vulnerability that needs to be addressed.Ouch, move any BTC tied to the same seed into a fresh wallet generated on a clean",2026-08-17T19:41:56.927Z,bitcoin,2026-08-17T19:41:56.927Z,2026-08-17,2026-08-17,OPINION_OTHER,bitcoin,False,,,,,,NOT_CHECKABLE,bitcoin mentioned but no price direction or number,NOT_SCORED,False,bitcoin,2.69,2.96,23.78
t1_p4aq1ic,t3_1vr2l6y,Mooscowsky,"""Bitcoin fixes this""","""Bitcoin fixes this problem,"" reads the text.",2026-08-17T19:41:56.927Z,bitcoin,2026-08-17T19:41:56.927Z,2026-08-17,2026-08-17,EVENT_NEWS,bitcoin,False,,,,,,NOT_CHECKABLE,bitcoin news/event - not checkable with price data,NOT_SCORED,False,bitcoin,2.69,2.96,23.78
t1_p4bvjyi,t3_1vr2l6y,Blade_Runner_69,Why is it always people with 1 or 2 posts ever and low karma that suddenly have their BTC taken in a cryptic manner? 🤔,Why is it always people with 1 or 2 posts ever and low karma that suddenly have their BTC taken in a cryptic manner? 🤔,2026-08-17T19:41:56.927Z,bitcoin,2026-08-17T19:41:56.927Z,2026-08-17,2026-08-17,OPINION_OTHER,bitcoin,False,,,,,,NOT_CHECKABLE,bitcoin mentioned but no price direction or number,NOT_SCORED,False,bitcoin,2.69,2.96,23.78
t1_p4aiphv,t3_1vr2l6y,Zealous03,Why don’t people just put their BTC on a USB and put it in a safety deposit box at a bank?,Why don’t people just put their Bitcoin in a safety deposit box?,2026-08-17T19:41:56.927Z,bitcoin,2026-08-17T19:41:56.927Z,2026-08-17,2026-08-17,OPINION_OTHER,bitcoin,False,,,,,,NOT_CHECKABLE,bitcoin mentioned but no price direction or number,NOT_SCORED,False,bitcoin,2.69,2.96,23.78
t1_p4bj7l9,t3_1vr2l6y,Trick-Care8369,But it can be. Offline Sparrow on usb. Generate a multisig.,Text is not about cryptocurrency trends.But it can be.,2026-08-17T19:41:56.927Z,bitcoin,2026-08-17T19:41:56.927Z,2026-08-17,2026-08-17,OPINION_OTHER,bitcoin,True,,,,,,NOT_CHECKABLE,bitcoin mentioned but no price direction or number,NOT_SCORED,False,bitcoin,2.69,2.96,23.78
t1_p4agzcs,t3_1vr2l6y,Sylerb,"Malheureusement pour un montant aussi petit (je veux dire pour les autorités), il sera pratiquement impossible d'ouvrir une enquête. Si tu envisage d'investir encore dans bitcoin, essaye BlockStream green (une wallet multisig)",Malheureusement pour un montant aussi petit (je veux dire que Bitcoin is not about cryptocurrency trends).,2026-08-17T19:41:56.927Z,bitcoin,2026-08-17T19:41:56.927Z,2026-08-17,2026-08-17,OPINION_OTHER,bitcoin,False,,,,,,NOT_CHECKABLE,bitcoin mentioned but no price direction or number,NOT_SCORED,False,bitcoin,2.69,2.96,23.78
t1_p4cupum,t3_1vr2l6y,T1m3Wizard,Is bitcoin really that unsecure?,Is bitcoin really that unsecure?,2026-08-17T19:41:56.927Z,bitcoin,2026-08-17T19:41:56.927Z,2026-08-17,2026-08-17,OPINION_OTHER,bitcoin,False,,,,,,NOT_CHECKABLE,bitcoin mentioned but no price direction or number,NOT_SCORED,False,bitcoin,2.69,2.96,23.78
t1_p4dpeks,t3_1vriob4,Grouchy-Stranger-306,"is this your first time learning about inflation? and doge doesn't even have a crazy one as it's 3%, where solana has around 5%, if you are going to write slop again pick something else","is this your first time learning about inflation? and doge doesn't have a crazy one as it's 3%, where solana has around 5%, if you are going to write slop again pick something else",2026-08-18T07:53:41.426Z,cryptocurrency,2026-08-18T07:53:41.426Z,2026-08-18,2026-08-17,OPINION_OTHER,solana,False,,,,,,NOT_CHECKABLE,solana mentioned but no price direction or number,NOT_SCORED,False,solana,1.43,2.76,29.78
t1_p4dmajn,t3_1vriob4,Timely-Fig2030,"14.4 million new dogecoins per day.
Have fun with dilution.","14.4 million new dogecoins are added to the market each day, indicating strong growth.Have fun with dilution.",2026-08-18T07:53:41.426Z,cryptocurrency,2026-08-18T07:53:41.426Z,2026-08-18,2026-08-17,OPINION_OTHER,bitcoin,True,,,,,,NOT_CHECKABLE,bitcoin mentioned but no price direction or number,NOT_SCORED,False,bitcoin,0.27,1.56,22.41
t1_p4djjk9,t3_1vri6nd,MarioWilson122,"Yeah, I still do, but after how bad that last run was, with no altseason and all, it's probably best to stick with just BTC tbh. But I'm sure a good amount of people will still have their small plays they hold for the long term into the next run. That's usually how it was done, with more success for decent picks, until last cycle.","Bitcoin is probably best to stick with Bitcoin for the long-term after the last cycle's debacle, although some people may revisit Ethereum or Tether as a speculative play.Yeah, I still do, but after how bad that last run was, with no altseason and all, it's probably",2026-08-18T07:24:19.833Z,cryptocurrency,2026-08-18T07:24:19.833Z,2026-08-18,2026-08-17,OPINION_OTHER,bitcoin,False,,,,,,NOT_CHECKABLE,bitcoin mentioned but no price direction or number,NOT_SCORED,False,bitcoin,0.27,1.56,22.41
t1_p4dm6xy,t3_1vri6nd,Bingo_the_Brainy_Pup,I didn't. But the arrival of the bear market changed my time horizon somewhat,I didn't. But the arrival of the bear market has changed my time horizon somewhat,2026-08-18T07:24:19.833Z,cryptocurrency,2026-08-18T07:24:19.833Z,2026-08-18,2026-08-17,OPINION_OTHER,,False,,,,,,NOT_CHECKABLE,No crypto asset mentioned,NOT_SCORED,False,bitcoin,0.27,1.56,22.41
t1_p4dt5xz,t3_1vri6nd,South_Monitor_6992,Btc yes. Altcoins long term? HECK NO🗣️,"Binance Coin is currently experiencing positive trends, while altcoins are not.",2026-08-18T07:24:19.833Z,cryptocurrency,2026-08-18T07:24:19.833Z,2026-08-18,2026-08-17,OPINION_OTHER,bnb,False,,,,,,NOT_CHECKABLE,bnb mentioned but no price direction or number,NOT_SCORED,False,bnb,-0.27,0.96,16.27
t1_p4dnm05,t3_1vri6nd,feltusen,Its all shit if were being honest. And that includes btc,Its all shit if were being honest. And that includes btc.,2026-08-18T07:24:19.833Z,cryptocurrency,2026-08-18T07:24:19.833Z,2026-08-18,2026-08-17,OPINION_OTHER,bitcoin,False,,,,,,NOT_CHECKABLE,bitcoin mentioned but no price direction or number,NOT_SCORED,False,bitcoin,0.27,1.56,22.41
t1_p4di8f5,t3_1vri6nd,BasicButterface,"I wouldn’t even hold eth long term, only btc","I wouldn’t even hold Ethereum long-term, only btc.",2026-08-18T07:24:19.833Z,cryptocurrency,2026-08-18T07:24:19.833Z,2026-08-18,2026-08-17,OPINION_OTHER,bitcoin,False,,,,,,NOT_CHECKABLE,bitcoin mentioned but no price direction or number,NOT_SCORED,False,bitcoin,0.27,1.56,22.41
t1_p4do7ls,t3_1vri6nd,MinimalGravitas,"Why would you think BTC will survive long term?

There are no signs of a solution to the security budget issue, meaning that the network will become more vulnerable to an attacker with every halvening.

https://budget.day/

Bitcoin was already in second place in terms of the cost to attack the chain 2 years ago, though I would not be surprised if you weren't aware of that:

https://www.bitcoininsider.org/article/241367/how-much-hack-bitcoin-and-ethereum-new-study-reveals-price

And entirely separate to that vulnerability in mining is the threat to old wallets from quantum computing...

https://quantumai.google/static/site-assets/downloads/cryptocurrency-whitepaper.pdf

This is a much more unknown risk as its timescale is dependent on the speed of development of new technology, rather than just the predictable slow decay from halving mining rewards, but experts are clearly concerned.

Quantum attacks don't harm the chain itself, but could derive the private keys of crypto in old address. Estimates put the amount of BTC in vulnerable address as about 1/3rd, not just Satoshi's coins but any old addresses from that era, including those that are often referred to as 'lost coins' that owners no longer have access to.

There is a proposed solution for this one, but it is to effectively lock old coins

https://www.learnbitcoin.com/glossary/bip-361

This is unsurprisingly quite controversial when the one remaining narrative of BTC's use is as a 'store of value', and devs are suggesting taking away access to your assets if you have held them for too long without moving them.

Less talked about is the fact that the chain has such a low TPS throughput means that even if everyone in vulnerable addresses wanted to move to more secure keypairs it would take something like 2 years for the network to be able to process that many transactions!

So yea, it seems somewhat naieve to think BTC makes sense long term.","The text discusses the security and potential risks of Bitcoin, specifically highlighting the increased vulnerability from quantum computing and the slow decay of mining rewards, without adequate solutions for long-term stability.

Downtrend: Bitcoin.",2026-08-18T07:24:19.833Z,cryptocurrency,2026-08-18T07:24:19.833Z,2026-08-18,2026-08-17,TREND,bitcoin,False,DOWN,,FLAT,0.27,0.27,INCONCLUSIVE,"Claimed DOWN, market flat (+0.27%)",NOT_SCORED,False,bitcoin,0.27,1.56,22.41
t1_p4dj481,t3_1vri6nd,ice-ink,"Anyone wondering where eth is going long term, check out eth/btc chart over the last few years. When you take $ out of the picture, it becomes painfully clear.","Anyone wondering where eth is going long term, check out the Ethereum/btc chart over the last few years. When you take $ out of the picture, it becomes painfully clear.",2026-08-18T07:24:19.833Z,cryptocurrency,2026-08-18T07:24:19.833Z,2026-08-18,2026-08-17,OPINION_OTHER,bitcoin,False,,,,,,NOT_CHECKABLE,bitcoin mentioned but no price direction or number,NOT_SCORED,False,bitcoin,0.27,1.56,22.41
t1_p4duuid,t3_1vri6nd,Romanizer,"BTC is a long-term play. ETH is questionable as the projects supporting are mainly based on throughput, not store of value.

Everything else just exists to wait for a pump and sell, here's where you need inside information for an edge.","Bitcoin and Ethereum are highlighted as long-term investments with questionable short-term trends. 
Uptrend: Bitcoin, Ethereum.",2026-08-18T07:24:19.833Z,cryptocurrency,2026-08-18T07:24:19.833Z,2026-08-18,2026-08-17,TREND,bitcoin,False,UP,,FLAT,0.27,0.27,INCONCLUSIVE,"Claimed UP, market flat (+0.27%)",NOT_SCORED,False,bitcoin,0.27,1.56,22.41
t1_p455rlx,t3_1vqeklo,Moist-Fruit-693,"No matter what you do, there’s a decent chance there will be a fuck up causing your btc to be drained and you will bear the blame.","No matter what you do, there is always a chance that a fuck up will occur causing your btc to be drained.",2026-08-17T01:28:51.257Z,cryptocurrency,2026-08-17T01:28:51.257Z,2026-08-17,2026-08-17,TREND,bitcoin,False,UP,,UP,2.69,2.69,VERIFIED,bitcoin was UP +2.69% over 1d,ACCURATE,True,bitcoin,2.69,2.96,23.78
t1_p48iz9o,t3_1vqs0d5,OkRadish2611,"Garbage. Another useless ALT. BTC only, maybe little ETH",Garbage. Another useless ALT.,2026-08-17T13:13:39.211Z,cryptocurrency,2026-08-17T13:13:39.211Z,2026-08-17,2026-08-17,OPINION_OTHER,bitcoin,False,,,,,,NOT_CHECKABLE,bitcoin mentioned but no price direction or number,NOT_SCORED,False,bitcoin,2.69,2.96,23.78
t1_p47qpg1,t3_1vqs0d5,HBRWHammer5,Just buy bitcoin if you are new to crypto.,Just buy bitcoin if you are new to crypto.,2026-08-17T13:13:39.211Z,cryptocurrency,2026-08-17T13:13:39.211Z,2026-08-17,2026-08-17,OPINION_OTHER,bitcoin,False,,,,,,NOT_CHECKABLE,bitcoin mentioned but no price direction or number,NOT_SCORED,False,bitcoin,2.69,2.96,23.78
t1_p48cser,t3_1vqs0d5,NorskKiwi,That's what happens in this industry.,That's what happens in this industry.,2026-08-17T13:13:39.211Z,cryptocurrency,2026-08-17T13:13:39.211Z,2026-08-17,2026-08-17,OPINION_OTHER,,False,,,,,,NOT_CHECKABLE,No crypto asset mentioned,NOT_SCORED,False,bitcoin,2.69,2.96,23.78
t1_p4ao17p,t3_1vr2xq0,Traditional_Most105,Yet people say crypto is dead. I guess people see what they want to see,"Yet people continue to suggest that cryptocurrency is dead, with no significant positive or negative trends mentioned. I guess people see what they want to see",2026-08-17T19:54:39.560Z,cryptocurrency,2026-08-17T19:54:39.560Z,2026-08-17,2026-08-17,OPINION_OTHER,bitcoin,True,,,,,,NOT_CHECKABLE,bitcoin mentioned but no price direction or number,NOT_SCORED,False,bitcoin,2.69,2.96,23.78
t1_p4aa65t,t3_1vr2xq0,PureCod9290,"Crypto is dead. Liquidity is concentrating in BTC as the last man standing. The latest ""cycle"" has showed meagre returns.

15+ years and the only real ""use case"" is crime or theft. If there's no utility there's only speculation and if there's less interest there is less capital...","Crypto is facing a downtrend as liquidity concentrates in Bitcoin. The latest cycle has shown meagre returns. 
Downtrend: Bitcoin.",2026-08-17T19:54:39.560Z,cryptocurrency,2026-08-17T19:54:39.560Z,2026-08-17,2026-08-17,TREND,bitcoin,False,DOWN,,UP,2.69,2.69,CONTRADICTED,"Claimed DOWN, market UP +2.69%",INACCURATE,True,bitcoin,2.69,2.96,23.78
t1_p4anu5t,t3_1vr2xq0,Disastrous_Week3046,The best use case is honestly just gambling that it may go up.,"The best use case is honestly just gambling that it may go up, with no strong trend indicated for specific coins.",2026-08-17T19:54:39.560Z,cryptocurrency,2026-08-17T19:54:39.560Z,2026-08-17,2026-08-17,OPINION_OTHER,,False,,,,,,NOT_CHECKABLE,No crypto asset mentioned,NOT_SCORED,False,bitcoin,2.69,2.96,23.78
t1_p4c4ild,t3_1vr2xq0,choc-churro,"I agree that the returns have subsided and this could deter retail.

However.. owning btc becomes a very viable idea once you lose faith in your government. btc has shown to be more stable than many fiat currencies.

Owning USD would still be more stable, but this isn't always available and the exchange fees can be worse than crypto on/off ramps.

Most people to discredit crypto are living in one country, using one currency. They have not felt the pain of debanking or don't understand how bad inflation is today","I agree that the returns on cryptocurrencies like Bitcoin have subsided, but owning binance Coin is still a viable investment if you lose faith in your government.

Downtrend: Bitcoin.",2026-08-17T19:54:39.560Z,cryptocurrency,2026-08-17T19:54:39.560Z,2026-08-17,2026-08-17,TREND,bitcoin,False,DOWN,,UP,2.69,2.69,CONTRADICTED,"Claimed DOWN, market UP +2.69%",INACCURATE,True,bitcoin,2.69,2.96,23.78
t1_p4arhng,t3_1vr2xq0,PureCod9290,"Death doesn't necessarily mean quick death. Look at the returns of any coin past 5 years. Very few winners, ETH down bad and BTC losing to inflation.

It's ridiculous to think some use case is gonna emerge 15 years later. It's all just speculation that requires someone else paying more later. It's a house of cards","Bitcoin and Ethereum have shown significant downtrends due to inflation and past performance. 
Downtrend: Bitcoin, Ethereum.",2026-08-17T19:54:39.560Z,cryptocurrency,2026-08-17T19:54:39.560Z,2026-08-17,2026-08-17,TREND,bitcoin,False,DOWN,,UP,2.69,2.69,CONTRADICTED,"Claimed DOWN, market UP +2.69%",INACCURATE,True,bitcoin,2.69,2.96,23.78
t1_p4amc5a,t3_1vr2xq0,brainfreeze3,average crypto bro iq right here on OP,average crypto bro iq is not about cryptocurrency trends.,2026-08-17T19:54:39.560Z,cryptocurrency,2026-08-17T19:54:39.560Z,2026-08-17,2026-08-17,OPINION_OTHER,bitcoin,True,,,,,,NOT_CHECKABLE,bitcoin mentioned but no price direction or number,NOT_SCORED,False,bitcoin,2.69,2.96,23.78
t1_p4awtod,t3_1vr2xq0,Potatotornado20,Crypto cant die because Bitcoin goes up forever,"Crypto enthusiasts are optimistic about Bitcoin's future growth potential, as it goes up forever.",2026-08-17T19:54:39.560Z,cryptocurrency,2026-08-17T19:54:39.560Z,2026-08-17,2026-08-17,TREND,bitcoin,False,UP,,UP,2.69,2.69,VERIFIED,bitcoin was UP +2.69% over 1d,ACCURATE,True,bitcoin,2.69,2.96,23.78
t1_p4bhcww,t3_1vr2xq0,sigh_duck,"The speculation has moved to Meme coins where the volatility, volume and retail interest remains. The rest of it is really not going to do well for capturing speculation as consistently anymore. It will really be a case of a few surviving, much like the dotcom bust, which will go on to do very very well. 99.99% of all the coins ever released don't do anything useful and serve to transfer money to early investors.","The text discusses the challenges of capturing speculation in the cryptocurrency market with Meme coins focusing on high volatility and retail interest, contrasting with traditional coins like Bitcoin and Ethereum. 99.99% of all the coins ever released don't do anything useful and serve to transfer money to early investors.The speculation has",2026-08-17T19:54:39.560Z,cryptocurrency,2026-08-17T19:54:39.560Z,2026-08-17,2026-08-17,OPINION_OTHER,bitcoin,False,,,,,,NOT_CHECKABLE,bitcoin mentioned but no price direction or number,NOT_SCORED,False,bitcoin,2.69,2.96,23.78
t1_p4dt9y8,t3_1vr2xq0,MarioWilson122,"We'll have to see how crypto performs once Trump is out of office. This cycle has had a different political and regulatory environment, so some of what we're seeing now may not carry over into the next one.

After how the last cycle played out, though, I wouldn't assume history will simply repeat itself. Crypto can survive and future bull runs can still happen without following the same cycle pattern or producing the same kind of returns. Each cycle has already shown that the market can change significantly, so past cycles are useful reference points, not guarantees.","We'll have to see how crypto performs once Trump is out of office and what trends may emerge from the current cycle's dynamics.After how the last cycle played out, though, I wouldn't assume history will simply repeat itself. This cycle has had a different political and regulatory environment, and future cycles may",2026-08-17T19:54:39.560Z,cryptocurrency,2026-08-17T19:54:39.560Z,2026-08-17,2026-08-17,OPINION_OTHER,bitcoin,True,,,,,,NOT_CHECKABLE,bitcoin mentioned but no price direction or number,NOT_SCORED,False,bitcoin,2.69,2.96,23.78
t1_p48tfz0,t3_1vqw6yu,fan_of_hakiksexydays,"I don't know if there's even enough interest and fuel left for a fakeout to $76K.

I really thought we had the legs for $70K when BTC was heading towards $67K, back when the market had a lot of tail wind. It was having a nice bounce back. Had real momentum.

Plus we had fuel from the Iran peace deal looking like it could be finalized, markets were pumping like crazy, it looked like rate cuts could still be on the table, plus the news was talking about the Clarity Act being just around the corner.

But now we have none of that, and we have Saylor selling more and more BTC.","Bitcoin is experiencing a downtrend as it struggles with selling pressure and lack of interest despite earlier positive momentum from economic factors.

Downtrend: Bitcoin.",2026-08-17T15:54:45.613Z,cryptocurrency,2026-08-17T15:54:45.613Z,2026-08-17,2026-08-17,TREND,bitcoin,False,DOWN,,UP,2.69,2.69,CONTRADICTED,"Claimed DOWN, market UP +2.69%",INACCURATE,True,bitcoin,2.69,2.96,23.78
t1_p4b4pio,t3_1vqw6yu,youngWuuf,"I would agree but most people are saying what you are saying, so the bottom is prob not already in, BTC also looks weak AF","Bitcoin is currently showing weak signals with a potential bottom not yet in sight according to some analysts. 
Downtrend: Bitcoin.",2026-08-17T15:54:45.613Z,cryptocurrency,2026-08-17T15:54:45.613Z,2026-08-17,2026-08-17,TREND,bitcoin,False,DOWN,,UP,2.69,2.69,CONTRADICTED,"Claimed DOWN, market UP +2.69%",INACCURATE,True,bitcoin,2.69,2.96,23.78
t1_p48p3xw,t3_1vqw6yu,Efficient_Range1156,"The bottom already happened. In 2022, people were calling for 5-6k after ftx, those same people clamored in above 22k. The rest is history.","The text discusses the evolution of cryptocurrency trends following the ftx crash. In 2022, people were calling for 5-6k after ftx, those same people clamored in above 22k. The rest is history.",2026-08-17T15:54:45.613Z,cryptocurrency,2026-08-17T15:54:45.613Z,2026-08-17,2026-08-17,TREND,bitcoin,True,DOWN,,UP,2.69,2.69,CONTRADICTED,"Claimed DOWN, market UP +2.69% (generic 'crypto' claim checked against BTC)",INACCURATE,True,bitcoin,2.69,2.96,23.78
t1_p491ap6,t3_1vqw6yu,Hyphen_Nation,"I’m with you on this, though some friends I trust who have been in crypto way longer than I have, feel like we are at bottom now. I’m thinking we have a few more dips. In the big picture it’s a wash, but I’ll prob wait a bit longer and start buying back in when the crypto and bitcoin subreddits feel like ghost towns…","I'm with you on this, though some friends I trust who have been in crypto way longer than I have, feel like we are at a bottom with potential further dips. I’m thinking we have a few more dips. In the long term, it’s a wash.",2026-08-17T15:54:45.613Z,cryptocurrency,2026-08-17T15:54:45.613Z,2026-08-17,2026-08-17,OPINION_OTHER,bitcoin,False,,,,,,NOT_CHECKABLE,bitcoin mentioned but no price direction or number,NOT_SCORED,False,bitcoin,2.69,2.96,23.78
t1_p49xu0p,t3_1vqw6yu,VCmira,"I think there is still too much optimism, so I think we will fall lower. but maybe institutional adoption changes this. I am buying in, but I think we may still fall lower","I think there is still too much optimism in the market for a positive trend, suggesting a potential downtrend. but maybe institutional adoption changes this. I am buying in, but think we may still fall lower.",2026-08-17T15:54:45.613Z,cryptocurrency,2026-08-17T15:54:45.613Z,2026-08-17,2026-08-17,OPINION_OTHER,bitcoin,True,,,,,,NOT_CHECKABLE,bitcoin mentioned but no price direction or number,NOT_SCORED,False,bitcoin,2.69,2.96,23.78
t1_p4aby4z,t3_1vqw6yu,Jenn2895,"I don’t think Btc will go below $44k. Wouldn’t be surprised if we saw $45k-$55k, but it’s also possible the bottom is already in.
If I had to bet on when it would bottom, I would say around Xmas.
If you’re buying it’s best to just do weekly/monthly DCA & not worry about it.","I don’t think Binance Coin will drop below $44,000, and it's possible it could reach $45,000-$55,000 based on current market conditions.If you’re buying it’s best to just do weekly/monthly DCA & not worry",2026-08-17T15:54:45.613Z,cryptocurrency,2026-08-17T15:54:45.613Z,2026-08-17,2026-08-17,PREDICTION,bnb,False,DOWN,,,,,NOT_CHECKABLE,Price prediction (future-tense) - can't be scored at posting time,NOT_SCORED,False,bnb,0.45,1.02,16.49
t1_p4bxxdp,t3_1vqw6yu,viberama977,Already happened. It's crab people time for a while!,Already happened. It's crab people time for a while!,2026-08-17T15:54:45.613Z,cryptocurrency,2026-08-17T15:54:45.613Z,2026-08-17,2026-08-17,OPINION_OTHER,,False,,,,,,NOT_CHECKABLE,No crypto asset mentioned,NOT_SCORED,False,bitcoin,2.69,2.96,23.78
t1_p4cpv5f,t3_1vqw6yu,DiddysAfterparty,50-55k most likely,50-55k most likely,2026-08-17T15:54:45.613Z,cryptocurrency,2026-08-17T15:54:45.613Z,2026-08-17,2026-08-17,OPINION_OTHER,,False,,,,,,NOT_CHECKABLE,No crypto asset mentioned,NOT_SCORED,False,bitcoin,2.69,2.96,23.78
t1_p48w9sl,t3_1vqw6yu,saviourz666,"I think if we have one more leg down , which if the cycle plays out , should be around October November . I think 56 could be the bottom . We had 57 in June . Surely we didn’t bottom that early .","I think if we have one more leg down , which if the cycle plays out , should be around October November . I think 56 could be the bottom . We had 57 in June . Surely we didn’t bottom that early .",2026-08-17T15:54:45.613Z,cryptocurrency,2026-08-17T15:54:45.613Z,2026-08-17,2026-08-17,OPINION_OTHER,,False,,,,,,NOT_CHECKABLE,No crypto asset mentioned,NOT_SCORED,False,bitcoin,2.69,2.96,23.78
t1_p49ty3m,t3_1vqw6yu,AlpineGuy,Range of 25-37K (ATH minus 70-80%) in mid-October.,Range of 25-37K (ATH minus 70-80%) in mid-October.,2026-08-17T15:54:45.613Z,cryptocurrency,2026-08-17T15:54:45.613Z,2026-08-17,2026-08-17,OPINION_OTHER,,False,,,,,,NOT_CHECKABLE,No crypto asset mentioned,NOT_SCORED,False,bitcoin,2.69,2.96,23.78
t1_p4ai4qq,t3_1vqw6yu,7pixeldick,It'll touch 30s in September along with the big flash crash in the broader markets ahead of the midterms. January rocket on all risk on assets including crypto.,The text discusses a potential bearish trend for Bitcoin as it faces volatility around the time of the midterms.It'll touch 30s in September along with the big flash crash in the broader markets. January sees a bearish outlook for Ethereum.,2026-08-17T15:54:45.613Z,cryptocurrency,2026-08-17T15:54:45.613Z,2026-08-17,2026-08-17,TREND,bitcoin,False,DOWN,,UP,2.69,2.69,CONTRADICTED,"Claimed DOWN, market UP +2.69%",INACCURATE,True,bitcoin,2.69,2.96,23.78
t1_p49agc5,t3_1vqw6yu,Illustrious-Option-9,This is the bottom. Then 75k. Then new bottom at 43k. Then new swing to 65k. Then down to 18k. Then up 37k. A couple of these more cycles before it reaches 2k.,"This is the bottom. A couple of cycles before it reaches 2k. Then new swings to 65k, then 75k.",2026-08-17T15:54:45.613Z,cryptocurrency,2026-08-17T15:54:45.613Z,2026-08-17,2026-08-17,OPINION_OTHER,,False,,,,,,NOT_CHECKABLE,No crypto asset mentioned,NOT_SCORED,False,bitcoin,2.69,2.96,23.78
t1_p4a9ldl,t3_1vqw6yu,classified_x,My only advice is to not bottom fish on this. My best advice is to forget completely and disregard bitcoin as investment for the foreseeable future,My only advice is to not to invest in Bitcoin as an investment.,2026-08-17T15:54:45.613Z,cryptocurrency,2026-08-17T15:54:45.613Z,2026-08-17,2026-08-17,OPINION_OTHER,bitcoin,False,,,,,,NOT_CHECKABLE,bitcoin mentioned but no price direction or number,NOT_SCORED,False,bitcoin,2.69,2.96,23.78
t1_p49yosf,t3_1vqwlbn,almo2001,This is the answer.,This is the answer.,2026-08-17T16:16:24.142Z,cryptocurrency,2026-08-17T16:16:24.142Z,2026-08-17,2026-08-17,OPINION_OTHER,,False,,,,,,NOT_CHECKABLE,No crypto asset mentioned,NOT_SCORED,False,bitcoin,2.69,2.96,23.78
t1_p492pjk,t3_1vqwlbn,lambsquatch,"Teach them how to weekly DCA into
The s&p 500 with an etf like VOO first. Then if they want to lose some money on the side…throw it into Coinbase with Bitcoin…holding your own coins takes us too risky for beginners",Teach them how to convert weekly DCA into short-term investments using Bitcoin. Then if they want to lose some money on the side…throw it into Coinbase with Bitcoin.,2026-08-17T16:16:24.142Z,cryptocurrency,2026-08-17T16:16:24.142Z,2026-08-17,2026-08-17,OPINION_OTHER,bitcoin,False,,,,,,NOT_CHECKABLE,bitcoin mentioned but no price direction or number,NOT_SCORED,False,bitcoin,2.69,2.96,23.78
t1_p48tug2,t3_1vqwlbn,Lucky-Interview-7689,Stay out of it and focus your energy on something real.,Stay out of it and focus your energy on something real.,2026-08-17T16:16:24.142Z,cryptocurrency,2026-08-17T16:16:24.142Z,2026-08-17,2026-08-17,OPINION_OTHER,,False,,,,,,NOT_CHECKABLE,No crypto asset mentioned,NOT_SCORED,False,bitcoin,2.69,2.96,23.78
t1_p49qe8u,t3_1vqwlbn,ODD_Old_Dirty_Degen,"Depends on what you want to achieve with this knowledge. Do you want to financialy capitalize on it or do you just want to understand it?
The most important fundamental is how BTC works/the BTC whitepaper imho.",The text discusses how Bitcoin works and its potential for financial capitalization.Depends on what you want to achieve with this knowledge. Do you financialize on it or do you just want to understand it?,2026-08-17T16:16:24.142Z,cryptocurrency,2026-08-17T16:16:24.142Z,2026-08-17,2026-08-17,OPINION_OTHER,bitcoin,False,,,,,,NOT_CHECKABLE,bitcoin mentioned but no price direction or number,NOT_SCORED,False,bitcoin,2.69,2.96,23.78
t1_p46qqv0,t3_1vqm3y1,Psychological_Bug981,"Minting increases supply and makes the price harder to move, while burning reduces supply and makes it easier to move the price. Buying and selling cause a spot market’s price to increase or decrease. Multiple spot markets can have price differences, which create arbitrage opportunities between them.

Stablecoins mint and burn 1:1 against a backing asset to help maintain a stable price. Non stable coins use various supply, issuance, and burn mechanisms that can make them more or less volatile, but they are not designed to maintain a fixed price. Coins can burn transaction fees to reduce supply and create upward pressure on price. Coins can also be minted to increase supply, either with corresponding backing to help stabilize the price or to be sold into the market, potentially at the expense of existing holders through dilution and additional sell pressure.

Order size affects slippage, and the amount a trade moves the price depends on the available liquidity in that particular market. Larger orders consume more of the available bids or asks and therefore tend to produce greater price movement.

Only the portion of Bitcoin’s total supply that is actively available to the market directly contributes to its immediate liquidity and price discovery. Coins that are lost, inaccessible, or held without being offered for sale reduce the effective liquid supply, although the entire outstanding supply still matters for valuation and expectations.

Ethereum also supports tokens and applications built using its blockchain and development standards. ETH acts as the native asset used to pay gas fees for activity on the network, so demand for blockspace, applications, transactions, and Ethereum based infrastructure can contribute to demand for ETH. Ethereum also burns a portion of transaction fees, while new ETH is issued through its proof of stake system, meaning its net supply changes according to the balance between issuance and burning.

CRO’s burn rate is variable and is influenced by transaction fee burns alongside its quarterly burn mechanism.","The text analyzes the dynamics of cryptocurrency markets, focusing on how minting, burning, and demand contribute to liquidity and price movement, with Bitcoin primarily focusing on its supply and demand dynamics.

Uptrend: Ethereum.",2026-08-17T08:07:55.540Z,cryptocurrency,2026-08-17T08:07:55.540Z,2026-08-17,2026-08-17,TREND,bitcoin,False,UP,,UP,2.69,2.69,VERIFIED,bitcoin was UP +2.69% over 1d,ACCURATE,True,bitcoin,2.69,2.96,23.78
t1_p489f29,t3_1vqs2ee,ChangeNOW_Community,market orders without limit orders would basically have nothing to hit. someone has to actually provide liquidity somewhere,market orders without limit orders would basically have nothing to hit. someone has to actually provide liquidity to the market.,2026-08-17T13:15:49.557Z,cryptocurrency,2026-08-17T13:15:49.557Z,2026-08-17,2026-08-17,OPINION_OTHER,bitcoin,True,,,,,,NOT_CHECKABLE,bitcoin mentioned but no price direction or number,NOT_SCORED,False,bitcoin,2.69,2.96,23.78
t1_p478ftv,t3_1vqlwms,cassydd,"That breakaway BIP-110 fork has since found four blocks. Bitcoin has found more than 1,100. Mining pool OCEAN still runs a separate endpoint for the minority chain, carrying 1.15 exahashes per second against 19.22 on its main endpoint.

Can you believe that someone kept that much energy burning on the dead chain? That energy could have been millions and millions of shrimp Jesus's.

The next test arrives soon. BIP-110 backers have floated September 1 for a proof-of-work change and a separate coin. Whether anyone follows them will say more about Bitcoin's governance than 15,000 hours of theory ever could.

Narrator: nobody followed them.","The text discusses the development of Bitcoin's governance with a focus on the BIP-110 fork and its potential implications for its future changes.

Uptrend: Bitcoin.",2026-08-17T07:56:08.107Z,cryptocurrency,2026-08-17T07:56:08.107Z,2026-08-17,2026-08-17,TREND,bitcoin,False,UP,,UP,2.69,2.69,VERIFIED,bitcoin was UP +2.69% over 1d,ACCURATE,True,bitcoin,2.69,2.96,23.78
t1_p48c1sc,t3_1vqlwms,Alatarlhun,Costing 'real energy' is a meaningless stat. I can create unbreakable encrypted data for a marginal amount of energy today. It doesn't mean that is worth anything to anyone now or in the future.,Costing 'real energy' is a meaningless stat. I can create unbreakable encrypted data for a marginal amount of energy today. It doesn't mean that is worth anything to anyone now or in the future.,2026-08-17T07:56:08.107Z,cryptocurrency,2026-08-17T07:56:08.107Z,2026-08-17,2026-08-17,OPINION_OTHER,,False,,,,,,NOT_CHECKABLE,No crypto asset mentioned,NOT_SCORED,False,bitcoin,2.69,2.96,23.78
t1_p494sq5,t3_1vqlwms,Broken_By_Default,That's not what makes bitcoin valuable. the value is in it being permissionless and immutable. the cost of electricity is a way to make miners have skin in the game.,That's not what makes bitcoin valuable. the value is in its being permissionless and immutable. the cost of electricity is a way to make miners have skin in the game.,2026-08-17T07:56:08.107Z,cryptocurrency,2026-08-17T07:56:08.107Z,2026-08-17,2026-08-17,OPINION_OTHER,bitcoin,False,,,,,,NOT_CHECKABLE,bitcoin mentioned but no price direction or number,NOT_SCORED,False,bitcoin,2.69,2.96,23.78
t1_p495f6n,t3_1vqlwms,Alatarlhun,This pro-bitcoin post is making the argument the cost of electricity makes bitcoin valuable.,This pro-bitcoin post argues that the cost of electricity makes Bitcoin valuable.,2026-08-17T07:56:08.107Z,cryptocurrency,2026-08-17T07:56:08.107Z,2026-08-17,2026-08-17,OPINION_OTHER,bitcoin,False,,,,,,NOT_CHECKABLE,bitcoin mentioned but no price direction or number,NOT_SCORED,False,bitcoin,2.69,2.96,23.78
t1_p49aikj,t3_1vqlwms,coreytrevor,How? Once the electricity is expended to mine the bitcoin it’s gone,"How? Once the electricity is expended to mine Bitcoin, it's gone.",2026-08-17T07:56:08.107Z,cryptocurrency,2026-08-17T07:56:08.107Z,2026-08-17,2026-08-17,OPINION_OTHER,bitcoin,False,,,,,,NOT_CHECKABLE,bitcoin mentioned but no price direction or number,NOT_SCORED,False,bitcoin,2.69,2.96,23.78
t1_p48bs8z,t3_1vqlwms,ChangeHeroOfficial,"honestly, this is why Bitcoin is so hard to dismiss. the more you dig into how the network actually works, the more impressive its resilience becomes. there’s a reason people keep coming back to it.","Bitcoin's resilience and potential are highlighted as a strong selling point. the more you dig into how the network actually works, the more impressive its resilience becomes. there’s a reason people keep coming back to it.",2026-08-17T07:56:08.107Z,cryptocurrency,2026-08-17T07:56:08.107Z,2026-08-17,2026-08-17,OPINION_OTHER,bitcoin,False,,,,,,NOT_CHECKABLE,bitcoin mentioned but no price direction or number,NOT_SCORED,False,bitcoin,2.69,2.96,23.78
t1_p493785,t3_1vqlwms,Tai9ch,"The technical design is nice.

The political / social design is broken. It turns out that when you have a bunch of people doing stuff in a coordinated way that's a political coordination problem and the basic premise that you can avoid that with the structure that BTC provides has been falsified.","The text discusses the structural flaws in Bitcoin's political and social design, highlighting its failure as a viable solution for coordination problems.The technical design is nice.The political / social design is broken.",2026-08-17T07:56:08.107Z,cryptocurrency,2026-08-17T07:56:08.107Z,2026-08-17,2026-08-17,OPINION_OTHER,bitcoin,False,,,,,,NOT_CHECKABLE,bitcoin mentioned but no price direction or number,NOT_SCORED,False,bitcoin,2.69,2.96,23.78
t1_p48oqv0,t3_1vqlwms,RaisePotential6558,"You don't need to kill Bitcoin, it will die on it's own. When the block reward gets small enough, the whole world will understand that Bitcoin is a ponzi. The creator knew what he was creating and that's why they stayed anonymous.","Bitcoin is a ponzi scheme that needs to be destroyed or else the whole world will understand. The creator knew what he was creating and that's why they stayed anonymous.You don't need to kill Bitcoin, it will die on it's own. When the block reward gets small enough, the whole",2026-08-17T07:56:08.107Z,cryptocurrency,2026-08-17T07:56:08.107Z,2026-08-17,2026-08-17,OPINION_OTHER,bitcoin,False,,,,,,NOT_CHECKABLE,bitcoin mentioned but no price direction or number,NOT_SCORED,False,bitcoin,2.69,2.96,23.78
t1_p49ke08,t3_1vqlwms,Iapetus404,"When the block reward gets small enough

the price of BTC will be much higher...so even a few hundred Satoshi will be worth much more.

Even when the last BTC is mined......miners will get paid by transactions fees.

and last one.....

A Ponzi scheme (/ˈpɒnzi/, Italian: [ˈpontsi] ) is a form of fraud that lures investors and pays profits to earlier investors with funds from more recent ...","When the block reward of Bitcoin is increased, the price of Bitcoin will rise significantly, making it worth much more than even a few hundred Satoshi.
Uptrend: Bitcoin.",2026-08-17T07:56:08.107Z,cryptocurrency,2026-08-17T07:56:08.107Z,2026-08-17,2026-08-17,TREND,bitcoin,False,UP,,UP,2.69,2.69,VERIFIED,bitcoin was UP +2.69% over 1d,ACCURATE,True,bitcoin,2.69,2.96,23.78
t1_p4a7zd7,t3_1vqlwms,Nice_Material_2436,If block rewards vanished today bitcoin would collapse and there's no reason to assume there will be more demand for block space in the future when fees would inevitably have to be higher.,"If block rewards vanished today, Bitcoin's demand would collapse, leading to higher transaction fees. 
Downtrend: Bitcoin.",2026-08-17T07:56:08.107Z,cryptocurrency,2026-08-17T07:56:08.107Z,2026-08-17,2026-08-17,OPINION_OTHER,bitcoin,False,,,,,,NOT_CHECKABLE,bitcoin mentioned but no price direction or number,NOT_SCORED,False,bitcoin,2.69,2.96,23.78
t1_p4a7stx,t3_1vqlwms,Alaska_Engineer,"At current prices, this is ~$50 fee per transaction.","At current prices, this is ~$50 fee per transaction.",2026-08-17T07:56:08.107Z,cryptocurrency,2026-08-17T07:56:08.107Z,2026-08-17,2026-08-17,OPINION_OTHER,,False,,,,,,NOT_CHECKABLE,No crypto asset mentioned,NOT_SCORED,False,bitcoin,2.69,2.96,23.78
t1_p49zyzc,t3_1vqlwms,HSuke,"Meh. He's doing it the wrong way.

If he wants to destroy Bitcoin, it's pretty easy. Just get a bunch of billionaires to short Bitcoin while investing about $10B in mining equipment. They can halt the network, double-spend, and/or produce empty blocks all day long.

Only takes $5-10B of mining equipment and a tiny portion of today's AI datacenters.","The article discusses how a billionaire wants to destroy Bitcoin by investing in mining equipment and AI datacenters. He's doing it the wrong way.

Downtrend: Bitcoin.",2026-08-17T07:56:08.107Z,cryptocurrency,2026-08-17T07:56:08.107Z,2026-08-17,2026-08-17,TREND,bitcoin,False,DOWN,,UP,2.69,2.69,CONTRADICTED,"Claimed DOWN, market UP +2.69%",INACCURATE,True,bitcoin,2.69,2.96,23.78
t1_p4ddbux,t3_1vrg8pr,Klutzy_Audience_8194,Binance must follow local laws in every country it operates. Why you’re so shocked?,Binance is required to follow local laws in every country it operates. Why you’re so shocked?,2026-08-18T05:36:13.044Z,cryptocurrency,2026-08-18T05:36:13.044Z,2026-08-18,2026-08-17,OPINION_OTHER,,False,,,,,,NOT_CHECKABLE,No crypto asset mentioned,NOT_SCORED,False,bitcoin,0.27,1.56,22.41
t1_p4dvb42,t3_1vrg8pr,Klutzy_Audience_8194,"So why all soyboys of this sub are crying? If it doesn’t operate it means no one living in Russia can use Binance, therefore nobody made donations to Ukraine from Russia using Binance","The text discusses the impact of Binance's shutdown in Russia, which means that no one living in Russia can use Binance.So why all soyboys of this sub are crying? If it doesn’t operate, it means no one can make donations to Ukraine from Russia using Binance Coin",2026-08-18T05:36:13.044Z,cryptocurrency,2026-08-18T05:36:13.044Z,2026-08-18,2026-08-17,OPINION_OTHER,bnb,False,,,,,,NOT_CHECKABLE,bnb mentioned but no price direction or number,NOT_SCORED,False,bnb,-0.27,0.96,16.27
t1_p4b7oxn,t3_1vqzt57,lynortis,"Bitcoin fixed the Heartbleed bug within one day, banks needed weeks to month.","Bitcoin fixed the Heartbleed bug within one day, while banks need weeks to address similar issues.",2026-08-17T18:04:01.456Z,cryptocurrency,2026-08-17T18:04:01.456Z,2026-08-17,2026-08-17,OPINION_OTHER,bitcoin,False,,,,,,NOT_CHECKABLE,bitcoin mentioned but no price direction or number,NOT_SCORED,False,bitcoin,2.69,2.96,23.78
t1_p4d90ys,t3_1vqzt57,Baseic,What do you mean? The bitcoin protocol was never affected by this bug and banks (and everyone else) remedied the bug by updating to the new OpenSSL version.,The bitcoin protocol has been unaffected by a security bug affecting the OpenSSL version.What do you mean? The bitcoin protocol was never affected by this bug and banks have remedied the issue.,2026-08-17T18:04:01.456Z,cryptocurrency,2026-08-17T18:04:01.456Z,2026-08-17,2026-08-17,OPINION_OTHER,bitcoin,False,,,,,,NOT_CHECKABLE,bitcoin mentioned but no price direction or number,NOT_SCORED,False,bitcoin,2.69,2.96,23.78
t1_p4b02f7,t3_1vqzt57,mickalawl,Easy to upgrade centralised entities like banks.,Easy to upgrade centralised entities like banks.,2026-08-17T18:04:01.456Z,cryptocurrency,2026-08-17T18:04:01.456Z,2026-08-17,2026-08-17,EVENT_NEWS,,False,,,,,,NOT_CHECKABLE,No crypto asset mentioned,NOT_SCORED,False,bitcoin,2.69,2.96,23.78
t1_p4awdep,t3_1vqzt57,gororuns,"Satoshi's 60 billion USD worth of bitcoin addresses are available to the public, and it's literally finders keepers, and a matter of when, not if. If you steal from a bank, expect the FBI and international police after you. Banks have multi levels of protection, and they will notice minutes after your hack. Satoshi's wallets are dormant.","The text discusses the vulnerability and potential theft of Satoshi's Bitcoin addresses from banks, highlighting the potential risks associated with these activities.Satoshi's 60 billion USD worth of bitcoin addresses are available to the public, and it's literally finders keepers, and a matter of when, not if.",2026-08-17T18:04:01.456Z,cryptocurrency,2026-08-17T18:04:01.456Z,2026-08-17,2026-08-17,OPINION_OTHER,bitcoin,False,,,,,,NOT_CHECKABLE,bitcoin mentioned but no price direction or number,NOT_SCORED,False,bitcoin,2.69,2.96,23.78
t1_p4bsghf,t3_1vqzt57,OilBull,"Pretty much. That’s why cyber security spending is expected to rapidly accelerate. You can guarantee bad actors will go for the low hanging fruit first (crypto). Remember, once the cat’s out of the bag, you can’t put it back in. The moment those first headlines hit of a gov or billion dollar wallet being hacked, the selling will be, well, profound.","Pretty much. The news highlights the increasing interest in cryptocurrency as a target for cyber security attacks. You can guarantee bad actors will go for the low hanging fruit first (crypto). Remember, once the cat’s out of the bag, you can’t put it back in. That's",2026-08-17T18:04:01.456Z,cryptocurrency,2026-08-17T18:04:01.456Z,2026-08-17,2026-08-17,OPINION_OTHER,bitcoin,True,,,,,,NOT_CHECKABLE,bitcoin mentioned but no price direction or number,NOT_SCORED,False,bitcoin,2.69,2.96,23.78
t1_p4d57nw,t3_1vqzt57,OilBull,"You’re just wrong. Enterprises can and are upgrading their security. BTC can’t migrate without forking which as we’ve seen before, never works. It’s literally a time bomb.",You’re just wrong. Enterprises can and are upgrading their security. Bitcoin is a time bomb that needs to be addressed urgently. It’s not about cryptocurrency trends.,2026-08-17T18:04:01.456Z,cryptocurrency,2026-08-17T18:04:01.456Z,2026-08-17,2026-08-17,OPINION_OTHER,bitcoin,False,,,,,,NOT_CHECKABLE,bitcoin mentioned but no price direction or number,NOT_SCORED,False,bitcoin,2.69,2.96,23.78
t1_p49kzci,t3_1vqzt57,ukredimps2k,Nothing new here,Nothing new here,2026-08-17T18:04:01.456Z,cryptocurrency,2026-08-17T18:04:01.456Z,2026-08-17,2026-08-17,OPINION_OTHER,,False,,,,,,NOT_CHECKABLE,No crypto asset mentioned,NOT_SCORED,False,bitcoin,2.69,2.96,23.78
t1_p46sdsj,t3_1vqn9cg,SuspiciousMix31,"The use case is there. You can move BTC from A to B without any third parties.

no one can stop you from doing so or change it afterwards. being able to do so is worth a lot in my opinion, given the state of the world.","The use case is there. You can move Bitcoin from A to B without third parties interfering, and this is a valuable feature in the current world.",2026-08-17T09:17:20.985Z,cryptocurrency,2026-08-17T09:17:20.985Z,2026-08-17,2026-08-17,OPINION_OTHER,bitcoin,False,,,,,,NOT_CHECKABLE,bitcoin mentioned but no price direction or number,NOT_SCORED,False,bitcoin,2.69,2.96,23.78
t1_p48kfcr,t3_1vqn9cg,Gamer_Grease,"Well, some people live in places where it’s kind of difficult to get ahold of cash, and when they get abroad their cash isn’t necessarily worth as much as it is at home. Additionally, Bitcoin all being online means you don’t have to answer awkward questions at the border about why you’re moving with so much gold and cash on you.

I’m not a Bitcoin/crypto maxi type of guy, just an amateur monetary enthusiast, and I think the above makes a decent case for BTC.","Bitcoin is highlighted for its potential as a solution for global financial challenges due to its online nature.Well, some people live in places where it's difficult to get ahold of cash, and when they get abroad their cash isn’t necessarily worth as much as it is at home. Additionally",2026-08-17T09:17:20.985Z,cryptocurrency,2026-08-17T09:17:20.985Z,2026-08-17,2026-08-17,OPINION_OTHER,bitcoin,False,,,,,,NOT_CHECKABLE,bitcoin mentioned but no price direction or number,NOT_SCORED,False,bitcoin,2.69,2.96,23.78
t1_p47yt05,t3_1vqn9cg,S1eeper,"Bitcoin is more controlled than the US Dollar. The Federal Reserve changes the value of the dollar on a whim, based on whatever market or economic conditions it's targeting at the moment. And the US govt is increasingly rapidly devaluing the dollar with its uncontrollable deficit spending and mounting debt.

Bitcoin can't be inflated to monetize out-of-control govt spending, and Bitcoin transactions can't be censored if some government doesn't like what you're buying. That's its primary use case and source of value.","Bitcoin is more controlled than the US Dollar, and its transactions can't be censored due to government spending and inflation. The Federal Reserve changes the value of the dollar on a whim, based on whatever market or economic conditions it's targeting at the moment. And the US govt is increasingly rapidly devaluing the",2026-08-17T09:17:20.985Z,cryptocurrency,2026-08-17T09:17:20.985Z,2026-08-17,2026-08-17,OPINION_OTHER,bitcoin,False,,,,,,NOT_CHECKABLE,bitcoin mentioned but no price direction or number,NOT_SCORED,False,bitcoin,2.69,2.96,23.78
t1_p486mdh,t3_1vqn9cg,SpinosaurRingTone,Except bitcoin only holds value because people think it might be constantly moving someday.,Except bitcoin only holds value because people think it might be constantly moving someday.,2026-08-17T09:17:20.985Z,cryptocurrency,2026-08-17T09:17:20.985Z,2026-08-17,2026-08-17,OPINION_OTHER,bitcoin,False,,,,,,NOT_CHECKABLE,bitcoin mentioned but no price direction or number,NOT_SCORED,False,bitcoin,2.69,2.96,23.78
t1_p478yel,t3_1vqn9cg,AdmirableSock192,Fair point. I didn't mean nobody should transact with it. Just that holding itself can still be a legitimate use case,Fair point. I didn't mean nobody should transact with it. Just that holding it is a legitimate use case.,2026-08-17T09:17:20.985Z,cryptocurrency,2026-08-17T09:17:20.985Z,2026-08-17,2026-08-17,OPINION_OTHER,,False,,,,,,NOT_CHECKABLE,No crypto asset mentioned,NOT_SCORED,False,bitcoin,2.69,2.96,23.78
t1_p46z4o4,t3_1vqn9cg,RealLilacCrayon,37% is a lot. What percent of btc has not moved for a decade?,37% is a lot. What percent of btc has not moved for a decade?,2026-08-17T09:17:20.985Z,cryptocurrency,2026-08-17T09:17:20.985Z,2026-08-17,2026-08-17,OPINION_OTHER,bitcoin,False,,,,,,NOT_CHECKABLE,bitcoin mentioned but no price direction or number,NOT_SCORED,False,bitcoin,2.69,2.96,23.78
t1_p46zlho,t3_1vqn9cg,Jumpy-Imagination-81,"All of ""Satoshi""'s. And the ""movement"" of Bitcoin is mostly one hoarder selling it to another hoarder - ""stacking sats"" - not using it as a purely peer-to-peer version of electronic cash that would allow online payments to be sent directly from one party to another without going through a financial institution, which is what Bitcoin was originally created to be, not something to be hoarded and speculated with.","All of ""Satoshi's"" coins, including Bitcoin, are being hoarded and speculated with as peer-to-peer payment technology. And the ""movement"" of Bitcoin is mostly one hoarder selling it to another hoarder - ""stacking sats"".",2026-08-17T09:17:20.985Z,cryptocurrency,2026-08-17T09:17:20.985Z,2026-08-17,2026-08-17,OPINION_OTHER,bitcoin,False,,,,,,NOT_CHECKABLE,bitcoin mentioned but no price direction or number,NOT_SCORED,False,bitcoin,2.69,2.96,23.78
t1_p46wtos,t3_1vqn9cg,MinimalGravitas,More gold is used more jewelry than for bullion.,"More gold is used for jewelry than for bullion, with a focus on its inflation and market dynamics.",2026-08-17T09:17:20.985Z,cryptocurrency,2026-08-17T09:17:20.985Z,2026-08-17,2026-08-17,OPINION_OTHER,,False,,,,,,NOT_CHECKABLE,No crypto asset mentioned,NOT_SCORED,False,bitcoin,2.69,2.96,23.78
t1_p46uo4c,t3_1vqn9cg,RealLilacCrayon,The gold held for decades in centrals banks aren’t going to be used for anything. They will just sit there.,The gold held for decades in centrals banks isn’t going to be used for anything. They will just sit there.,2026-08-17T09:17:20.985Z,cryptocurrency,2026-08-17T09:17:20.985Z,2026-08-17,2026-08-17,OPINION_OTHER,,False,,,,,,NOT_CHECKABLE,No crypto asset mentioned,NOT_SCORED,False,bitcoin,2.69,2.96,23.78
t1_p46r7lh,t3_1vqn9cg,techne98,"Bitcoin was a proof of concept that is now a speculative asset.

I'm sure everyone here will get mad at me for saying it, but Ethereum is where the productive use cases are.","Bitcoin is currently a proof of concept, while Ethereum is currently seeing productive use cases. 
Uptrend: Ethereum.",2026-08-17T09:17:20.985Z,cryptocurrency,2026-08-17T09:17:20.985Z,2026-08-17,2026-08-17,TREND,bitcoin,False,UP,,UP,2.69,2.69,VERIFIED,bitcoin was UP +2.69% over 1d,ACCURATE,True,bitcoin,2.69,2.96,23.78
t1_p46ry4z,t3_1vqn9cg,MinimalGravitas,"I'm sure everyone here will get mad at me for saying it, but Ethereum is where the productive use cases are.

This doesn't seem like a controversial statement for anyone able to be objective... sadly that's not an ability which is encouraged by the bitcoin community or their influencers anymore.

https://ethereumadoption.com/built-on-ethereum/","Ethereum is highlighted for its productive use cases despite not being discussed enough in the Bitcoin community.

Uptrend: Ethereum.",2026-08-17T09:17:20.985Z,cryptocurrency,2026-08-17T09:17:20.985Z,2026-08-17,2026-08-17,TREND,bitcoin,False,UP,,UP,2.69,2.69,VERIFIED,bitcoin was UP +2.69% over 1d,ACCURATE,True,bitcoin,2.69,2.96,23.78
t1_p47tu63,t3_1vqn9cg,sebovzeoueb,"OK, so what's everyone doing with Ethereum?",Ethereum is seeing increased interest as people explore its potential for practical use.,2026-08-17T09:17:20.985Z,cryptocurrency,2026-08-17T09:17:20.985Z,2026-08-17,2026-08-17,OPINION_OTHER,ethereum,False,,,,,,NOT_CHECKABLE,ethereum mentioned but no price direction or number,NOT_SCORED,False,ethereum,2.04,2.45,31.48
t1_p4dfz20,t3_1vqn9cg,sebovzeoueb,"OK, what's everyone doing with Ethereum that isn't some kind of crypto circlejerking with trust me bro terms like ""self-repaying loans""?","Ethereum is currently experiencing a renaissance with self-repaying loans and circlejerking, but it's not about cryptocurrency trends.",2026-08-17T09:17:20.985Z,cryptocurrency,2026-08-17T09:17:20.985Z,2026-08-17,2026-08-17,OPINION_OTHER,ethereum,False,,,,,,NOT_CHECKABLE,ethereum mentioned but no price direction or number,NOT_SCORED,False,ethereum,2.04,2.45,31.48
t1_p47aoj3,t3_1vqn9cg,RoosterBrewster,All the holders that arent using it want everyone everyone else to adopt it as a currency just to increase it's value.,All the holders that arent using it want everyone else to adopt it as a currency want to increase its value.,2026-08-17T09:17:20.985Z,cryptocurrency,2026-08-17T09:17:20.985Z,2026-08-17,2026-08-17,OPINION_OTHER,,False,,,,,,NOT_CHECKABLE,No crypto asset mentioned,NOT_SCORED,False,bitcoin,2.69,2.96,23.78
t1_p47cdcf,t3_1vqn9cg,N3dward0,One of its biggest hurdles imo is that every transaction is taxable. It's a lot less work to just hold Bitcoin and buy things with fiat that keep track of all that.,One of its biggest hurdles imo is that every transaction is taxable. It's a lot less work to just hold Bitcoin and buy things with fiat that keep track of all that.,2026-08-17T09:17:20.985Z,cryptocurrency,2026-08-17T09:17:20.985Z,2026-08-17,2026-08-17,OPINION_OTHER,bitcoin,False,,,,,,NOT_CHECKABLE,bitcoin mentioned but no price direction or number,NOT_SCORED,False,bitcoin,2.69,2.96,23.78
t1_p496b54,t3_1vqn9cg,igobyplane_com,"the point was to use it as cash and a fiat competitor. then ""investors"" (speculators) came in to just hold it and shill to eachother, acting like it is indeed a ponzi scheme. now it just seems to be a gambling trading came. i would argue small blockers harmed adoption for the actual use case of spending easily as a competing currency as well.","The text describes cryptocurrency trends in the context of gambling and speculation, highlighting Bitcoin's transformation from a legitimate fiat competitor to a ponzi scheme operated by speculators.the point was to use it as cash and a fiat competitor. now it just seems to be a gambling transaction. i would argue",2026-08-17T09:17:20.985Z,cryptocurrency,2026-08-17T09:17:20.985Z,2026-08-17,2026-08-17,OPINION_OTHER,bitcoin,False,,,,,,NOT_CHECKABLE,bitcoin mentioned but no price direction or number,NOT_SCORED,False,bitcoin,2.69,2.96,23.78
t1_p46rfzl,t3_1vqn9cg,Illustrious-Option-9,"BTC is doomed to a slow death. In 20 years no one will talk about Bitcoin, except in university lectures.",Bitcoin is doomed to a slow death. In 20 years no one will talk about it except in university lectures.,2026-08-17T09:17:20.985Z,cryptocurrency,2026-08-17T09:17:20.985Z,2026-08-17,2026-08-17,OPINION_OTHER,bitcoin,False,,,,,,NOT_CHECKABLE,bitcoin mentioned but no price direction or number,NOT_SCORED,False,bitcoin,2.69,2.96,23.78
t1_p49zy1w,t3_1vqn9cg,404eol,"But with wrong info about the block size. It IS a problem with decentralization. If the block size gets bigger and supports 500 TPS, that would add roughly 2–4 TB to the blockchain PER YEAR, and you would need dedicated hardware for the nodes, which would have to be more powerful.

So there is no possibility for the same level of decentralization, since fewer people would be able to run a full node. This was already discussed and considered bad for Bitcoin during the ""Blocksize Wars.""

Bitcoin is good as it is now. Miner fees will become more relevant long before the year 2140 because the block reward gets smaller with every halving, but there are still many decades to see how the BTC price, fees, mining efficiency and difficulty adjustment balance this out. There is no reason to sacrifice decentralization now for a problem that can be observed and solved over time.

And after the fork, the market clearly chose BTC over BCH.","But with wrong info about the block size, the market clearly chose Bitcoin over BCH due to its decentralization and price stability.

Bitcoin is good as it is now.",2026-08-17T09:17:20.985Z,cryptocurrency,2026-08-17T09:17:20.985Z,2026-08-17,2026-08-17,OPINION_OTHER,bitcoin,False,,,,,,NOT_CHECKABLE,bitcoin mentioned but no price direction or number,NOT_SCORED,False,bitcoin,2.69,2.96,23.78
t1_p47l3pj,t3_1vqn9cg,Illustrious-Option-9,"Past is not a sure indicator of future performance.

17 years go BTC was a nerd's toy. Then it continued to grow in popularity as more and more people were drawn into the idea of 'decentralised banking', 'be your own bank', 'fuck JPM'. Then this idea started to disappoint as more and more exchanges introduced KYC. Then crypto bros found another carrot - 'store of value'. This still holds to certain extend, but it's getting eroded year by year as people realize in order for the 'value' to be kept, more fools need to continue buying (and hold) bitcoin. This works, until it no longer works.","Bitcoin is experiencing a downtrend as its value declines and it becomes increasingly difficult to keep as people realize it is a store of value. 
Downtrend: Bitcoin.",2026-08-17T09:17:20.985Z,cryptocurrency,2026-08-17T09:17:20.985Z,2026-08-17,2026-08-17,TREND,bitcoin,False,DOWN,,UP,2.69,2.69,CONTRADICTED,"Claimed DOWN, market UP +2.69%",INACCURATE,True,bitcoin,2.69,2.96,23.78
t1_p4a16ky,t3_1vqn9cg,404eol,"I think you're mixing Bitcoin itself with the ecosystem that grew around it.

Yes, 17 years ago Bitcoin was mostly a cypherpunk / nerd experiment. And yes, the asset has become heavily institutionalized in terms of price exposure, custody, ETFs, exchanges, etc. But Wall Street does not get to decide Bitcoin's consensus rules, monetary policy, code, or who is allowed to transact. They can participate in the market; they don't own the protocol.

KYC is also not something Bitcoin introduced. It's the consequence of regulated exchanges integrating Bitcoin into the existing financial system. Bitcoin itself still allows P2P transactions without asking JPMorgan, Coinbase or a government for permission. That's exactly why parallel P2P markets and merchants accepting BTC can exist.

And the ""you need a greater fool to buy after you"" argument is basically just a simplified description of market demand. Every asset needs someone willing to hold or buy it at the prevailing price. If nobody wants stocks, gold, real estate or Bitcoin anymore, their prices fall.

The actual question isn't whether another ""fool"" will buy it. It's whether people will continue to value a scarce, globally transferable, censorship-resistant monetary asset with a fixed supply.

""This works until it doesn't"" applies to basically every market.

And if we want to reduce economics to that level: someone also needs to be the ""fool"" working today to finance somebody else's pension. :D","I think you're mixing Bitcoin's historical development with its institutionalization and role in the financial system.

Uptrend: Bitcoin.",2026-08-17T09:17:20.985Z,cryptocurrency,2026-08-17T09:17:20.985Z,2026-08-17,2026-08-17,TREND,bitcoin,False,UP,,UP,2.69,2.69,VERIFIED,bitcoin was UP +2.69% over 1d,ACCURATE,True,bitcoin,2.69,2.96,23.78
t1_p46xc64,t3_1vqn9cg,CryptoTradersChat,"I used to actively trade BTC. I would sell it when it went up 10%.....then I would place a buy order to Buy it back when price had dropped 5%........It was very profitable! Just watch the market, it happens alot more than you might realise.","I used to actively trade Bitcoin, trading it as it went up and down in value. I would sell it when it increased by 10% and buy it back when it decreased by 5%. It was profitable. Just watch the market, it happens alot more than you might realise.",2026-08-17T09:17:20.985Z,cryptocurrency,2026-08-17T09:17:20.985Z,2026-08-17,2026-08-17,OPINION_OTHER,bitcoin,False,,,,,,NOT_CHECKABLE,bitcoin mentioned but no price direction or number,NOT_SCORED,False,bitcoin,2.69,2.96,23.78
t1_p47hwdz,t3_1vqn9cg,eToroTeam,"There’s an interesting contradiction here. People often want Bitcoin to become both a widely used currency and a long-term store of value, but if everyone expects it to appreciate, there’s less incentive to actually spend it. Maybe the holding behavior isn’t stopping adoption. Maybe it’s a consequence of how people currently value it.",There's an interesting contradiction in Bitcoin's desire to become a widely used currency and a long-term store of value while there is less incentive to actually spend it. Maybe it's a consequence of how people currently value it.,2026-08-17T09:17:20.985Z,cryptocurrency,2026-08-17T09:17:20.985Z,2026-08-17,2026-08-17,OPINION_OTHER,bitcoin,False,,,,,,NOT_CHECKABLE,bitcoin mentioned but no price direction or number,NOT_SCORED,False,bitcoin,2.69,2.96,23.78
t1_p48978l,t3_1vqn9cg,ChangeNOW_Community,people don't buy bitcoin because it's fast. they buy it because they don't want to own more fiat,people don't buy bitcoin for its fast processing speeds or because it's fast. they buy it because they want to own more fiat.,2026-08-17T09:17:20.985Z,cryptocurrency,2026-08-17T09:17:20.985Z,2026-08-17,2026-08-17,OPINION_OTHER,bitcoin,False,,,,,,NOT_CHECKABLE,bitcoin mentioned but no price direction or number,NOT_SCORED,False,bitcoin,2.69,2.96,23.78
t1_p49t39s,t3_1vqn9cg,MrKillerKiller_,After a bull run…of course. You will lose 50-80% if you try and hold a trade into a bear market extended downtrend.,"After a bull run, you face significant risk if you attempt to hold a trade into an extended downtrend. You will lose 50-80% if you try and participate in a bear market.",2026-08-17T09:17:20.985Z,cryptocurrency,2026-08-17T09:17:20.985Z,2026-08-17,2026-08-17,OPINION_OTHER,,False,,,,,,NOT_CHECKABLE,No crypto asset mentioned,NOT_SCORED,False,bitcoin,2.69,2.96,23.78
t1_p4adchd,t3_1vqn9cg,Cygnus__A,Bitcoin will never actually be used as a currency. it was a pipe dream,Bitcoin is not about cryptocurrency trends.,2026-08-17T09:17:20.985Z,cryptocurrency,2026-08-17T09:17:20.985Z,2026-08-17,2026-08-17,OPINION_OTHER,bitcoin,False,,,,,,NOT_CHECKABLE,bitcoin mentioned but no price direction or number,NOT_SCORED,False,bitcoin,2.69,2.96,23.78
t1_p4ahh1n,t3_1vqn9cg,TheGruenTransfer,Not using it to actually pay for things is what made Bitcoin completely useless and will eventually cause it's value to go to zero,"Not using it to actually pay for things is what is causing Bitcoin's value to eventually go to zero, according to recent analysis.",2026-08-17T09:17:20.985Z,cryptocurrency,2026-08-17T09:17:20.985Z,2026-08-17,2026-08-17,OPINION_OTHER,bitcoin,False,,,,,,NOT_CHECKABLE,bitcoin mentioned but no price direction or number,NOT_SCORED,False,bitcoin,2.69,2.96,23.78
t1_p4arxfq,t3_1vqn9cg,ProBrown,"It seems like you're in the early stages of understanding Bitcoin. The best place to start is by understanding fiat currencies, which will always go to zero over time. Just look at the decline in purchasing power for any fiat currency over its existence. Bitcoin is a lifeboat to save you from hyperinflation. It doesn't need to be anything more than that, although it is more than that. One such case is international remittance. It allows anyone in the world to transfer wealth to anyone else in the world with no centralized middleman.","Bitcoin is being increasingly viewed as a lifeboat to save you from hyperinflation by providing a means for international remittance, although it is more than that. It allows anyone in the world to transfer wealth to anyone else without centralized middleman.It seems like you're in the early stages of",2026-08-17T09:17:20.985Z,cryptocurrency,2026-08-17T09:17:20.985Z,2026-08-17,2026-08-17,TREND,bitcoin,False,DOWN,,UP,2.69,2.69,CONTRADICTED,"Claimed DOWN, market UP +2.69%",INACCURATE,True,bitcoin,2.69,2.96,23.78
t1_p4b8nsd,t3_1vqn9cg,themindspeaks,"The use case is it’s got value; you can move it from point a to point b, and there’s a large liquidity pool for Btc to usd and other fiat currencies.

The fine folks over at Cash App and Block have been rolling out Square terminal and merchants that accept BTC. They can be located in Cash App BTC map. You can spend BTC over lightning at those locations.

Or you can just hold it","The use case is it’s got value; you can move it from point a to point b, and there is a large liquidity pool for Binance Coin among other fiat currencies.",2026-08-17T09:17:20.985Z,cryptocurrency,2026-08-17T09:17:20.985Z,2026-08-17,2026-08-17,OPINION_OTHER,bnb,False,,,,,,NOT_CHECKABLE,bnb mentioned but no price direction or number,NOT_SCORED,False,bnb,0.45,1.02,16.49
t1_p4b98vt,t3_1vqn9cg,ObviousEconomist,most gold just sits there too. doesn't make it less valuable,most gold just sits there too. doesn't make it less valuable,2026-08-17T09:17:20.985Z,cryptocurrency,2026-08-17T09:17:20.985Z,2026-08-17,2026-08-17,OPINION_OTHER,,False,,,,,,NOT_CHECKABLE,No crypto asset mentioned,NOT_SCORED,False,bitcoin,2.69,2.96,23.78
t1_p4bwnel,t3_1vqn9cg,magicseadog,"Transaction cost and speed means you got hodl.

Maybe the future is a portion of your holdings you have wrapped on a fast chain like solana and you use that to spend.","Maybe the future is a portion of your holdings wrapped on a fast chain like solana, which offers high transaction costs and potential for spending.Transaction cost and speed means you got hodl.",2026-08-17T09:17:20.985Z,cryptocurrency,2026-08-17T09:17:20.985Z,2026-08-17,2026-08-17,OPINION_OTHER,solana,False,,,,,,NOT_CHECKABLE,solana mentioned but no price direction or number,NOT_SCORED,False,solana,1.88,2.31,28.04
t1_p46s45g,t3_1vqn9cg,MrFrydenlund89,"Yes, thats the point, decentralized savings instrument. That may not have been Satoshis intention but thats what happened.","Yes, thats the point, decentralized savings instruments are increasingly being utilized as a viable financial tool. That may not have been Satoshis intention but thats what happened.",2026-08-17T09:17:20.985Z,cryptocurrency,2026-08-17T09:17:20.985Z,2026-08-17,2026-08-17,OPINION_OTHER,,False,,,,,,NOT_CHECKABLE,No crypto asset mentioned,NOT_SCORED,False,bitcoin,2.69,2.96,23.78
t1_p46su26,t3_1vqn9cg,Romanizer,"Only a very small part and that share is decreasing rapidly due to its high price.

Bitcoin can be used for fast final settlement without intermediary, worldwide secure wealth storage without anyone being able to seize or freeze it. Gold is not able to compete with that.","Bitcoin is currently used for fast final settlement without intermediary services, but its share in the market is decreasing rapidly due to its high price. 
Downtrend: Bitcoin.",2026-08-17T09:17:20.985Z,cryptocurrency,2026-08-17T09:17:20.985Z,2026-08-17,2026-08-17,TREND,bitcoin,False,DOWN,,UP,2.69,2.69,CONTRADICTED,"Claimed DOWN, market UP +2.69%",INACCURATE,True,bitcoin,2.69,2.96,23.78
t1_p48kvjk,t3_1vqn9cg,Jumpy-Imagination-81,About half the gold mined is used to make jewelry. That’s making stuff.,About half the gold mined is used to make jewelry. That’s making stuff.,2026-08-17T09:17:20.985Z,cryptocurrency,2026-08-17T09:17:20.985Z,2026-08-17,2026-08-17,OPINION_OTHER,,False,,,,,,NOT_CHECKABLE,No crypto asset mentioned,NOT_SCORED,False,bitcoin,2.69,2.96,23.78
t1_p46rqxu,t3_1vqn9cg,letsdrinktothat,"About 10-15% of all the gold in existence is actually ""used for stuff"", the vast majority is just held as deposits. Some percentage of bitcoin is used for payments etc. It may be a smaller percentage than gold, but any percentage means that it's equally incorrect to say that all it's used for is holding.","About 10-15% of all the gold in existence is actually ""used for stuff"", the vast majority is just held as deposits. Some percentage of Bitcoin is used for payments, but it's not about the same as gold.",2026-08-17T09:17:20.985Z,cryptocurrency,2026-08-17T09:17:20.985Z,2026-08-17,2026-08-17,OPINION_OTHER,bitcoin,False,,,,,,NOT_CHECKABLE,bitcoin mentioned but no price direction or number,NOT_SCORED,False,bitcoin,2.69,2.96,23.78
t1_p46s93z,t3_1vqn9cg,MinimalGravitas,"About 10-15% of all the gold in existence is actually ""used for stuff"",

47% of gold is used for jewelry alone. Another 6% is used in electronics. That's over half without counting stuff like medicine, dentistry etc.","About 10-15% of all the gold in existence is actually used for stuff, with over half being used for jewelry and electronics.",2026-08-17T09:17:20.985Z,cryptocurrency,2026-08-17T09:17:20.985Z,2026-08-17,2026-08-17,OPINION_OTHER,,False,,,,,,NOT_CHECKABLE,No crypto asset mentioned,NOT_SCORED,False,bitcoin,2.69,2.96,23.78
t1_p46t8o4,t3_1vqn9cg,Romanizer,"How much of that jewelry is actually worn daily and not stored in a vault? Gold can deform pretty easily when it's warm.

I would say that most of the first three points falls under the store of value aspect. So 10% being put to use is likely a good guess.",How much of that jewelry is actually worn daily and not stored in a vault? Gold can deform pretty easily when it's warm. So 10% to 15% likely falls under the store of value category.,2026-08-17T09:17:20.985Z,cryptocurrency,2026-08-17T09:17:20.985Z,2026-08-17,2026-08-17,OPINION_OTHER,,False,,,,,,NOT_CHECKABLE,No crypto asset mentioned,NOT_SCORED,False,bitcoin,2.69,2.96,23.78
t1_p4ajlq8,t3_1vqn9cg,Consistent_Many_1858,Crypto is useless as a currency. Bitcoin is only good for holding.,Crypto is useless as a currency. Bitcoin is only good for holding.,2026-08-17T09:17:20.985Z,cryptocurrency,2026-08-17T09:17:20.985Z,2026-08-17,2026-08-17,OPINION_OTHER,bitcoin,False,,,,,,NOT_CHECKABLE,bitcoin mentioned but no price direction or number,NOT_SCORED,False,bitcoin,2.69,2.96,23.78
t1_p47lgb5,t3_1vqn9cg,BakingBreadBB2,Some of us actually use it often. The beauty of Bitcoin is that you can do whatever you want with it,Some of us actually use it often. The beauty of Bitcoin is that you can do whatever you want with it.,2026-08-17T09:17:20.985Z,cryptocurrency,2026-08-17T09:17:20.985Z,2026-08-17,2026-08-17,OPINION_OTHER,bitcoin,False,,,,,,NOT_CHECKABLE,bitcoin mentioned but no price direction or number,NOT_SCORED,False,bitcoin,2.69,2.96,23.78
t1_p4702r8,t3_1vqn9cg,polymath_uk,"This is such a revealing comment. It used to be (and still is for many of us) the case that we earn money, then wish to save it. The current paradigm about money seems instead to be to get paid monthly, then spend all of it that month. Whether this is on cash purchases, or more likely these days, on renting everything or ""subscribing"" to things. Example: old model: work --> save --> purchase, keep for ever. new model: work --> spend every penny on temporarily acquired stuff.

Money sitting in a wallet, whether it's gold, or BTC is NOT WASTING IT. This is the same incorrect argument that was made about the gold standard in the early 1970s. That somehow, wise investment hampers the economy. I think this kind of thinking is why a lot of people feel poor.","This is such a revealing comment. It describes the current paradigm in which people spend their money, rejecting the idea of long-term investment. 
Downtrend: Bitcoin.",2026-08-17T09:17:20.985Z,cryptocurrency,2026-08-17T09:17:20.985Z,2026-08-17,2026-08-17,TREND,bitcoin,False,DOWN,,UP,2.69,2.69,CONTRADICTED,"Claimed DOWN, market UP +2.69%",INACCURATE,True,bitcoin,2.69,2.96,23.78
t1_p4dddhm,t3_1vrgz13,Marlon-Brandy,Some of those are still overpriced today.,Some of those are still overpriced today.,2026-08-18T06:16:20.894Z,cryptocurrency,2026-08-18T06:16:20.894Z,2026-08-18,2026-08-17,OPINION_OTHER,,False,,,,,,NOT_CHECKABLE,No crypto asset mentioned,NOT_SCORED,False,bitcoin,0.27,1.56,22.41
t1_p4ddhnj,t3_1vrgz13,SolidSky,All of that money moved to AI and will be there for a while.,All of that money moved to AI and will be there for a while.,2026-08-18T06:16:20.894Z,cryptocurrency,2026-08-18T06:16:20.894Z,2026-08-18,2026-08-17,OPINION_OTHER,,False,,,,,,NOT_CHECKABLE,No crypto asset mentioned,NOT_SCORED,False,bitcoin,0.27,1.56,22.41
t1_p4dxo4r,t3_1vrgz13,regulator227,"Everything you said about AI applies doubly about crypto. I'm not huge into AI, and I do like Bitcoin, but that doesn't change the facts","Everything you said about AI applies doubly about crypto. I'm not huge into AI, and I do like Bitcoin, but that doesn't change the facts",2026-08-18T06:16:20.894Z,cryptocurrency,2026-08-18T06:16:20.894Z,2026-08-18,2026-08-17,OPINION_OTHER,bitcoin,False,,,,,,NOT_CHECKABLE,bitcoin mentioned but no price direction or number,NOT_SCORED,False,bitcoin,0.27,1.56,22.41
t1_p4dgknl,t3_1vrgz13,SafeMoonJeff,"Instructions not clear, buying Solana, Dogecoin, and Cardano","Instructions not clear for buying Solana, Dogecoin, and Cardano",2026-08-18T06:16:20.894Z,cryptocurrency,2026-08-18T06:16:20.894Z,2026-08-18,2026-08-17,OPINION_OTHER,solana,False,,,,,,NOT_CHECKABLE,solana mentioned but no price direction or number,NOT_SCORED,False,solana,1.43,2.76,29.78
t1_p4dktpr,t3_1vrgz13,Airith0,Money seems to be moving to where there is more utility. In my opinion the market investors that are active are treating it more like they treat/evaluate normal businesses.,Money seems to be moving to where there is more utility. In my opinion the market is increasingly treating cryptocurrency trends like they treat normal businesses.,2026-08-18T06:16:20.894Z,cryptocurrency,2026-08-18T06:16:20.894Z,2026-08-18,2026-08-17,OPINION_OTHER,bitcoin,True,,,,,,NOT_CHECKABLE,bitcoin mentioned but no price direction or number,NOT_SCORED,False,bitcoin,0.27,1.56,22.41
t1_p4dq1ty,t3_1vrgz13,SimpleMoonFarmer,A line with BTC dominance over time would do.,A line with Bitcoin's dominance over time is suggested.,2026-08-18T06:16:20.894Z,cryptocurrency,2026-08-18T06:16:20.894Z,2026-08-18,2026-08-17,OPINION_OTHER,bitcoin,False,,,,,,NOT_CHECKABLE,bitcoin mentioned but no price direction or number,NOT_SCORED,False,bitcoin,0.27,1.56,22.41
t1_p488wgn,t3_1vqsn0p,Romanizer,Already at $4.8bn or 2.8yrs cash runway. That's way more than any consultant or investor expected. I guess further buybacks are coming before opening the flood gates for more Bitcoin buys.,"Already at $4.8bn, Bitcoin has a significant cash runway and potential for further purchases. That's way more than any consultant or investor expected. I guess further buybacks are coming before opening the flood gates for more Bitcoin purchases.",2026-08-17T13:39:40.635Z,cryptocurrency,2026-08-17T13:39:40.635Z,2026-08-17,2026-08-17,OPINION_OTHER,bitcoin,False,,,,,,NOT_CHECKABLE,bitcoin mentioned but no price direction or number,NOT_SCORED,False,bitcoin,2.69,2.96,23.78
t1_p48b37z,t3_1vqsn0p,ChangeHeroOfficial,"The stack is still 840k btc, now it’s a matter of watching what they do with that $4,8B reserve and whether the buying starts again","The stack is still 840k btc, now it’s a matter of watching what they do with that $4,8B reserve and whether the buying starts again.",2026-08-17T13:39:40.635Z,cryptocurrency,2026-08-17T13:39:40.635Z,2026-08-17,2026-08-17,OPINION_OTHER,bitcoin,False,,,,,,NOT_CHECKABLE,bitcoin mentioned but no price direction or number,NOT_SCORED,False,bitcoin,2.69,2.96,23.78
t1_p48trya,t3_1vqsn0p,Elf_Maeve,one company owns 840k BTC? Bitcoin living up to its promise of being a decentralized currency for everyone lmao,"Bitcoin is being praised for its decentralized nature and its potential as a decentralized currency, with 840k Bitcoins being owned by a single company.one company owns 840k BTC? Bitcoin is living up to its decentralized currency promise.",2026-08-17T13:39:40.635Z,cryptocurrency,2026-08-17T13:39:40.635Z,2026-08-17,2026-08-17,TREND,bitcoin,False,UP,,UP,2.69,2.69,VERIFIED,bitcoin was UP +2.69% over 1d,ACCURATE,True,bitcoin,2.69,2.96,23.78
t1_p48w34w,t3_1vqsn0p,RUYYRUYY,"The Bitcoin network is decentralized, not the share of Bitcoin.","The Bitcoin network is decentralized, with no significant share of Bitcoin being allocated to any particular entity.",2026-08-17T13:39:40.635Z,cryptocurrency,2026-08-17T13:39:40.635Z,2026-08-17,2026-08-17,OPINION_OTHER,bitcoin,False,,,,,,NOT_CHECKABLE,bitcoin mentioned but no price direction or number,NOT_SCORED,False,bitcoin,2.69,2.96,23.78
t1_p490ws4,t3_1vqsn0p,HSuke,"Semi-decentralized.

3 mining pools own 60% of the hash, and 99% of them are running the same centralized mining client.

5 core maintainers control Bitcoin Core, and their activity has been partially political (especially lately) rather than solely janitorial.","Bitcoin is currently decentralized with centralized mining pools owning 60% of the hash, and its activity is partially political, reflecting a decentralized approach.
Downtrend: Bitcoin.",2026-08-17T13:39:40.635Z,cryptocurrency,2026-08-17T13:39:40.635Z,2026-08-17,2026-08-17,NUMERIC_PERCENT,bitcoin,False,DOWN,-60.0,UP,2.69,2.69,INACCURATE,"Claimed -60.0%, bitcoin moved +2.69% (off by 62.7 points)",INACCURATE,True,bitcoin,2.69,2.96,23.78
t1_p4ae3gy,t3_1vqsn0p,Alatarlhun,That should be a reminder the miners of bitcoin aren't aligned with the holders of bitcoin.,That should be a reminder the miners of Bitcoin are not aligned with the holders of bitcoin.,2026-08-17T13:39:40.635Z,cryptocurrency,2026-08-17T13:39:40.635Z,2026-08-17,2026-08-17,OPINION_OTHER,bitcoin,False,,,,,,NOT_CHECKABLE,bitcoin mentioned but no price direction or number,NOT_SCORED,False,bitcoin,2.69,2.96,23.78
t1_p4abbi1,t3_1vqvzuw,gwizonedam,"I live in Miami. I used to see so much FTX crap in my local goodwills. It’s tapered off quite a bit, but it felt like it was a donation free-for-all for a few months there a few years back.","I live in Miami. I remember the days of FTX crap in local goodwills. It's tapered off quite a bit, but it felt like it was a donation free-for-all for a few months there a few years back.",2026-08-17T15:45:22.870Z,cryptocurrency,2026-08-17T15:45:22.870Z,2026-08-17,2026-08-17,OPINION_OTHER,,False,,,,,,NOT_CHECKABLE,No crypto asset mentioned,NOT_SCORED,False,bitcoin,2.69,2.96,23.78
t1_p4dkegh,t3_1vrhq3k,Appropriate-Talk-735,We go both up and down before picking direction. Team wait then buy.,We go both up and down before picking direction. Team wait then buy.,2026-08-18T06:58:40.878Z,cryptocurrency,2026-08-18T06:58:40.878Z,2026-08-18,2026-08-17,OPINION_OTHER,,False,,,,,,NOT_CHECKABLE,No crypto asset mentioned,NOT_SCORED,False,bitcoin,0.27,1.56,22.41
t1_p4ds9w9,t3_1vrhq3k,MarioWilson122,"If previous cycles are anything to go by, I'd lean short. We could see the bottom sometime in the next 2 to 3 months. That's obviously just speculation though, and I don't know for sure, especially since the market has had some differences compared to the last cycle. I also don't care to actually short it myself.","If previous cycles are anything to go by, I'd lean short. I also don't care to actually short it myself. We could see a bottom sometime in the next 2 to 3 months, although that's obviously speculation.",2026-08-18T06:58:40.878Z,cryptocurrency,2026-08-18T06:58:40.878Z,2026-08-18,2026-08-17,OPINION_OTHER,bitcoin,True,,,,,,NOT_CHECKABLE,bitcoin mentioned but no price direction or number,NOT_SCORED,False,bitcoin,0.27,1.56,22.41
t1_p4dv5ym,t3_1vrhq3k,saviourz666,June would be to early surely . I think we could see a last leg down to maybe 60 .,"June would be to early for a significant decline, but it's conceivable that we could see a last leg down to maybe 60.",2026-08-18T06:58:40.878Z,cryptocurrency,2026-08-18T06:58:40.878Z,2026-08-18,2026-08-17,OPINION_OTHER,,False,,,,,,NOT_CHECKABLE,No crypto asset mentioned,NOT_SCORED,False,bitcoin,0.27,1.56,22.41
t1_p47qezr,t3_1vqpi0l,Mountain-Data-5758,"In 2023 i had 10 eth and 0.5 btc, now I have 30 eth and 1.2 BTC, sold in November bought in July","In 2023 i had 10 eth and 0.5 btc, now I have 30 eth and 1.2 BTC, both sold in November.",2026-08-17T11:19:59.347Z,cryptocurrency,2026-08-17T11:19:59.347Z,2026-08-17,2026-08-17,OPINION_OTHER,bitcoin,False,,,,,,NOT_CHECKABLE,bitcoin mentioned but no price direction or number,NOT_SCORED,False,bitcoin,2.69,2.96,23.78
t1_p47vdnp,t3_1vqpi0l,Acrobatic-Sea-7514,"ETH and BTC are fine, my alt coins are essentially down 95%","Ethereum and Bitcoin are currently experiencing fine behavior, while altcoins have experienced a significant drop. 
Downtrend: Bitcoin, Ethereum.",2026-08-17T11:19:59.347Z,cryptocurrency,2026-08-17T11:19:59.347Z,2026-08-17,2026-08-17,TREND,bitcoin,False,DOWN,,UP,2.69,2.69,CONTRADICTED,"Claimed DOWN, market UP +2.69%",INACCURATE,True,bitcoin,2.69,2.96,23.78
t1_p47gqh2,t3_1vqpi0l,Odra_dek,"I bought the 2021 top, then kept buying throughout 2022, never selling, always adding on occasion. Now still up bigly.

Of course hindsight is always 20/20 but if you do believe in Bitcoin (if not the whole asset class) at least in the medium-ish term, DCAing now until the end of the year seems absolutely sensible.","Bitcoin is experiencing a strong uptrend as indicated by its significant price increase, suggesting a continued positive trend.Of course hindsight is always 20/20 but if you do believe in Bitcoin, DCAing now until the end of the year seems absolutely sensible.",2026-08-17T11:19:59.347Z,cryptocurrency,2026-08-17T11:19:59.347Z,2026-08-17,2026-08-17,TREND,bitcoin,False,UP,,UP,2.69,2.69,VERIFIED,bitcoin was UP +2.69% over 1d,ACCURATE,True,bitcoin,2.69,2.96,23.78
t1_p480vzm,t3_1vqpi0l,Over_Variation_1007,"I bought in on XRP, HBAR, QNT, Solana, and LINK during the bull run so I’m down about 50% on those. I also got lucky and sold my Bitcoin and Ethereum near the top. I also sold about 20% of my XRP at $2.75 last September anticipating a bigger drop. I should have sold more. 

During the bear market, I have kept buying, but have mostly focused on XRP, Bitcoin, and Ethereum. I’m down about $10K across the coins at loss, but about even when including Bitcoin and Ethereum. I’ll probably sell during the next bull market whenever that and keep DCA’ng every week or two until then.","During the current bull market, I have sold Bitcoin and Ethereum near the top, expecting a bigger drop. 
Downtrend: Bitcoin, Ethereum.",2026-08-17T11:19:59.347Z,cryptocurrency,2026-08-17T11:19:59.347Z,2026-08-17,2026-08-17,TREND,bitcoin,False,DOWN,,UP,2.69,2.69,CONTRADICTED,"Claimed DOWN, market UP +2.69%",INACCURATE,True,bitcoin,2.69,2.96,23.78
t1_p487y0y,t3_1vqpi0l,Delicious-Plankton-6,Currently down 17.5k from btc,"Currently down 17.5% from its all-time high, indicating a downtrend.",2026-08-17T11:19:59.347Z,cryptocurrency,2026-08-17T11:19:59.347Z,2026-08-17,2026-08-17,NUMERIC_PERCENT,bitcoin,False,DOWN,-17.5,UP,2.69,2.69,INACCURATE,"Claimed -17.5%, bitcoin moved +2.69% (off by 20.2 points)",INACCURATE,True,bitcoin,2.69,2.96,23.78
t1_p49sdz2,t3_1vqpi0l,RoundRest4289,"30-40% loss, 90% on some alts, buying solid assets during bear market and holding to price targets in bull. Paper trading while I dca solid positions like eth,btc,sol,","30-40% loss, 90% on some altcoins, suggests a strong sell-off, while others see potential for recovery. 
Downtrend: Solana.",2026-08-17T11:19:59.347Z,cryptocurrency,2026-08-17T11:19:59.347Z,2026-08-17,2026-08-17,NUMERIC_PERCENT,solana,False,DOWN,-40.0,UP,1.88,1.88,INACCURATE,"Claimed -40.0%, solana moved +1.88% (off by 41.9 points)",INACCURATE,True,solana,1.88,2.31,28.04
t1_p4cekgf,t3_1vqpi0l,sirauron14,I don’t think we’ll see a bull market for a long time,I don’t think we’ll see a bull market for a long time,2026-08-17T11:19:59.347Z,cryptocurrency,2026-08-17T11:19:59.347Z,2026-08-17,2026-08-17,OPINION_OTHER,,False,,,,,,NOT_CHECKABLE,No crypto asset mentioned,NOT_SCORED,False,bitcoin,2.69,2.96,23.78
t1_p4afpeb,t3_1vr3qnc,Subtraktions,Lol. When was $1 Million ever mathematically impossible??,Lol. When was $1 Million ever mathematically impossible??,2026-08-17T20:23:44.596Z,cryptocurrency,2026-08-17T20:23:44.596Z,2026-08-17,2026-08-17,OPINION_OTHER,,False,,,,,,NOT_CHECKABLE,No crypto asset mentioned,NOT_SCORED,False,bitcoin,2.69,2.96,23.78
t1_p4csqwa,t3_1vr3qnc,Prior_Parsley3960,"summary for us lazies and those of us wanting to avoid the cancer causing layout of that website

What happened

Markus Thielen of 10x Research reportedly argued that $1 million Bitcoin before 2030 is mathematically impossible because BTC would need to rise from roughly a $1.3T to ~$20T market cap.

His argument assumes this requires roughly $15T+ of actual new capital entering Bitcoin.

The author argues that assumption is wrong.

How it works

Market cap ≠ money invested.

Market cap is simply:

Bitcoin price × circulating BTC

Prices are determined by the marginal transactions between buyers and sellers. If increasingly aggressive buyers encounter few willing sellers, relatively modest buying can push the marginal price substantially higher—repricing all Bitcoin for market-cap purposes.

So Bitcoin gaining $1 trillion in market cap does not require $1 trillion of net inflows.

Why it matters

This destroys the “mathematically impossible because $15T must flow in” argument.

But it does not establish that $1M Bitcoin is realistic by 2030. Sustaining a ~$20T valuation would still require extraordinary global demand and willingness to hold BTC at those prices.

Bottom line

The article's central distinction is correct:

$1M BTC may be extraordinarily ambitious—but you cannot mathematically rule it out by treating market-cap growth as equivalent to capital inflows.

That is simply not how market pricing works.","The article discusses the mathematical impossibility of reaching $1 million Bitcoin by 2030 without significant new capital inflows, highlighting Bitcoin's market cap growth as determined by market pricing rather than by net inflows.

Uptrend: Bitcoin.",2026-08-17T20:23:44.596Z,cryptocurrency,2026-08-17T20:23:44.596Z,2026-08-17,2026-08-17,TREND,bitcoin,False,UP,,UP,2.69,2.69,VERIFIED,bitcoin was UP +2.69% over 1d,ACCURATE,True,bitcoin,2.69,2.96,23.78
t1_p46ww9b,t3_1vqo6m1,nagai,"Good luck convincing people to switch to a currency that is slow and expensive to transact, less secure, less insured, more difficult to use, and requires an incredibly expensive conversion from fiat unless you're paid in bitcoin.","Good luck convincing people to switch to a currency that is slow and expensive to transact, less secure, less insured, and requires an incredibly expensive conversion from fiat to bitcoin.",2026-08-17T10:10:31.718Z,cryptocurrency,2026-08-17T10:10:31.718Z,2026-08-17,2026-08-17,OPINION_OTHER,bitcoin,False,,,,,,NOT_CHECKABLE,bitcoin mentioned but no price direction or number,NOT_SCORED,False,bitcoin,2.69,2.96,23.78
t1_p47wf0q,t3_1vqo6m1,powni_,"It has been clear for some time now that the fee market is basically on the road to nowhere . Even at the last ATH, total daily fees were only 5 BTC. Currently, the median fee is 1–2 sat/vB, and demand for block space has steadily decreased over time and is now at an alltime low, as can be proven.

The fee market is bascially doomed because, self-custody is a pipe dream. Btc is mostly managed by custodians, with everything settled internally via IOUs and UTXOs consolidated as cost-effectively as possible.

Even Big Players choose custodians because of the asymmetric risk of self custody — No significant fees

OTC trading — No fees

Lightning — Basically no fees and highly parasitic

Stuff like Ordinals, caused extremely short-lived fee spikes and no permanent fees

Stupid narratives like “store of value” also no fees... people don’t want to use BTC because it’ll be ""worth"" more tomorrow.

ETFs are parasitic, effectivly no generation of fees while billions get moved around and Blackrock has basically zero exposure to the risk of Btc but earns a ton with it.

There is no killer app or killer marketplace that would or could generate strong demand for blockspace — no fees.

BTC has now burned through all the narratives ... multiple times. Nothing real remains.

Security budget problem will kick in soon.","The Bitcoin fee market is currently experiencing a downtrend due to low demand and negative trends, with no significant fees at all.
Downtrend: Bitcoin.",2026-08-17T10:10:31.718Z,cryptocurrency,2026-08-17T10:10:31.718Z,2026-08-17,2026-08-17,TREND,bitcoin,False,DOWN,,UP,2.69,2.69,CONTRADICTED,"Claimed DOWN, market UP +2.69%",INACCURATE,True,bitcoin,2.69,2.96,23.78
t1_p47ysjm,t3_1vqo6m1,ProceduralTaco,The “store of value” argument makes sense to me and it doesn’t depend on btc going up. Things that stay flat are also valuable. If I wanted to hide money in a mattress I think I wouldn’t do it with gold bars today.,The “store of value” argument makes sense to me and it doesn’t depend on btc going up. Things that stay flat are also valuable. If I wanted to hide money in a mattress I think I would rather do it with gold bars today.,2026-08-17T10:10:31.718Z,cryptocurrency,2026-08-17T10:10:31.718Z,2026-08-17,2026-08-17,TREND,bitcoin,False,UP,,UP,2.69,2.69,VERIFIED,bitcoin was UP +2.69% over 1d,ACCURATE,True,bitcoin,2.69,2.96,23.78
t1_p46zzbi,t3_1vqo6m1,Aeschbacher15,"Unless there is a way to make BTC holders spend BTC with ease, like using a credit card or paying with their phone, we will be stuck in this limbo phase. As someone who spends crypto a lot, I have maybe used BTC in 5% of my transactions because it is slow and expensive most of the time","The text discusses the challenges faced by Bitcoin users in managing transactions due to slow and expensive transactions. As someone who spends crypto a lot, I have maybe used Bitcoin in 5% of my transactions because it is slow and inconvenient.Unless there is a way to make it easier for holders to spend it",2026-08-17T10:10:31.718Z,cryptocurrency,2026-08-17T10:10:31.718Z,2026-08-17,2026-08-17,OPINION_OTHER,bitcoin,False,,,,,,NOT_CHECKABLE,bitcoin mentioned but no price direction or number,NOT_SCORED,False,bitcoin,2.69,2.96,23.78
t1_p47pn2a,t3_1vqo6m1,Aeschbacher15,"How do they handle transations? If I spend BTC using one of these payment cards, do I have to pay a transation fee on the BTC network in the bacground or not?","How do they handle transations? If I spend BTC using one of these payment cards, do I have to pay a transation fee on the BTC network in the bacground?",2026-08-17T10:10:31.718Z,cryptocurrency,2026-08-17T10:10:31.718Z,2026-08-17,2026-08-17,OPINION_OTHER,bitcoin,False,,,,,,NOT_CHECKABLE,bitcoin mentioned but no price direction or number,NOT_SCORED,False,bitcoin,2.69,2.96,23.78
t1_p4a7j1l,t3_1vr2qlk,GesturalAbstraction,"You seem to be new to crypto. Crypto is currently in a winter cycle, which is why token value is low. Crypto has 4.5 year cycles that coincide with BTC’s halving events. The last halving event was about two years ago, and the major run up for the crypto space usually takes place about a year afterward (last year). Following that year is a “crypto winter” which is what we’re in the middle of right now - everything slumps. If you’re smart this is a great time to start accumulating for the next bull cycle (probably about 2-3 more years). Alt coins are doing terribly and may not meaningfully recover. However BTC and ETH are still relevant - BTC as a long time store of value with programmed scarcity, and ETH network being quietly used to build the infrastructure layer for RWT. Good luck and have fun","Bitcoin and Ethereum are still relevant as long-term store of value and key players in the cryptocurrency market, though they are currently in a winter cycle with low token value, indicating a potential for an upcoming bull cycle. 
Downtrend: Bitcoin, Ethereum.",2026-08-17T19:47:22.733Z,cryptocurrency,2026-08-17T19:47:22.733Z,2026-08-17,2026-08-17,TREND,bitcoin,False,DOWN,,UP,2.69,2.69,CONTRADICTED,"Claimed DOWN, market UP +2.69%",INACCURATE,True,bitcoin,2.69,2.96,23.78
t1_p45qzt6,t3_1vqephh,MarioWilson122,"I usually get my crypto information from Reddit, X, and YouTube. Any of them can work, but I prefer comparing information across all three since even credible creators can drift into hype and hopium.","I usually get my crypto information from Reddit, X, and YouTube. Any of them can work, but I prefer comparing information across all three since even credible creators can drift into hype and hopium.",2026-08-17T01:35:22.302Z,cryptocurrency,2026-08-17T01:35:22.302Z,2026-08-17,2026-08-17,OPINION_OTHER,bitcoin,True,,,,,,NOT_CHECKABLE,bitcoin mentioned but no price direction or number,NOT_SCORED,False,bitcoin,2.69,2.96,23.78
t1_p48ffwo,t3_1vqephh,Flashy-Potatoe-Queen,"Mostly X, Telegram and a bit of YT.","Mostly X, Telegram and a bit of YT.",2026-08-17T01:35:22.302Z,cryptocurrency,2026-08-17T01:35:22.302Z,2026-08-17,2026-08-17,OPINION_OTHER,,False,,,,,,NOT_CHECKABLE,No crypto asset mentioned,NOT_SCORED,False,bitcoin,2.69,2.96,23.78
t1_p4avq1b,t3_1vqephh,deepSnit,This week in Bitcoin podcast,This week in Bitcoin podcast,2026-08-17T01:35:22.302Z,cryptocurrency,2026-08-17T01:35:22.302Z,2026-08-17,2026-08-17,OPINION_OTHER,bitcoin,False,,,,,,NOT_CHECKABLE,bitcoin mentioned but no price direction or number,NOT_SCORED,False,bitcoin,2.69,2.96,23.78
t1_p48piy4,t3_1vqgcod,discusking,"Meanwhile BTC was $120,000 last year and is $64,000 now. Ya’ll are dumb as hell.","Bitcoin is experiencing a downtrend as it trades at a lower price compared to last year's levels.Meanwhile, Ethereum is experiencing growth.",2026-08-17T02:54:18.676Z,cryptocurrency,2026-08-17T02:54:18.676Z,2026-08-17,2026-08-17,TREND,bitcoin,False,DOWN,,UP,2.69,2.69,CONTRADICTED,"Claimed DOWN, market UP +2.69%",INACCURATE,True,bitcoin,2.69,2.96,23.78
t1_p48sm5n,t3_1vqgcod,logavulin16,"When you find yourself in a position that you don’t like, the answer is not to panic, it is to rebalance. Forget about P&L, forget about recovering your losses or anticipated gains, simply imagine you inherited your positions and rebalance them according to your current understanding of the market.

A good strategy should include traditional ETFs and majority BTC understanding that alt coins never outperform BTC long term and are very much a short term gamble.","When you find yourself in a position that you don’t like, the answer is not to panic, it is to rebalance according to your current understanding of the market. Forget about P&L, forget about recovering your losses or anticipated gains, simply imagine you inherited your positions and",2026-08-17T02:54:18.676Z,cryptocurrency,2026-08-17T02:54:18.676Z,2026-08-17,2026-08-17,OPINION_OTHER,bitcoin,False,,,,,,NOT_CHECKABLE,bitcoin mentioned but no price direction or number,NOT_SCORED,False,bitcoin,2.69,2.96,23.78
t1_p49aik9,t3_1vqgcod,TakingChances01,"Did you read what they just said? Forget about recovering your losses, waiting for that will leave you in an even worse position, these coins will never recover or perform as well as bitcoin. If you just stop waiting for something that’s not going to happen and put it all in bitcoin then you’ll be on your way to recovering your 3.5k much faster. All those coins are practically worthless. Waiting for them to go down even further is nonsensical. You think it’ll just magically go back up? XRP’s all time high was almost 8 years ago.","Bitcoin is currently experiencing a strong uptrend, while other coins like Ethereum, Tether, Solana, and Binance Coin are not. Waiting for them to go down even further is nonsensical. You think it’ll magically go back up? XRP's all time high was almost 8",2026-08-17T02:54:18.676Z,cryptocurrency,2026-08-17T02:54:18.676Z,2026-08-17,2026-08-17,OPINION_OTHER,bitcoin,False,,,,,,NOT_CHECKABLE,bitcoin mentioned but no price direction or number,NOT_SCORED,False,bitcoin,2.69,2.96,23.78
t1_p45ptp4,t3_1vqgcod,MarioWilson122,"Yeah, it's unlikely to do much in a bear market, so you shouldn't be too surprised right now. Of course, in hindsight, you should've sold, but not many predicted that the bull run would be that lackluster in comparison to the other runs, especially with a supposed ""crypto president,"" but we got what we got, unfortunately.","The text discusses the lackluster performance of the recent cryptocurrency bull run, highlighting disappointment in its short-term growth potential in comparison to other runs.Yeah, it's unlikely to do much in a bear market, so you shouldn't be too surprised right now. Of course, in hindsight, you should",2026-08-17T02:54:18.676Z,cryptocurrency,2026-08-17T02:54:18.676Z,2026-08-17,2026-08-17,OPINION_OTHER,bitcoin,True,,,,,,NOT_CHECKABLE,bitcoin mentioned but no price direction or number,NOT_SCORED,False,bitcoin,2.69,2.96,23.78
t1_p45epdl,t3_1vqgcod,Patrick_Atsushi,"Check the XRP-BTC chart. If it is going to have another valley one can possibly have 200% gain over BTC while BTC still grows. 

In history the valley always happens on either Oct first or April first, which looks like a joke, but one can try it.","In history the XRP-BTC chart shows potential for significant gains as Bitcoin grows while XRP experiences a valley. 
Uptrend: Bitcoin, XRP.",2026-08-17T02:54:18.676Z,cryptocurrency,2026-08-17T02:54:18.676Z,2026-08-17,2026-08-17,TREND,bitcoin,False,UP,,UP,2.69,2.69,VERIFIED,bitcoin was UP +2.69% over 1d,ACCURATE,True,bitcoin,2.69,2.96,23.78
t1_p45ku94,t3_1vqgcod,ikkiyikki,In your portfolio asides from the bit of BTC only ALGO has a compelling case as an all around better crypto.,"In your portfolio asides from the bit of Bitcoin you hold, ALGO has a compelling case as an all around better crypto.",2026-08-17T02:54:18.676Z,cryptocurrency,2026-08-17T02:54:18.676Z,2026-08-17,2026-08-17,OPINION_OTHER,bitcoin,False,,,,,,NOT_CHECKABLE,bitcoin mentioned but no price direction or number,NOT_SCORED,False,bitcoin,2.69,2.96,23.78
t1_p45rj9u,t3_1vqgcod,Financial_Clue_2534,Buy Bitcoin,Buy Bitcoin,2026-08-17T02:54:18.676Z,cryptocurrency,2026-08-17T02:54:18.676Z,2026-08-17,2026-08-17,OPINION_OTHER,bitcoin,False,,,,,,NOT_CHECKABLE,bitcoin mentioned but no price direction or number,NOT_SCORED,False,bitcoin,2.69,2.96,23.78
t1_p47bc4z,t3_1vqgcod,juicewrld999shit,sell it all cus they will eventually lose value.,sell it all cus they will eventually lose value.,2026-08-17T02:54:18.676Z,cryptocurrency,2026-08-17T02:54:18.676Z,2026-08-17,2026-08-17,OPINION_OTHER,,False,,,,,,NOT_CHECKABLE,No crypto asset mentioned,NOT_SCORED,False,bitcoin,2.69,2.96,23.78
t1_p4aipvv,t3_1vqgcod,stopthesirens,"Btc, eth and xmr are the only real cryptos to buy and hold",Binance Coin is currently the only real cryptos to buy and hold.,2026-08-17T02:54:18.676Z,cryptocurrency,2026-08-17T02:54:18.676Z,2026-08-17,2026-08-17,OPINION_OTHER,bnb,False,,,,,,NOT_CHECKABLE,bnb mentioned but no price direction or number,NOT_SCORED,False,bnb,0.45,1.02,16.49
t1_p46zee2,t3_1vqgcod,owolf8,"because the reality is no one with real money or lack of vested interest (ie bag holder bias) cares about anything other than bitcoin, ethereum or sol. every other coin has an inherently limited life span, they are all pump and dump copycats riding the wave of what really matters: bitcoin.

hype maybe will do well next bull run, but for mid term holds i definitely wouldn't be buying anything near end of year and throughout next year.","The text emphasizes the importance of Bitcoin, Ethereum, and Solana as primary cryptocurrencies, with no strong trend indicated for Tether, Binance Coin, or any other coin.",2026-08-17T02:54:18.676Z,cryptocurrency,2026-08-17T02:54:18.676Z,2026-08-17,2026-08-17,OPINION_OTHER,bitcoin,False,,,,,,NOT_CHECKABLE,bitcoin mentioned but no price direction or number,NOT_SCORED,False,bitcoin,2.69,2.96,23.78
t1_p47fjq4,t3_1vqgcod,Foreigntragedy,"in my opinion, sell every crypto and go short. this crap is all going to 0","in my opinion, sell every crypto and go short. this crap is all going to collapse.",2026-08-17T02:54:18.676Z,cryptocurrency,2026-08-17T02:54:18.676Z,2026-08-17,2026-08-17,OPINION_OTHER,bitcoin,True,,,,,,NOT_CHECKABLE,bitcoin mentioned but no price direction or number,NOT_SCORED,False,bitcoin,2.69,2.96,23.78
t1_p47yrp4,t3_1vqgcod,Kristof77,You have 0.0004BTC. Wise move! When the rest of the shitcoins go to 0.,"You have 0.0004BTC. Wise move! When the rest of the shitcoins go to 0.0001%, you'll have Bitcoin.",2026-08-17T02:54:18.676Z,cryptocurrency,2026-08-17T02:54:18.676Z,2026-08-17,2026-08-17,OPINION_OTHER,bitcoin,False,,,,,,NOT_CHECKABLE,bitcoin mentioned but no price direction or number,NOT_SCORED,False,bitcoin,2.69,2.96,23.78
t1_p487ckd,t3_1vqgcod,Few_Response_7028,Sell it. The only thing that matters is bitcoin,Sell it.,2026-08-17T02:54:18.676Z,cryptocurrency,2026-08-17T02:54:18.676Z,2026-08-17,2026-08-17,OPINION_OTHER,bitcoin,False,,,,,,NOT_CHECKABLE,bitcoin mentioned but no price direction or number,NOT_SCORED,False,bitcoin,2.69,2.96,23.78
t1_p48dfc8,t3_1vqgcod,Fragrant_Change_2497,"You've made a good profit, so take 50% and invest in BTC, BNB, or ETH.","You've made a good profit, so take 50% and invest in Bitcoin, Ethereum, or Binance Coin.",2026-08-17T02:54:18.676Z,cryptocurrency,2026-08-17T02:54:18.676Z,2026-08-17,2026-08-17,OPINION_OTHER,bitcoin,False,,,,,,NOT_CHECKABLE,bitcoin mentioned but no price direction or number,NOT_SCORED,False,bitcoin,2.69,2.96,23.78
t1_p45e8ze,t3_1vqgcod,Zealousideal-Heat399,No profit. Invested 3.5k,No profit. Invested 3.5% in Bitcoin.,2026-08-17T02:54:18.676Z,cryptocurrency,2026-08-17T02:54:18.676Z,2026-08-17,2026-08-17,OPINION_OTHER,bitcoin,False,,,,,,NOT_CHECKABLE,bitcoin mentioned but no price direction or number,NOT_SCORED,False,bitcoin,2.69,2.96,23.78
t1_p4dk4h4,t3_1vqgcod,Impressive-Gas-8668,But if like you say you’ve had it for 3 years then you would have seen it go to all time high in that period of time🤔 so have you not bought the dips then either?,"But if like you say you've had it for 3 years then you would have seen it go to an all time high, so have you not bought the dips then?",2026-08-17T02:54:18.676Z,cryptocurrency,2026-08-17T02:54:18.676Z,2026-08-17,2026-08-17,OPINION_OTHER,,False,,,,,,NOT_CHECKABLE,No crypto asset mentioned,NOT_SCORED,False,bitcoin,2.69,2.96,23.78
t1_p467sa0,t3_1vqgcod,gjp23,Just buy BTC,Just buy Bitcoin.,2026-08-17T02:54:18.676Z,cryptocurrency,2026-08-17T02:54:18.676Z,2026-08-17,2026-08-17,OPINION_OTHER,bitcoin,False,,,,,,NOT_CHECKABLE,bitcoin mentioned but no price direction or number,NOT_SCORED,False,bitcoin,2.69,2.96,23.78
t1_p45x624,t3_1vqgcod,One-Adhesiveness-138,I converted most of my pile to BTC during the last run up. Left around 10% to keep running - most of which was purchased at 20-30 cents,I converted most of my pile to BTC during the last run up. Left around 10% to keep running - most of which was purchased at 20-30 cents.,2026-08-17T02:54:18.676Z,cryptocurrency,2026-08-17T02:54:18.676Z,2026-08-17,2026-08-17,NUMERIC_PERCENT,bitcoin,False,UP,10.0,UP,2.69,2.69,APPROXIMATE,"Claimed +10.0%, bitcoin moved +2.69% (off by 7.3 points)",APPROXIMATE,True,bitcoin,2.69,2.96,23.78
t1_p4bs7mv,t3_1vqgcod,Kind-Ad-7442,To be honest my brother put me onto it and he is the pickiest investor I know. He sold all of his stocks because he was mad and bought gold just before it skyrocketed. Then he sold most of the gold and sat on it until this coin came up and was like hey buy this I was not going to question him.,To be honest my brother put me onto it as a speculative investment just before the gold market surged. He sold all of his stocks because he was mad and bought gold just before it skyrocketed. Then he sold most of the gold and sat on it until this coin came up and was like hey buy this,2026-08-17T02:54:18.676Z,cryptocurrency,2026-08-17T02:54:18.676Z,2026-08-17,2026-08-17,OPINION_OTHER,,False,,,,,,NOT_CHECKABLE,No crypto asset mentioned,NOT_SCORED,False,bitcoin,2.69,2.96,23.78
t1_p48p16u,t3_1vqgcod,discusking,"Well, keep waiting. The market’s dead now. Might not pop until 2027. Hell, might not be until 2030.","Well, keep waiting. The market's dead now. Might not pop again until 2027. Hell, might not be until 2030.",2026-08-17T02:54:18.676Z,cryptocurrency,2026-08-17T02:54:18.676Z,2026-08-17,2026-08-17,OPINION_OTHER,bitcoin,True,,,,,,NOT_CHECKABLE,bitcoin mentioned but no price direction or number,NOT_SCORED,False,bitcoin,2.69,2.96,23.78
t1_p45nw1x,t3_1vqgcod,JakobBowser,"Why get anything other than BTC? Xrp is a scam, company owns more than 50% of the supply","Why get anything other than Bitcoin? Xrp is a scam, company owns more than 50% of the supply",2026-08-17T02:54:18.676Z,cryptocurrency,2026-08-17T02:54:18.676Z,2026-08-17,2026-08-17,OPINION_OTHER,bitcoin,False,,,,,,NOT_CHECKABLE,bitcoin mentioned but no price direction or number,NOT_SCORED,False,bitcoin,2.69,2.96,23.78
t1_p45s1bl,t3_1vqgcod,Gbaby009,Imo I think Big holders are gonna start dumping all the way into September then a huge up tick in the big 3 btc eth sol. I think xrp is gonna get hit hard while people search for relevancy. Only time will tell though,"The text discusses a potential downtrend for Ethereum due to increased dumping by large holders and a potential rise in the price of Binance Coin. 
Downtrend: Ethereum.",2026-08-17T02:54:18.676Z,cryptocurrency,2026-08-17T02:54:18.676Z,2026-08-17,2026-08-17,OPINION_OTHER,ethereum,False,,,,,,NOT_CHECKABLE,ethereum mentioned but no price direction or number,NOT_SCORED,False,ethereum,2.04,2.45,31.48
t1_p46wos1,t3_1vqgcod,vanillajellaba,"Bull run was done 2 years ago, that was the time to get out, now crypto is a slow bleed till 2028 when the next halving cycle occurs. Only buy in an accumulation channel, sell in a distribution channel and block out the noise of what the majority say or do. Also, with that amount of money just go hard on 1-2, not 10 different ones otherwise better off just keep saving you won’t be getting 10x’s on large cap shitcoins. Do yourself a favour and just DCA into BTC and forget the rest they’re all junk","The text suggests a cautious approach to cryptocurrency investments, focusing on long-term investments and avoiding large cap shitcoins. Only buy in an accumulation channel, sell in a distribution channel and block out the noise of what the majority say or do. Also, with that amount of money just go hard on 1-",2026-08-17T02:54:18.676Z,cryptocurrency,2026-08-17T02:54:18.676Z,2026-08-17,2026-08-17,OPINION_OTHER,bitcoin,False,,,,,,NOT_CHECKABLE,bitcoin mentioned but no price direction or number,NOT_SCORED,False,bitcoin,2.69,2.96,23.78
t1_p3xyddv,t3_1vp08p9,Omarkhayyamsnotes,Yes. You can see that on launchpad tokens. As soon as a human buys all the bots coordinate selling and dump the price down to 0. I've seen 99% dumps in less than 5 seconds,"Yes. You can see that on launchpad tokens. As soon as a human buys a token, the price drops significantly, with 99% of transactions happening in less than 5 seconds.",2026-08-15T11:18:33.537Z,cryptomarkets,2026-08-15T11:18:33.537Z,2026-08-15,2026-08-10,OPINION_OTHER,,False,,,,,,NOT_CHECKABLE,No crypto asset mentioned,NOT_SCORED,False,bitcoin,0.08,0.43,24.39
t1_p3zbj6w,t3_1vnnqxz,eltoniq,"The fact is that it will get more and more centralized if miners turn into AI data centers. More people mining actually means more security. More miners more difficulty, less miners less difficulty. So maybe that does affect public perception of Bitcoin as a currency.
But everyone is just gambling on this anyways.

If miners make more money serving as AI data centers it does make the centralization question more interesting even though there shouldn’t be any or at least a significant effect on price.","The fact is that Bitcoin's centralized nature may become more problematic if miners turn into AI data centers, affecting public perception of its currency. More people mining actually means more security. More miners more difficulty, less difficulty.If miners make more money serving as AI data center it does make the centralization question more",2026-08-13T21:21:42.597Z,cryptomarkets,2026-08-13T21:21:42.597Z,2026-08-13,2026-08-10,OPINION_OTHER,bitcoin,False,,,,,,NOT_CHECKABLE,bitcoin mentioned but no price direction or number,NOT_SCORED,False,bitcoin,-0.0,1.78,9.25
t1_p3j40g2,t3_1vnnqxz,sumtib,"I will just go with the rollercoaster and sell again at the top. Bitcoin has been captured and corrupted, so it's only good now for gambling.","Bitcoin is currently being corrupted and is only good for gambling, according to my personal belief. Bitcoin has been captured and corrupted by its current market conditions.I will just go with the rollercoaster and sell again at the top.",2026-08-13T21:21:42.597Z,cryptomarkets,2026-08-13T21:21:42.597Z,2026-08-13,2026-08-10,OPINION_OTHER,bitcoin,False,,,,,,NOT_CHECKABLE,bitcoin mentioned but no price direction or number,NOT_SCORED,False,bitcoin,-0.0,1.78,9.25
t1_p3l5ox1,t3_1vnnqxz,insanescv,Lol indeed price will float in 20% ish range likely until we approach next halving. Cost to mine = value. Not that you gon read this. But. I tried. Couple outlier brief moments like midterms pretending btc cares bout news. But it will settle quickly. Who buys a btc for 100k if the price to mine is 52k. XD.,Lol indeed price will float in a 20% ish range likely until we approach next halving. But it will settle quickly. Who buys a btc for 100k if the price to mine is 52k. Cost to mine = value.,2026-08-13T21:21:42.597Z,cryptomarkets,2026-08-13T21:21:42.597Z,2026-08-13,2026-08-10,PREDICTION,bitcoin,False,,,,,,NOT_CHECKABLE,Price prediction (future-tense) - can't be scored at posting time,NOT_SCORED,False,bitcoin,-0.0,1.78,9.25
t1_p4454zm,t3_1vnnqxz,Dondi_arcuantico,"No hay manera de corregirlo, lo controlan también las ballenas, si deciden vender hoy el precio cae de golpe y ellos vuelven a comprar pero barato. y vuelven a iniciar el ciclo. Mientras los nuevos se conforman con milésimas de bitcoin. y nunca llegan a tener al menos una unidad.

Sigan comprando.",Sigan comprando. and vuelven a iniciar el ciclo. Mientras los nuevos se conforman con milésimas de bitcoin.,2026-08-13T21:21:42.597Z,cryptomarkets,2026-08-13T21:21:42.597Z,2026-08-13,2026-08-10,OPINION_OTHER,bitcoin,False,,,,,,NOT_CHECKABLE,bitcoin mentioned but no price direction or number,NOT_SCORED,False,bitcoin,-0.0,1.78,9.25
t1_p4d74fk,t3_1vnnqxz,ggiodddtyii,Bip110 supporters should look at history and see in 2017 what happened with Roger ver and bcash.  Bip110 now that it didn't get consensus is an attack on Bitcoin,"Bip110 supporters should look at history and see in 2017 what happened with Roger ver and bcash.  
Downtrend: Bitcoin.",2026-08-13T21:21:42.597Z,cryptomarkets,2026-08-13T21:21:42.597Z,2026-08-13,2026-08-10,TREND,bitcoin,False,DOWN,,FLAT,-0.0,-0.0,INCONCLUSIVE,"Claimed DOWN, market flat (-0.00%)",NOT_SCORED,False,bitcoin,-0.0,1.78,9.25
t1_p3lr0z5,t3_1vo0d6y,GBeastETH,Except Ethereum is much better suited for this.,Except Ethereum is much better suited for this role.,2026-08-14T07:21:38.599Z,cryptomarkets,2026-08-14T07:21:38.599Z,2026-08-14,2026-08-10,OPINION_OTHER,ethereum,False,,,,,,NOT_CHECKABLE,ethereum mentioned but no price direction or number,NOT_SCORED,False,ethereum,-0.18,1.42,23.48
t1_p3oko3n,t3_1vo0d6y,MakCapital,"Except Solana makes way more sense than Ethereum. Why it already captures 80% of x402 activity and pretty much majority of most types of activity.

No one will use lightning for this. Very very few will use Ethereum. Minority percentage will use Base. Everyone else will continue using Solana.","Except Solana makes way more sense than Ethereum for most activities, with a projected future increase in its market share.No one will use Ethereum. Very very few will use Base. Everyone else will continue using Solana.",2026-08-14T07:21:38.599Z,cryptomarkets,2026-08-14T07:21:38.599Z,2026-08-14,2026-08-10,TREND,ethereum,False,UP,,FLAT,-0.18,-0.18,INCONCLUSIVE,"Claimed UP, market flat (-0.18%)",NOT_SCORED,False,ethereum,-0.18,1.42,23.48
t1_p3ahhbk,t3_1vmdhfp,deltamark_btc,"btc and eth both rejected at the same levels they've been choking at all week. eth hit $1,925 twice now - first on the 9th, again today. both times sold hard on big volume. btc can't clear $64,500 either. these levels are sticky. watching $1,880 on eth and $63,200 on btc as the key support zones if this keeps leaking.","Bitcoin and Ethereum are experiencing stagnation at key support zones, with both coins struggling to break past resistance levels. 
Downtrend: Bitcoin, Ethereum.",2026-08-12T13:00:33.659Z,cryptomarkets,2026-08-12T13:00:33.659Z,2026-08-12,2026-08-10,TREND,bitcoin,False,DOWN,,FLAT,-0.24,-0.24,INCONCLUSIVE,"Claimed DOWN, market flat (-0.24%)",NOT_SCORED,False,bitcoin,-0.24,1.78,1.78
t1_p4behsi,t3_1vr576h,JimmySki6166,"Invest in BTC monthly, you won’t regret it!! I’ve been doing so for years. Greatest asset you can purchase!!","Invest in Bitcoin monthly, you won’t regret it.",2026-08-17T21:18:07.835Z,cryptomarkets,2026-08-17T21:18:07.835Z,2026-08-17,2026-08-17,OPINION_OTHER,bitcoin,False,,,,,,NOT_CHECKABLE,bitcoin mentioned but no price direction or number,NOT_SCORED,False,bitcoin,2.69,2.96,23.78
t1_p306m0c,t3_1vlb2ov,Next-Ambassador9097,"For me I will probably wait too. The first BTC move after CPI feels more and more like a trap lately. If yields and DXY don’t confirm it, I wouldn’t be surprised to see BTC give the whole move back and trap everyone.","The news suggests a potential downtrend for Bitcoin as it faces potential traps following CPI's release.For me I will probably wait too. The first BTC move after CPI feels more and more like a trap lately. If yields and DXY don’t confirm it, I wouldn't be surprised to see",2026-08-11T07:57:21.407Z,cryptomarkets,2026-08-11T07:57:21.407Z,2026-08-11,2026-08-10,TREND,bitcoin,False,DOWN,,DOWN,-0.56,-0.56,VERIFIED,bitcoin was DOWN -0.56% over 1d,ACCURATE,True,bitcoin,-0.56,1.95,0.93
t1_p3ogmcs,t3_1vlb2ov,RandomPlayerCSGO,"No it's not that simple. Cooler CPI is better for risk assets in general, so it is good for Bitcoin since wall street treats it like a tech stock.

But there are a lot more factors to take into consideration.","Bitcoin is experiencing an uptrend due to a cooler CPI environment, which is perceived positively by Wall Street. Cooler CPI is better for risk assets in general, so it is good for Bitcoin since it treats it like a tech stock.",2026-08-11T07:57:21.407Z,cryptomarkets,2026-08-11T07:57:21.407Z,2026-08-11,2026-08-10,TREND,bitcoin,False,UP,,DOWN,-0.56,-0.56,CONTRADICTED,"Claimed UP, market DOWN -0.56%",INACCURATE,True,bitcoin,-0.56,1.95,0.93
t1_p3brbuk,t3_1vmqc8v,Outside-in-2211,"I think your initial theory is most likely correct and intentional. The stable coin market is definitely a huge benefit to the dollar and your point of access is what has given the Eurozone pause and concern. Basically, I think you are correct, it is a strategy, and some are seeing it for what it is.","I think your initial theory is most likely correct and intentional. The stable coin market is definitely a huge benefit to the dollar, and its presence in Europe has caused concern. Basically, I think you are correct, it is a strategy, and some are seeing it for what it is.",2026-08-12T20:54:43.431Z,cryptomarkets,2026-08-12T20:54:43.431Z,2026-08-12,2026-08-10,OPINION_OTHER,,False,,,,,,NOT_CHECKABLE,No crypto asset mentioned,NOT_SCORED,False,bitcoin,-0.24,1.78,1.78
t1_p3c2wx6,t3_1vmqc8v,terminallyonchain,I think youre onto something. Stablecoins dont really look like an attack on dollar dominance if most of the underlying reserves are still dollar assets or just debt. In some ways they arere just creating a new way for people to get exposure to the dollar.,"I think youre onto something. Stablecoins are not directly attacking the dollar, but they are creating new ways for people to access it.",2026-08-12T20:54:43.431Z,cryptomarkets,2026-08-12T20:54:43.431Z,2026-08-12,2026-08-10,OPINION_OTHER,,False,,,,,,NOT_CHECKABLE,No crypto asset mentioned,NOT_SCORED,False,bitcoin,-0.24,1.78,1.78
t1_p3d60mk,t3_1vmqc8v,bestjaegerpilot,"yup this is pretty much it

and peeps in third world countries don't care because their local currencies inflate away faster than the dollar. Think countries like Argentina. That is, peeps there prefer USD stable coins over their local currencies because (1) their local currency can lose purchasing power way faster than USD, (2) are often easier to obtain (less requirements to get a crypto wallet vs a bank account) (3) are independent of their local govt, which means their local govt can't seize it

that's why Tether continues to grow and will continue to do so in the foreseeable future","Tether is experiencing a strong uptrend due to its stability and accessibility in third world countries. 
Uptrend: Tether.",2026-08-12T20:54:43.431Z,cryptomarkets,2026-08-12T20:54:43.431Z,2026-08-12,2026-08-10,TREND,tether,False,UP,,FLAT,-0.03,-0.03,INCONCLUSIVE,"Claimed UP, market flat (-0.03%)",NOT_SCORED,False,tether,-0.03,0.14,0.01
t1_p3cwpxg,t3_1vmqc8v,JimmySki6166,"Don’t look at stable coins, worthless! BTC is the only crypto!","Bitcoin is the only crypto, and it is being increasingly emphasized as a stablecoin.Don’t look at stable coins, worthless!",2026-08-12T20:54:43.431Z,cryptomarkets,2026-08-12T20:54:43.431Z,2026-08-12,2026-08-10,OPINION_OTHER,bitcoin,False,,,,,,NOT_CHECKABLE,bitcoin mentioned but no price direction or number,NOT_SCORED,False,bitcoin,-0.24,1.78,1.78
t1_p38n6h3,t3_1vm9lm4,Schacklesville,"Bitcoin has no leaders, but the Bitcoin sources code repository does have maintainers and admins. The admins can remove Luke as a maintainer.","Bitcoin has no leaders, but the Bitcoin sources code repository has maintainers and admins. The admins can remove a maintainer without prior approval.",2026-08-12T09:49:25.482Z,cryptomarkets,2026-08-12T09:49:25.482Z,2026-08-12,2026-08-10,EVENT_NEWS,bitcoin,False,,,,,,NOT_CHECKABLE,bitcoin news/event - not checkable with price data,NOT_SCORED,False,bitcoin,-0.24,1.78,1.78
t1_p38ocw9,t3_1vm9lm4,Schacklesville,"His role as BIP editor was actually removed, which is the gatekeeper role for the bitcoin/bips repository.","His role as BIP editor was removed, which is the gatekeeper role for the bitcoin/bips repository.",2026-08-12T09:49:25.482Z,cryptomarkets,2026-08-12T09:49:25.482Z,2026-08-12,2026-08-10,OPINION_OTHER,bitcoin,False,,,,,,NOT_CHECKABLE,bitcoin mentioned but no price direction or number,NOT_SCORED,False,bitcoin,-0.24,1.78,1.78
t1_p2xdm3r,t3_1vkk85d,deltamark_btc,"rough afternoon for btc. two back to back high-volume 4h bars - the candle that tagged $63,800 was the biggest by volume i've seen in weeks, then bounced and the current action is very quiet by comparison. on the chart it looks like a classic capitulation flush. what's keeping me cautious is the small cap carnage today - some names down 60-70% which usually points to margin calls cascading and that kind of forced deleveraging doesn't always clear in one session. watching $63,800 as the line. hold it across a few more bars and the floor case starts to get interesting. lose it and i don't see much structure until low 60s. SOL has been outperforming BTC and ETH most of the day - relative strength is worth noting even if i'm not acting on it yet.","Bitcoin and Ethereum have shown some resilience compared to Solana, which has been outperforming them most of the day. 
Uptrend: Solana.",2026-08-10T13:01:46.546Z,cryptomarkets,2026-08-10T13:01:46.546Z,2026-08-10,2026-08-10,TREND,bitcoin,False,UP,,DOWN,-1.44,-1.44,CONTRADICTED,"Claimed UP, market DOWN -1.44%",INACCURATE,True,bitcoin,-1.44,2.42,-3.13
t1_p3lfmrd,t3_1vnlyz8,Ok_Knowledge_4977,"My question is with all this hard fork, would bitcoin still retain its value? Then which chain would the majority follow?","Bitcoin is facing a potential hard fork that could negatively impact its value, leading to significant debate about its future.My question is with all this hard fork, would bitcoin still retain its value? Then which chain would the majority follow?",2026-08-13T20:14:14.644Z,cryptomarkets,2026-08-13T20:14:14.644Z,2026-08-13,2026-08-10,EVENT_NEWS,bitcoin,False,,,,,,NOT_CHECKABLE,bitcoin news/event - not checkable with price data,NOT_SCORED,False,bitcoin,-0.0,1.78,9.25
t1_p46ej0p,t3_1vnlyz8,Crucco,There was no hard fork. The fork was rejected.,There was no hard fork. The fork was rejected.,2026-08-13T20:14:14.644Z,cryptomarkets,2026-08-13T20:14:14.644Z,2026-08-13,2026-08-10,EVENT_NEWS,,False,,,,,,NOT_CHECKABLE,No crypto asset mentioned,NOT_SCORED,False,bitcoin,-0.0,1.78,9.25
t1_p3iiag5,t3_1vnlyz8,sylsau,"BIP-110 tried to prove that users could force miners to follow.

It mined two blocks.

Then the rebellion stalled.

Now some supporters want to change Bitcoin’s proof-of-work and “fire the miners.”

But here’s the uncomfortable part:

If you replace SHA-256, abandon Bitcoin’s mining infrastructure, and create incompatible consensus rules…

Are you still changing Bitcoin—or have you simply created another coin?

Bitcoin gives everyone the freedom to fork.

What it does not give you is the right to take Bitcoin’s identity with you.

That verdict belongs to users, miners, markets, wallets, exchanges—and ultimately economic reality.

BIP-110 Failed. Now Bitcoin’s Rebels Want to Change Proof-of-Work.

The real question is no longer about spam.

It’s about something much bigger:

When does forking Bitcoin become leaving Bitcoin?","Bitcoin faces resistance over its proof-of-work changes as some supporters want to ""fire the miners"" and create incompatible consensus rules.

Downtrend: Bitcoin.",2026-08-13T20:14:14.644Z,cryptomarkets,2026-08-13T20:14:14.644Z,2026-08-13,2026-08-10,TREND,bitcoin,False,DOWN,,FLAT,-0.0,-0.0,INCONCLUSIVE,"Claimed DOWN, market flat (-0.00%)",NOT_SCORED,False,bitcoin,-0.0,1.78,9.25
t1_p387tvs,t3_1vlusei,OscarCorterz_20,"I didn't even know BTC miners are of any use for AI... This is a bit concerning, no?","I didn't even know Bitcoin miners were used for AI purposes, which is a bit concerning.",2026-08-11T21:35:05.269Z,cryptomarkets,2026-08-11T21:35:05.269Z,2026-08-11,2026-08-10,OPINION_OTHER,bitcoin,False,,,,,,NOT_CHECKABLE,bitcoin mentioned but no price direction or number,NOT_SCORED,False,bitcoin,-0.56,1.95,0.93
t1_p34oagz,t3_1vkhb4x,Zina_1of,No that was obviously start of bear market. Now its capitulation. Probably another small leg down but maybe not even that if clarity pass.,No that was obviously start of bear market. Now its capitulation. Probably another small leg down but maybe not even that if clarity pass.,2026-08-10T10:42:26.716Z,cryptomarkets,2026-08-10T10:42:26.716Z,2026-08-10,2026-08-10,OPINION_OTHER,,False,,,,,,NOT_CHECKABLE,No crypto asset mentioned,NOT_SCORED,False,bitcoin,-1.44,2.42,-3.13
t1_p2ts3vb,t3_1vkhb4x,Electronic_Quote399,"My biggest are eth and sol, I got morpho and keeta as my favorite low cap plays, and hype has been looking really good this year too","My favorite low cap plays are Ethereum and Solana, with Ethereum showing strong performance this year. 
Uptrend: Ethereum, Solana.",2026-08-10T10:42:26.716Z,cryptomarkets,2026-08-10T10:42:26.716Z,2026-08-10,2026-08-10,TREND,ethereum,False,UP,,DOWN,-1.96,-1.96,CONTRADICTED,"Claimed UP, market DOWN -1.96%",INACCURATE,True,ethereum,-1.96,3.26,-1.82
t1_p3928ly,t3_1vkhb4x,[deleted],"Because its used just as much or more than ether in many ways, but still has a low cap and price that I feel will eventually catch up","Because its used just as much or more than ether, it is expected to eventually catch up to its low cap and price.",2026-08-10T10:42:26.716Z,cryptomarkets,2026-08-10T10:42:26.716Z,2026-08-10,2026-08-10,TREND,ethereum,False,UP,,DOWN,-1.96,-1.96,CONTRADICTED,"Claimed UP, market DOWN -1.96%",INACCURATE,True,ethereum,-1.96,3.26,-1.82
t1_p39311p,t3_1vkhb4x,Electronic_Quote399,"Because its used just as much or more than ether in many ways, but still has a low cap and price that I feel will eventually catch up","Because its used just as much or more than ether, it is expected to eventually catch up to its low cap and price.",2026-08-10T10:42:26.716Z,cryptomarkets,2026-08-10T10:42:26.716Z,2026-08-10,2026-08-10,TREND,ethereum,False,UP,,DOWN,-1.96,-1.96,CONTRADICTED,"Claimed UP, market DOWN -1.96%",INACCURATE,True,ethereum,-1.96,3.26,-1.82
t1_p2y9wzs,t3_1vkhb4x,Greater-Israel,Once it stops dropping they will forget their fears.,Once it stops dropping they will forget their fears.,2026-08-10T10:42:26.716Z,cryptomarkets,2026-08-10T10:42:26.716Z,2026-08-10,2026-08-10,OPINION_OTHER,,False,,,,,,NOT_CHECKABLE,No crypto asset mentioned,NOT_SCORED,False,bitcoin,-1.44,2.42,-3.13
t1_p2td600,t3_1vkhb4x,Jenn2895,"Chainlink, Ethereum, Bitcoin: Stacking in that order. Eth & Link have actual utility. Both are critical infrastructure for RWA & Ai. The transition, although slow, has already begun.
Chainlink has the lowest market cap of the 3 which provides room for highest ROI. Which is why my Link bags are heavier than Eth & Btc. But I will continue to dca into all 3.","Bitcoin and Ethereum are currently being analyzed in ascending order, with Chainlink providing the lowest ROI among the three. The transition, although slow, has begun. 
Uptrend: Bitcoin, Ethereum.",2026-08-10T10:42:26.716Z,cryptomarkets,2026-08-10T10:42:26.716Z,2026-08-10,2026-08-10,TREND,bitcoin,False,UP,,DOWN,-1.44,-1.44,CONTRADICTED,"Claimed UP, market DOWN -1.44%",INACCURATE,True,bitcoin,-1.44,2.42,-3.13
t1_p2tj4e9,t3_1vkhb4x,Ambitious_Stock2571,"Interesting, BTC has been shit for eight months. Lol","Interesting, Bitcoin has been shit for eight months. Lol",2026-08-10T10:42:26.716Z,cryptomarkets,2026-08-10T10:42:26.716Z,2026-08-10,2026-08-10,OPINION_OTHER,bitcoin,False,,,,,,NOT_CHECKABLE,bitcoin mentioned but no price direction or number,NOT_SCORED,False,bitcoin,-1.44,2.42,-3.13
t1_p2t8wjb,t3_1vkhb4x,Lefties_TheWorst7331,BTC only -- screw ALTcoins.,"Bitcoin is the only cryptocurrency that matters, screw ALTcoins.",2026-08-10T10:42:26.716Z,cryptomarkets,2026-08-10T10:42:26.716Z,2026-08-10,2026-08-10,OPINION_OTHER,bitcoin,False,,,,,,NOT_CHECKABLE,bitcoin mentioned but no price direction or number,NOT_SCORED,False,bitcoin,-1.44,2.42,-3.13
t1_p3ciqzy,t3_1vkhb4x,Ok-App111,"Bitcoin è morto, anche arrivasse a 500k dovresti buttarci ora 60k e aspettare 5 anni minimo, vedi te se ne varrebbe davvero la pena","Bitcoin is rumored to have been a victim of a $50k price drop despite later stabilizing. 
Downtrend: Bitcoin.",2026-08-10T10:42:26.716Z,cryptomarkets,2026-08-10T10:42:26.716Z,2026-08-10,2026-08-10,NUMERIC_PRICE,bitcoin,False,DOWN,50000.0,,63910.59,,INACCURATE,"Claimed $50,000, bitcoin traded $63,753-$65,322 that day (off by 21.5%)",INACCURATE,True,bitcoin,-1.44,2.42,-3.13
t1_p3f3n3y,t3_1vkhb4x,DistributionOk2111,It will happen with every other coin EXCEPT btc,It will happen with every other coin EXCEPT btc.,2026-08-10T10:42:26.716Z,cryptomarkets,2026-08-10T10:42:26.716Z,2026-08-10,2026-08-10,OPINION_OTHER,bitcoin,False,,,,,,NOT_CHECKABLE,bitcoin mentioned but no price direction or number,NOT_SCORED,False,bitcoin,-1.44,2.42,-3.13
t1_p2tj874,t3_1vkhb4x,NoBrosCrypto,"BTC and ETH are the way. I think everything did not live up to its promise in 2025. The banana zone never eventuated. If macro conditions change - liquidity grows, rates drop and something firm is announced regarding handling of the US debt and we may finally get that long awaited banana zone. If not, up we go but not as far as we would all like to see.","Bitcoin and Ethereum are currently showing strong positive trends as they approach the banana zone. If macro conditions change, liquidity grows, rates drop and something firm is announced regarding handling of the US debt, the trend could shift. If not, up we go but not as far as we would all like to see.",2026-08-10T10:42:26.716Z,cryptomarkets,2026-08-10T10:42:26.716Z,2026-08-10,2026-08-10,EVENT_NEWS,bitcoin,False,,,,,,NOT_CHECKABLE,bitcoin news/event - not checkable with price data,NOT_SCORED,False,bitcoin,-1.44,2.42,-3.13
t1_p36292w,t3_1vkhb4x,PeaceAgitated1978,"Exactly. Nice resume. All we shall look at is, first before anything else, does they plan to print money to debase the national debt. Yes. Then when? Then is the legislations, laws, support from Big money, clarity act is something.. but even without it. We still go up like moonshot if the last correction hit the reset has they wishes. Recovery will be spectacular. Can't happen without a finale. One last fireworks. And how they time it. With the flood's gates of newly minted stablescoin and $$.. is the true how fast will the recovery be. Just wait and see. Macro economics is financing BTC rise.. nothing else. That last cycle was lame because of how adoption been. And because not the same players were in the arena.. ETF and MSTR, versus gamblers over leveraged.. whales has been made in 2021.. now they ain't acting the same. They adapted to who is the biggest fish in the ponds. And it's not them, for most of them. 800 000 BTC all to one single entity. The same for ETF. Even bigger if you group them .. ok, it's just 20% of the 21 millions total supply. But don't forget the 4 millions BTC that never have moved and are estimated lost. Market volatility adapted .. these big entities are feeling bigger since we got some deads account loaded. In % of the whole. They understood that years ago. They control and manipulate BTC. Just by a lack of organization on our side. We totally still can GameStop the chart against them 🤣 only most of us don't share the same language.","Bitcoin is experiencing a significant uptrend due to macroeconomic factors influencing its price rise. Macro economics is financing BTC rise.. nothing else.Exactly. They control and manipulate BTC. 800 000 BTC all to one entity. Even bigger if you group them .. ok, it's just 20% of the 21 millions",2026-08-10T10:42:26.716Z,cryptomarkets,2026-08-10T10:42:26.716Z,2026-08-10,2026-08-10,NUMERIC_PERCENT,bitcoin,False,UP,20.0,DOWN,-1.44,-1.44,INACCURATE,"Claimed +20.0%, bitcoin moved -1.44% (off by 21.4 points)",INACCURATE,True,bitcoin,-1.44,2.42,-3.13
t1_p4adbab,t3_1vr3mit,sylsau,"Someone just declared Bitcoin at $1 million “mathematically impossible.”

The argument sounds devastating:

Bitcoin at $1M ≈ $20 trillion market cap.

Therefore, Bitcoin supposedly needs roughly $15 trillion of new money to get there.

Except…

That’s not how markets work.

A $15T increase in market cap does not require $15T of cash inflows.

Market cap is:

Price × Supply.

And price is determined by the marginal Bitcoin being sold.

If available supply becomes scarce while demand accelerates, a relatively small amount of new capital can reprice the entire network dramatically higher.

That’s why:

→ Market cap ≠ money invested → Liquidity matters more than headline supply → Dormant BTC doesn’t need to be “bought again” → ETF flows can move a trillion-dollar asset with comparatively tiny capital → A supply squeeze can create enormous nonlinear price moves

Does that mean Bitcoin WILL hit $1M by 2030?

No.

It would require an extraordinary transformation in global adoption, liquidity, institutional allocation, and monetary conditions.

But “unlikely” and “mathematically impossible” are two very different claims.

Bitcoin at $1M isn't really a $15 trillion cash problem.

It’s a liquidity problem.

And if buyers ever discover that there are far fewer willing sellers than they expected…

the market will do the math for us.","Someone just declared Bitcoin at $1 million is ""mathematically impossible,"" implying a significant challenge in achieving such a level due to market cap and liquidity issues.

Downtrend: Bitcoin.",2026-08-17T20:19:33.215Z,cryptomarkets,2026-08-17T20:19:33.215Z,2026-08-17,2026-08-17,TREND,bitcoin,False,DOWN,,UP,2.69,2.69,CONTRADICTED,"Claimed DOWN, market UP +2.69%",INACCURATE,True,bitcoin,2.69,2.96,23.78
t1_p4apqar,t3_1vr3mit,Ok-Bread-7503,"WTF did I just read? I mean, I don't want BTC to collapse, as it's a good way for me to take money from the libertarians who support it. But posting this AI crap is counterproductive.","WTF did I just read? I mean, I don't want Bitcoin to collapse, as it's a good way for me to take money from libertarians. But posting this AI crap is counterproductive.",2026-08-17T20:19:33.215Z,cryptomarkets,2026-08-17T20:19:33.215Z,2026-08-17,2026-08-17,OPINION_OTHER,bitcoin,False,,,,,,NOT_CHECKABLE,bitcoin mentioned but no price direction or number,NOT_SCORED,False,bitcoin,2.69,2.96,23.78
t1_p3pmgh2,t3_1voaysm,archbid,"Once etfs could hold bitcoin, they are “have to buy” when the paycheck allocations come in. That is the blessing and the curse of etfs. They stabilize, but they also create constant inflows that ignore underlying value.","Once etfs could hold bitcoin, they are “have to buy” when paycheck allocations come in, creating constant inflows that ignore underlying value. That is the blessing and the curse of etfs. They stabilize, but they also create perpetual inflows.",2026-08-14T15:49:28.105Z,cryptomarkets,2026-08-14T15:49:28.105Z,2026-08-14,2026-08-10,TREND,bitcoin,False,UP,,DOWN,-0.67,-0.67,CONTRADICTED,"Claimed UP, market DOWN -0.67%",INACCURATE,True,bitcoin,-0.67,1.68,15.19
t1_p3qynvq,t3_1voaysm,Remarkable_Wish_5106,Wall Street isn't buying BTC. The ETF's are mainly retail and hedge funds for trading.,"Wall Street isn't buying Bitcoin. The ETF's are mainly retail and hedge funds, reflecting a downtrend for the cryptocurrency.",2026-08-14T15:49:28.105Z,cryptomarkets,2026-08-14T15:49:28.105Z,2026-08-14,2026-08-10,TREND,bitcoin,False,DOWN,,DOWN,-0.67,-0.67,VERIFIED,bitcoin was DOWN -0.67% over 1d,ACCURATE,True,bitcoin,-0.67,1.68,15.19
t1_p3svkp7,t3_1voaysm,elidevious,"Wall Street is buying; it includes Registered Investment Advisors (RIAs), wealth management platforms, pension funds, and major asset managers. Roughly 1 in every 4 dollars in spot Bitcoin ETFs is formally tracked to institutional money managers and advisors.",Wall Street is showing strong interest in Bitcoin ETFs with significant investment interest from major financial entities like RIA and major asset managers. Roughly 1 in every 4 dollars in spot Bitcoin ETF sales is tracked to institutional investors.,2026-08-14T15:49:28.105Z,cryptomarkets,2026-08-14T15:49:28.105Z,2026-08-14,2026-08-10,EVENT_NEWS,bitcoin,False,,,,,,NOT_CHECKABLE,bitcoin news/event - not checkable with price data,NOT_SCORED,False,bitcoin,-0.67,1.68,15.19
t1_p3uwkw3,t3_1voaysm,Remarkable_Wish_5106,"A financial advisor buying a BTC ETF for a client is not institutional money, that's still retail. Institutional money does not own crypto assets. Please show me what Blackrock or any other big money management allocating to crypto?","A financial advisor buying a Bitcoin ETF for a client is not institutional money, that's still retail. Institutional money does not own crypto assets. Please show me what Blackrock or any other big money management allocating to crypto?",2026-08-14T15:49:28.105Z,cryptomarkets,2026-08-14T15:49:28.105Z,2026-08-14,2026-08-10,EVENT_NEWS,bitcoin,False,,,,,,NOT_CHECKABLE,bitcoin news/event - not checkable with price data,NOT_SCORED,False,bitcoin,-0.67,1.68,15.19
t1_p412qz9,t3_1voaysm,Some-Platform1968,"Exactly, institutions are getting into the game to sell crypto to retail and profit off the spread. Most are not investing in the markets themselves","Institutional investors are increasingly selling crypto to retail, profit from the spread. Most are not investing in the markets themselves",2026-08-14T15:49:28.105Z,cryptomarkets,2026-08-14T15:49:28.105Z,2026-08-14,2026-08-10,OPINION_OTHER,bitcoin,True,,,,,,NOT_CHECKABLE,bitcoin mentioned but no price direction or number,NOT_SCORED,False,bitcoin,-0.67,1.68,15.19
t1_p3o2wmn,t3_1voaysm,sylsau,"🚨 The Great Bitcoin Transfer is happening right now. And almost nobody realizes what it means.

It’s not a fork. It’s not a halving. It’s a massive, silent ownership transformation.

The early Bitcoin OGs—the cypherpunks who held through Mt. Gox, China bans, and brutal crypto winters—are quietly taking profits.

Who is standing on the other side of the trade?

🏦 Wall Street.

📈 Spot ETFs.

🏢 Corporate Treasuries.

The ultimate irony: The very institutions Bitcoin was designed to bypass are now accumulating the ultimate hard money from the generation that believed in it first.

We are witnessing a fundamental rewiring of Bitcoin's macroeconomics. The liquidity machine has changed. The exit liquidity is no longer retail traders—it's traditional finance.

But here is the million-dollar question: Is Wall Street capturing Bitcoin, or is Bitcoin capturing Wall Street?","The text discusses the transformative transformation in Bitcoin's macroeconomics and its relationship with traditional finance, highlighting a significant portion of the early Bitcoin OGs' profits being transferred to Wall Street.
Uptrend: Bitcoin.",2026-08-14T15:49:28.105Z,cryptomarkets,2026-08-14T15:49:28.105Z,2026-08-14,2026-08-10,TREND,bitcoin,False,UP,,DOWN,-0.67,-0.67,CONTRADICTED,"Claimed UP, market DOWN -0.67%",INACCURATE,True,bitcoin,-0.67,1.68,15.19
t1_p3hoamh,t3_1vnge2t,Dense-Permission8346,"And everything rotated into gold, silver, and AI. It’s 1 of two things.

For the first time in crypto history we had no blow off top/euphoria phase of the bull run.

That blow off top is delayed because everyone rotated into what i said above. If BTC is sitting around $80k on September 1st we are very likely headed to a blow off top later this year.

If BTC has gained that much, and we get the clarity act passed on 15 September (currently scheduled) and next FOMC meeting is 15-16 September they lower rates then we are absolutely headed higher.","Bitcoin is potentially on the verge of a significant uptrend if it gains enough ground to surpass $80k, indicating a potential blow off top later this year.
Uptrend: Bitcoin.",2026-08-13T16:55:49.943Z,cryptomarkets,2026-08-13T16:55:49.943Z,2026-08-13,2026-08-10,PREDICTION,bitcoin,False,UP,,,,,NOT_CHECKABLE,Price prediction (future-tense) - can't be scored at posting time,NOT_SCORED,False,bitcoin,-0.0,1.78,9.25
t1_p3hd05o,t3_1vnge2t,Gehrman_JoinsTheHunt,"I think the next 10 years will look much different than the previous 10. The halving cycle will not drive price the way it used to, because the impact on supply has diminished. People betting on the 4-year cycle to simply repeat forever will be burned. Just one man’s opinion.","I think the next 10 years will look much different than the previous 10. The halving cycle will not drive price as it used to, because the impact on supply has diminished. People betting on the 4-year cycle to simply repeat forever will be burned.",2026-08-13T16:55:49.943Z,cryptomarkets,2026-08-13T16:55:49.943Z,2026-08-13,2026-08-10,OPINION_OTHER,,False,,,,,,NOT_CHECKABLE,No crypto asset mentioned,NOT_SCORED,False,bitcoin,-0.0,1.78,9.25
t1_p3hm6ct,t3_1vnge2t,HorsedickGoldstein,I also agree with this man’s opinion. People preaching the “4 year cycle” like the gospel are gonna get absolutely fucked soon trying to time the market,"I also agree with this man’s opinion. People preaching the ""4 year cycle"" are gonna get absolutely fucked soon trying to time the market.",2026-08-13T16:55:49.943Z,cryptomarkets,2026-08-13T16:55:49.943Z,2026-08-13,2026-08-10,OPINION_OTHER,bitcoin,True,,,,,,NOT_CHECKABLE,bitcoin mentioned but no price direction or number,NOT_SCORED,False,bitcoin,-0.0,1.78,9.25
t1_p3ho262,t3_1vnge2t,Gehrman_JoinsTheHunt,"Honestly I think we will average out around 15-25% CAGR, but with huge volatility in the short term. That would put 1 bitcoin around $500k in 2036. Which is maybe a bit too optimistic. But who knows?!","Honestly I think we will average out around 15-25% CAGR, but with huge volatility in the short term. That would put 1 bitcoin around $500k in 2036. Which is maybe a bit too optimistic. But who knows?!",2026-08-13T16:55:49.943Z,cryptomarkets,2026-08-13T16:55:49.943Z,2026-08-13,2026-08-10,PREDICTION,bitcoin,False,,,,,,NOT_CHECKABLE,Price prediction (future-tense) - can't be scored at posting time,NOT_SCORED,False,bitcoin,-0.0,1.78,9.25
t1_p3hml6d,t3_1vnge2t,Clean_Difficulty_225,"Yup, I mean we're about to experience another 1929/1987/2000/2008 type of macroeconomic bear market. What is BTC worth in that type of liquidity crunch? Anyone long-term bullish BTC is either a bot/shill or just plain misinformed. Note that the sell-off of speculative assets already started, that's why BTC is down 50% already. All these poor people have been trained like pavlovian dogs to be the exit liquidity during these upcoming events, and they don't even realize it yet.",Bitcoin is experiencing a significant downtrend as it faces a 50% decline in a short-term period amid a broader macroeconomic bear market scenario. What is Bitcoin worth in that type of liquidity crunch? Anyone long-term bullish BTC is either a bot/shill or just plain misinformed.,2026-08-13T16:55:49.943Z,cryptomarkets,2026-08-13T16:55:49.943Z,2026-08-13,2026-08-10,OPINION_OTHER,bitcoin,False,,,,,,NOT_CHECKABLE,bitcoin mentioned but no price direction or number,NOT_SCORED,False,bitcoin,-0.0,1.78,9.25
t1_p3ibwhj,t3_1vnge2t,HotInTheseRhinos123,"Having cycles have not driven price, four year cycles of US elections have.","Having cycles have not driven price, four year cycles of US elections have.",2026-08-13T16:55:49.943Z,cryptomarkets,2026-08-13T16:55:49.943Z,2026-08-13,2026-08-10,OPINION_OTHER,,False,,,,,,NOT_CHECKABLE,No crypto asset mentioned,NOT_SCORED,False,bitcoin,-0.0,1.78,9.25
t1_p3pgbmc,t3_1vnge2t,Jenn2895,"Meh. The crypto market cycle has primarily been driven by a confluence of Global M2 liquidity, the bitcoin halving & U.S. elections. Which historically have aligned every 4yrs.
However, with time it’s shifted more towards macroeconomic liquidity.","Meh. The crypto market cycle is primarily driven by global M2 liquidity and the Bitcoin halving, which historically align every 4yrs.However, with time it’s shifted more towards macroeconomic liquidity.",2026-08-13T16:55:49.943Z,cryptomarkets,2026-08-13T16:55:49.943Z,2026-08-13,2026-08-10,OPINION_OTHER,bitcoin,False,,,,,,NOT_CHECKABLE,bitcoin mentioned but no price direction or number,NOT_SCORED,False,bitcoin,-0.0,1.78,9.25
t1_p3hndfa,t3_1vnge2t,LemonBao,"According to the astrologists who says bitcoin comes in 4 year cycles, the bottom would be around October of this year as that would make it 12 months since the peak.","According to astrologists who says bitcoin's bottom could be around October of this year, indicating a potential uptrend. 
Uptrend: Bitcoin.",2026-08-13T16:55:49.943Z,cryptomarkets,2026-08-13T16:55:49.943Z,2026-08-13,2026-08-10,TREND,bitcoin,False,UP,,FLAT,-0.0,-0.0,INCONCLUSIVE,"Claimed UP, market flat (-0.00%)",NOT_SCORED,False,bitcoin,-0.0,1.78,9.25
t1_p3jevas,t3_1vnge2t,zork2001,Last time it stayed down for two whole years. And then started going up for no reason at all. I swear from Jan 2022 to Jan 2024 it was basically way under 40k most of the time then it shot up to 118 a year and a half later by July 2025. The point is it could be down for a while.,"Last time it stayed down for two whole years, it started going up for no apparent reason. I swear from Jan 2022 to Jan 2024 it was basically way under 40k most of the time then it shot up to 118 a year and a half later by July 2025. The point is it could be down",2026-08-13T16:55:49.943Z,cryptomarkets,2026-08-13T16:55:49.943Z,2026-08-13,2026-08-10,OPINION_OTHER,,False,,,,,,NOT_CHECKABLE,No crypto asset mentioned,NOT_SCORED,False,bitcoin,-0.0,1.78,9.25
t1_p3hsnku,t3_1vnge2t,RewardMedical6884,"Nah we going lower imo, September will probably be the best month to buy. I’m expecting btc to wick to anywhere between 45-52k and that will be the bottom. This is based on past bear market price action. History don’t have to repeat but it sure does rhyme.","Bitcoin is expected to experience a downtrend as its price declines, with September likely being the best month to buy as a potential bottom is indicated. I’m expecting btc to wick to anywhere between 45-52k and that will be the bottom. This is based on past bear market",2026-08-13T16:55:49.943Z,cryptomarkets,2026-08-13T16:55:49.943Z,2026-08-13,2026-08-10,PREDICTION,bitcoin,False,DOWN,,,,,NOT_CHECKABLE,Price prediction (future-tense) - can't be scored at posting time,NOT_SCORED,False,bitcoin,-0.0,1.78,9.25
t1_p3iq15h,t3_1vnge2t,Seek1st2Understand,"But the entire crypto market swings wildly with any update on the CLARITY Act’s chances of a vote in the U.S. Senate. Any increased chance of its passage causes upward prices swings. That Act is on hold because Democrats want provisions in it that would prevent the President and his family from making as much money as he has been off of crypto, and Republicans including the President don’t want this.

So, (a) people give a shit about crypto, and (b) the U.S. government’s actions are central to crypto prices, and (c) it in fact is the U.S. President’s fault.","The text discusses the impact of the CLARITY Act on the cryptocurrency market, noting that it is central to its price fluctuations. That Act is on hold because Democrats want provisions in it that would prevent the President and his family from making as much money as he has been off of crypto, and Republicans",2026-08-13T16:55:49.943Z,cryptomarkets,2026-08-13T16:55:49.943Z,2026-08-13,2026-08-10,TREND,bitcoin,True,UP,,FLAT,-0.0,-0.0,INCONCLUSIVE,"Claimed UP, market flat (-0.00%) (generic 'crypto' claim checked against BTC)",NOT_SCORED,False,bitcoin,-0.0,1.78,9.25
t1_p3oedg1,t3_1vnge2t,blueb_oy,"This is really the most accurate response to what and where the crypto market is today. People will still blame the president for everything, but realistically, the crypto outlook isn't what it once was.","This is really the most accurate response to what and where the crypto market is today. People will still blame the president for everything, but realistically, the crypto outlook isn't what it once was.",2026-08-13T16:55:49.943Z,cryptomarkets,2026-08-13T16:55:49.943Z,2026-08-13,2026-08-10,OPINION_OTHER,bitcoin,True,,,,,,NOT_CHECKABLE,bitcoin mentioned but no price direction or number,NOT_SCORED,False,bitcoin,-0.0,1.78,9.25
t1_p3hqers,t3_1vnge2t,Sweet_Driver_3707,Bear market bottom is always in 1 year after the prior bull run top without fail which means we should bottom in October. Could be September but sept/oct is most likely where we will bottom. Key metrics is some bs lol,"The text suggests a potential bear market bottom is likely to occur in October, which historically indicates a positive trend for the US market. Could be September but sept/oct is most likely where we will bottom.",2026-08-13T16:55:49.943Z,cryptomarkets,2026-08-13T16:55:49.943Z,2026-08-13,2026-08-10,OPINION_OTHER,,False,,,,,,NOT_CHECKABLE,No crypto asset mentioned,NOT_SCORED,False,bitcoin,-0.0,1.78,9.25
t1_p3hwsop,t3_1vnge2t,No1worldchamp,"Litecoin will likely run January 2027, halving incoming","Litecoin has a potential halving event in January 2027, according to recent news.",2026-08-13T16:55:49.943Z,cryptomarkets,2026-08-13T16:55:49.943Z,2026-08-13,2026-08-10,OPINION_OTHER,,False,,,,,,NOT_CHECKABLE,No crypto asset mentioned,NOT_SCORED,False,bitcoin,-0.0,1.78,9.25
t1_p3jfrpb,t3_1vnge2t,Size17sneaker,I think 2027 will have a build up to the 2028 halving. This is a good accumulation year.,I think 2027 will be a good accumulation year for Bitcoin as it builds up to the 2028 halving.,2026-08-13T16:55:49.943Z,cryptomarkets,2026-08-13T16:55:49.943Z,2026-08-13,2026-08-10,TREND,bitcoin,False,UP,,FLAT,-0.0,-0.0,INCONCLUSIVE,"Claimed UP, market flat (-0.00%)",NOT_SCORED,False,bitcoin,-0.0,1.78,9.25
t1_p3hj6xr,t3_1vnge2t,martianfrog,"Could be a year or more away, we'll see, but I don't see BTC going down much in the mean time. My best guess right now.","Bitcoin is projected to avoid a significant downtrend in the near term.Could be a year or more away, we'll see, but I don't see it happening right now.",2026-08-13T16:55:49.943Z,cryptomarkets,2026-08-13T16:55:49.943Z,2026-08-13,2026-08-10,TREND,bitcoin,False,DOWN,,FLAT,-0.0,-0.0,INCONCLUSIVE,"Claimed DOWN, market flat (-0.00%)",NOT_SCORED,False,bitcoin,-0.0,1.78,9.25
t1_p3hjzrn,t3_1vnge2t,userxtrustno1,"Bear market ending means price is going to recover slowly to the levels reached the last bull run until the start of the new bull run, next year.","Bear market ending means price is expected to recover slowly and potentially reach levels similar to the last bull run, signaling a potential start of a new bull run.",2026-08-13T16:55:49.943Z,cryptomarkets,2026-08-13T16:55:49.943Z,2026-08-13,2026-08-10,OPINION_OTHER,,False,,,,,,NOT_CHECKABLE,No crypto asset mentioned,NOT_SCORED,False,bitcoin,-0.0,1.78,9.25
t1_p3hn5xt,t3_1vnge2t,chainglance_cm,"No one knows for sure. And by the time it's clearly a bull run everyone's already in and the easy money's gone. The quiet phase before that is honestly more useful to pay attention to than trying to call the run itself. A few things I look out for:

- BTC dominance starts dropping but the total market cap isn't really moving yet. That usually means money's quietly rotating into alts before the price shows it.

- Stablecoins sitting on exchanges start piling up, that's dry powder waiting to be deployed.

- And DEX volume creeps up even while prices are flat. This could be people positioning before the move.

None of it's exciting and that's kind of the point. You won't catch it just glancing at price on one app, you gotta actually be checking across your positions regularly, which is why most people miss it till it's already obvious","No one knows for sure. But indicators suggest a potential bull run, with Bitcoin dominance decreasing but stablecoins sitting on exchanges suggesting potential deployment.

Uptrend: Bitcoin.",2026-08-13T16:55:49.943Z,cryptomarkets,2026-08-13T16:55:49.943Z,2026-08-13,2026-08-10,TREND,bitcoin,False,UP,,FLAT,-0.0,-0.0,INCONCLUSIVE,"Claimed UP, market flat (-0.00%)",NOT_SCORED,False,bitcoin,-0.0,1.78,9.25
t1_p3i12gq,t3_1vnge2t,Mr_Footies,"Going sideways for another year, just to absolutely wreck bears and bulls… then it’ll start slowly rising summer 2027.","Going sideways for another year, just to absolutely wreck bears and bulls… then it’ll start slowly rising summer 2027.",2026-08-13T16:55:49.943Z,cryptomarkets,2026-08-13T16:55:49.943Z,2026-08-13,2026-08-10,OPINION_OTHER,,False,,,,,,NOT_CHECKABLE,No crypto asset mentioned,NOT_SCORED,False,bitcoin,-0.0,1.78,9.25
t1_p3iserp,t3_1vnge2t,Current_Bobcat_9182,"I think ETFs have changed the game for crypto .

While a Spot ETF itself cannot print ""paper Bitcoin,"" derivatives built on top of those ETFs (options, leveraged funds, and swaps) do introduce paper leverage that significantly alters how Bitcoin price discovery happens.","The text discusses the impact of ETFs on Bitcoin price discovery.While a Spot ETF itself cannot print ""paper Bitcoin,"" derivatives built on top of those ETFs (options, leveraged funds, and swaps) do introduce paper leverage that significantly alters Bitcoin's price discovery process.I think ETFs have changed",2026-08-13T16:55:49.943Z,cryptomarkets,2026-08-13T16:55:49.943Z,2026-08-13,2026-08-10,EVENT_NEWS,bitcoin,False,,,,,,NOT_CHECKABLE,bitcoin news/event - not checkable with price data,NOT_SCORED,False,bitcoin,-0.0,1.78,9.25
t1_p3jbf2v,t3_1vnge2t,Advanced-Industry-50,"If history were to repeat my assumption is we ll have something like sideway trades and recovery starting from September/Oct 2026 all the way to April 2028 and bull run maybe 6-8 months after halving maybe end of 2028.

Thats my assumption if we might see the historical patterns.",If history were to repeat my assumption is we ll have something like sideway trades and recovery starting from September/Oct 2026 and potentially leading to a bull run by the end of 2028.Thats my assumption if we might see the historical patterns.,2026-08-13T16:55:49.943Z,cryptomarkets,2026-08-13T16:55:49.943Z,2026-08-13,2026-08-10,OPINION_OTHER,,False,,,,,,NOT_CHECKABLE,No crypto asset mentioned,NOT_SCORED,False,bitcoin,-0.0,1.78,9.25
t1_p3jlgik,t3_1vnge2t,Wise-Start-9166,After bitcoin bottoms somewhere below 55,"After bitcoin bottoms below 55, its trend could indicate a downtrend.",2026-08-13T16:55:49.943Z,cryptomarkets,2026-08-13T16:55:49.943Z,2026-08-13,2026-08-10,TREND,bitcoin,False,DOWN,,FLAT,-0.0,-0.0,INCONCLUSIVE,"Claimed DOWN, market flat (-0.00%)",NOT_SCORED,False,bitcoin,-0.0,1.78,9.25
t1_p3ke2oz,t3_1vnge2t,Suitable_Acadia_190,"Chop until mid to late October makes a good case for max pain, but of course only time will tell.","Chop until mid to late October makes a good case for max pain, but of course only time will tell.",2026-08-13T16:55:49.943Z,cryptomarkets,2026-08-13T16:55:49.943Z,2026-08-13,2026-08-10,OPINION_OTHER,,False,,,,,,NOT_CHECKABLE,No crypto asset mentioned,NOT_SCORED,False,bitcoin,-0.0,1.78,9.25
t1_p3klkws,t3_1vnge2t,DescriptionAware2961,"Historically BTC has seen structural support at its 2WK 200 EMA. Currently this level is at 51280. (I have a chart image but I don’t think I’m allowed to share it yet?)
I theorize that price will make another move down to meet it before we encounter another bull cycle. This is optimistic speaking; hoping we’ve already seen the worst that the current administration will do to the US economy.

this proximity to support could be the reason for the recent tight volatility and price coiling","Bitcoin is experiencing structural support at its 2WK 200 EMA, which may contribute to its recent tight volatility and price coiling. (I have a chart image but I don’t think I’m allowed to share it yet?)I theorize that price will make another move down",2026-08-13T16:55:49.943Z,cryptomarkets,2026-08-13T16:55:49.943Z,2026-08-13,2026-08-10,TREND,bitcoin,False,DOWN,,FLAT,-0.0,-0.0,INCONCLUSIVE,"Claimed DOWN, market flat (-0.00%)",NOT_SCORED,False,bitcoin,-0.0,1.78,9.25
t1_p3ksvzp,t3_1vnge2t,Legitimate_Towel6291,"The bottom should be in around late September - early October, hover the big gains won't happen till around the middle of 2029.","The bottom should be in around late September - early October, with potential for further gains not until around the middle of 2029.",2026-08-13T16:55:49.943Z,cryptomarkets,2026-08-13T16:55:49.943Z,2026-08-13,2026-08-10,OPINION_OTHER,,False,,,,,,NOT_CHECKABLE,No crypto asset mentioned,NOT_SCORED,False,bitcoin,-0.0,1.78,9.25
t1_p3m1bs8,t3_1vnge2t,Inevitable_Painn,Probably December or beginning of next year.,Probably December or beginning of next year.,2026-08-13T16:55:49.943Z,cryptomarkets,2026-08-13T16:55:49.943Z,2026-08-13,2026-08-10,OPINION_OTHER,,False,,,,,,NOT_CHECKABLE,No crypto asset mentioned,NOT_SCORED,False,bitcoin,-0.0,1.78,9.25
t1_p3ma7aa,t3_1vnge2t,ChangeNOW_Community,the market doesn't need to feel good before it turns bullish. sometimes the best part of the move starts while sentiment is still terrible,the market doesn't need to feel good before it turns bullish. sometimes the best part of the move starts while sentiment is still terrible.,2026-08-13T16:55:49.943Z,cryptomarkets,2026-08-13T16:55:49.943Z,2026-08-13,2026-08-10,TREND,bitcoin,True,UP,,FLAT,-0.0,-0.0,INCONCLUSIVE,"Claimed UP, market flat (-0.00%) (generic 'crypto' claim checked against BTC)",NOT_SCORED,False,bitcoin,-0.0,1.78,9.25
t1_p3npibx,t3_1vnge2t,bobbyv137,"Bitcoin 'should' bottom Q4 this year. That effectively marks the end of the bear market thus commencement of the bull.

In terms of the next ATH peak (for Bitcoin): Q4 2029.","Bitcoin is expected to bottom out of its bear market in Q4 this year, signaling the commencement of a bull market.In terms of the next ATH peak (for Bitcoin): Q4 2029.",2026-08-13T16:55:49.943Z,cryptomarkets,2026-08-13T16:55:49.943Z,2026-08-13,2026-08-10,OPINION_OTHER,bitcoin,False,,,,,,NOT_CHECKABLE,bitcoin mentioned but no price direction or number,NOT_SCORED,False,bitcoin,-0.0,1.78,9.25
t1_p3o7a2y,t3_1vnge2t,TimeLocation777,We are at the tail end of the bear market. I'm sizing in from now till october,"We are at the tail end of a bear market with potential for an uptrend, according to Elliott Wave analysis. I'm sizing in from now till october",2026-08-13T16:55:49.943Z,cryptomarkets,2026-08-13T16:55:49.943Z,2026-08-13,2026-08-10,OPINION_OTHER,,False,,,,,,NOT_CHECKABLE,No crypto asset mentioned,NOT_SCORED,False,bitcoin,-0.0,1.78,9.25
t1_p3opjjg,t3_1vnge2t,AnveshArumilli,27K is the original markup start and every levels of price is being taken out in the mark down currently. I the price beats the 56K level in this swing then price is going to 27K levels. Price always tends to go back to markup levels .,"The text discusses the potential future price movements of Bitcoin, highlighting a potential downtrend as it moves closer to its original markup level.27K is the original markup start and every level of price is being taken out in the mark down currently. I the price exceeds the 56K level, it will",2026-08-13T16:55:49.943Z,cryptomarkets,2026-08-13T16:55:49.943Z,2026-08-13,2026-08-10,PREDICTION,bitcoin,False,DOWN,,,,,NOT_CHECKABLE,Price prediction (future-tense) - can't be scored at posting time,NOT_SCORED,False,bitcoin,-0.0,1.78,9.25
t1_p3orm3w,t3_1vnge2t,Ill_Effective_4417,There will not be another bull market for crypto like we saw in 2021. Crypto has been found out and reality is most people don’t really care about it. It’s just crypto bros trading tokens between themselves every few years.,There will not be another bull market like we saw in 2021. Crypto has been found out and reality is most people don’t really care about it. It's just crypto bros trading tokens between themselves every few years.,2026-08-13T16:55:49.943Z,cryptomarkets,2026-08-13T16:55:49.943Z,2026-08-13,2026-08-10,OPINION_OTHER,bitcoin,True,,,,,,NOT_CHECKABLE,bitcoin mentioned but no price direction or number,NOT_SCORED,False,bitcoin,-0.0,1.78,9.25
t1_p3q65zp,t3_1vnge2t,ExitPristine8521,"That’s a very subjective question? Kinda like when do you think I’ll get married or when will you have your first child?

Theres no answer to that question?

Do your due diligence follow the markets and take some Tran ing classes digital assets, we don’t call it crypto any longer . Crypto implies scam, Negativity .

Follow Blackrock and Larry Fink . Learn all you can about him and then watch Warren Buffets company Berkshire Hathaway he despises digital assets made his wealth on Apple and Coca Cola. He retired now a Canadian is running his company. Two different perspectives.

Bitcoin has hovered Between $60k US AND $$65k m. Just waffled since it hit a high of $126k but Bitcoin, Eurotheum and Solanos are driven by the retail market . And there is only so much Bitcoin to be mined left in the World. It’ll eventually dry up.

JP Morgan and Wells Fargo’s are tokenizing all currency and all banks will to prevent future criminal activity. Canadian banks are in the background doing the same thing. They just haven’t shared publicly.

That’s scary because you will no longer have control of your $$$$. It could be frozen any time .

That’s why people and now institutions are buying digital assets.

In addition the US DEBT climbed to all time high of $40 trillion the most indebted nation in the world. That is costing them $1 trillion per year to cover their interest !

Think about that! For the past 75 years all investments were tied to the US $$$ . Your investments were tied to the US $$$ If the debt continues to grow the US will have to devalue their $$$$.

That’s going to impact all retail digital assets ! It will tank .","Bitcoin and Solanos are driven by the retail market, but the text discusses the potential downtrend in Bitcoin as it faces challenges from increasing US debt and increased institutional interest.

Downtrend: Bitcoin.",2026-08-13T16:55:49.943Z,cryptomarkets,2026-08-13T16:55:49.943Z,2026-08-13,2026-08-10,TREND,bitcoin,False,DOWN,,FLAT,-0.0,-0.0,INCONCLUSIVE,"Claimed DOWN, market flat (-0.00%)",NOT_SCORED,False,bitcoin,-0.0,1.78,9.25
t1_p3shyxe,t3_1vnge2t,CryptoTradersChat,You can see that already MANY alt's have awoken and are trading very well with good volume. It's not far away. I think the BULL run we never got is on it's way.,You can see that already MANY alt's have awoken and are trading very well with a potential for a bullish run. I think the BULL run we never got is on it's way.,2026-08-13T16:55:49.943Z,cryptomarkets,2026-08-13T16:55:49.943Z,2026-08-13,2026-08-10,OPINION_OTHER,,False,,,,,,NOT_CHECKABLE,No crypto asset mentioned,NOT_SCORED,False,bitcoin,-0.0,1.78,9.25
t1_p43j62k,t3_1vnge2t,Technical-Clue-1877,This year.,This year.,2026-08-13T16:55:49.943Z,cryptomarkets,2026-08-13T16:55:49.943Z,2026-08-13,2026-08-10,OPINION_OTHER,,False,,,,,,NOT_CHECKABLE,No crypto asset mentioned,NOT_SCORED,False,bitcoin,-0.0,1.78,9.25
t1_p3i3z2j,t3_1vnge2t,Remarkable_Wish_5106,"I think the 4-year cycle is over, and crypto is now in a secular bear market after a long 15-year bull run. We could see a long-term bear of 7-8 years with lots of boring trading ranges. Gold just had a 11- year bear market before moving to new highs the last few years. This is how markets work, there is no guarantee that after 12-18 months everyone can get bullish and make gains, that's pure fantasy land.","I think the cryptocurrency market is experiencing a secular bear market after a long 15-year bull run. We could see a long-term bear with boring trading ranges. This is how markets work, there is no guarantee that after 12-18 months everyone can get bullish and make gains, that's pure fantasy",2026-08-13T16:55:49.943Z,cryptomarkets,2026-08-13T16:55:49.943Z,2026-08-13,2026-08-10,TREND,bitcoin,True,UP,,FLAT,-0.0,-0.0,INCONCLUSIVE,"Claimed UP, market flat (-0.00%) (generic 'crypto' claim checked against BTC)",NOT_SCORED,False,bitcoin,-0.0,1.78,9.25
t1_p30xv1w,t3_1vk0oab,Traditional_Wall3429,There’s no successful legal route for this.,There’s no successful legal route for this.,2026-08-09T20:40:10.370Z,cryptomarkets,2026-08-09T20:40:10.370Z,2026-08-09,2026-08-03,OPINION_OTHER,,False,,,,,,NOT_CHECKABLE,No crypto asset mentioned,NOT_SCORED,False,bitcoin,-0.1,1.12,-2.9
t1_p31gaa6,t3_1vk0oab,Traditional_Wall3429,Sure. Win this case with government employee. In France. Capital of bureaucracy.,Sure. Win this case with government employee.,2026-08-09T20:40:10.370Z,cryptomarkets,2026-08-09T20:40:10.370Z,2026-08-09,2026-08-03,OPINION_OTHER,,False,,,,,,NOT_CHECKABLE,No crypto asset mentioned,NOT_SCORED,False,bitcoin,-0.1,1.12,-2.9
t1_p49ikdx,t3_1vqog9r,cryptolipto,Literally none of these projects have a token you can invest in. Which means everything they’ve built is just technology designed to support digital assets,Literally none of these projects have a token you can invest in. Which means everything they're built is just technology designed to support digital assets.,2026-08-17T10:25:16.394Z,cryptomarkets,2026-08-17T10:25:16.394Z,2026-08-17,2026-08-17,OPINION_OTHER,,False,,,,,,NOT_CHECKABLE,No crypto asset mentioned,NOT_SCORED,False,bitcoin,2.69,2.96,23.78
t1_p3t1rwi,t3_1voxg7c,sylsau,"Russia just exposed Bitcoin’s most dangerous feature.

Not scarcity. Not volatility. Not mining.

Exit.

Moscow is opening the door to Bitcoin, ETH, and USDT.

But ordinary Russians will face limits on how much crypto they can buy through regulated intermediaries.

Why?

Because Russia wants crypto’s power… without fully accepting crypto’s freedom.

Bitcoin is useful when sanctions threaten Russian trade.

Stablecoins are useful when traditional payment rails fail.

Crypto is useful when Moscow wants financial sovereignty from Washington.

But when citizens want monetary sovereignty from Moscow?

Suddenly, limits appear.

That is the paradox.

Governments love Bitcoin when it weakens someone else’s financial control.

They become much less comfortable when it weakens their own.

And Bitcoin doesn’t care.

No nationality. No investor classification. No central bank. No annual purchase limit written into the protocol.

Russia can regulate the gateways.

It cannot rewrite Bitcoin.

Russia wants Bitcoin’s power without Bitcoin’s freedom.

That contradiction tells us where the real battle over money is heading.","Russia's crackdown on Bitcoin and Ethereum is exposing Bitcoin's most dangerous feature: It wants to control its power without fully accepting crypto's freedom.

Downtrend: Bitcoin.",2026-08-15T08:32:45.944Z,cryptomarkets,2026-08-15T08:32:45.944Z,2026-08-15,2026-08-10,TREND,bitcoin,False,DOWN,,FLAT,0.08,0.08,INCONCLUSIVE,"Claimed DOWN, market flat (+0.08%)",NOT_SCORED,False,bitcoin,0.08,0.43,24.39
t1_p3qadb2,t3_1vmnb6h,parlay_scientist,"Totally agree, When liquidity is relatively low, buying the narrative is ridiculously cheap. They aren't even trying to win the bet, they're just paying for the screenshot.","Totally agree, When liquidity is low, buying the narrative is ridiculously cheap. They aren't even trying to win the bet, they're just paying for the screenshot.",2026-08-12T19:00:58.663Z,cryptomarkets,2026-08-12T19:00:58.663Z,2026-08-12,2026-08-10,OPINION_OTHER,,False,,,,,,NOT_CHECKABLE,No crypto asset mentioned,NOT_SCORED,False,bitcoin,-0.24,1.78,1.78
t1_p3f0hzz,t3_1vmnb6h,crossdtherubicon,"Ideology, confirmation bias, latency of the news cycle, lack of local/regional knowledge, applying non-relevent variables to support a logic, etc.","Ideology, confirmation bias, latency of the news cycle, lack of local/regional knowledge, and non-relevent variables are challenges in logic writing.",2026-08-12T19:00:58.663Z,cryptomarkets,2026-08-12T19:00:58.663Z,2026-08-12,2026-08-10,OPINION_OTHER,,False,,,,,,NOT_CHECKABLE,No crypto asset mentioned,NOT_SCORED,False,bitcoin,-0.24,1.78,1.78
t1_p3ekd0x,t3_1vmnb6h,[deleted],Lack of clean data is exactly why these markets are still profitable for us. The Wall Street quants can't just auto-solve the chaos yet.,Lack of clean data is exactly why these markets are still profitable for us. The problem is not about cryptocurrency trends.,2026-08-12T19:00:58.663Z,cryptomarkets,2026-08-12T19:00:58.663Z,2026-08-12,2026-08-10,OPINION_OTHER,bitcoin,True,,,,,,NOT_CHECKABLE,bitcoin mentioned but no price direction or number,NOT_SCORED,False,bitcoin,-0.24,1.78,1.78
t1_p3qbg9r,t3_1vmnb6h,parlay_scientist,Lack of clean data is exactly why these markets are still profitable for us. The Wall Street quants can't just auto-solve the chaos yet.,Lack of clean data is exactly why these markets are still profitable for us. The problem is not about cryptocurrency trends.,2026-08-12T19:00:58.663Z,cryptomarkets,2026-08-12T19:00:58.663Z,2026-08-12,2026-08-10,OPINION_OTHER,bitcoin,True,,,,,,NOT_CHECKABLE,bitcoin mentioned but no price direction or number,NOT_SCORED,False,bitcoin,-0.24,1.78,1.78
t1_pcw1lak,t3_1wsyt1j,driverepin,"In a bear market that is the BTC we know, no matter how many Strategy buys","In a bear market that is the Bitcoin we know, no matter how many Strategy buys are made.",2026-09-29T02:56:58.678Z,bitcoin,2026-09-29T02:56:58.678Z,2026-09-29,2026-09-28,OPINION_OTHER,bitcoin,False,,,,,,NOT_CHECKABLE,bitcoin mentioned but no price direction or number,NOT_SCORED,False,bitcoin,0.15,2.12,3.37
t1_pcpqs84,t3_1wsyt1j,Synergiex,"They actually did. They even sold. People panic sold yet btc demand carried bad macro (ukraine war, iran war, tariff wars etc) , overall bad crypto sentiment (crypto winter, clarity failing,) strategy selling, rate hikes etc and over-performed pretty much everything (including ai, gold, etc. )","Bitcoin has faced significant downtrends due to macroeconomic factors, strategy selling, and negative sentiment. People panic sold and it over-performed pretty much everything.They actually did. 
Downtrend: Bitcoin.",2026-09-29T02:56:58.678Z,bitcoin,2026-09-29T02:56:58.678Z,2026-09-29,2026-09-28,TREND,bitcoin,False,DOWN,,FLAT,0.15,0.15,INCONCLUSIVE,"Claimed DOWN, market flat (+0.15%)",NOT_SCORED,False,bitcoin,0.15,2.12,3.37
t1_pcpq8e0,t3_1wsyt1j,Glittering-Local-147,Bitcoin doesn't give a fuck about strategy,Bitcoin shows that it doesn't give a fuck about strategy.,2026-09-29T02:56:58.678Z,bitcoin,2026-09-29T02:56:58.678Z,2026-09-29,2026-09-28,OPINION_OTHER,bitcoin,False,,,,,,NOT_CHECKABLE,bitcoin mentioned but no price direction or number,NOT_SCORED,False,bitcoin,0.15,2.12,3.37
t1_pcm2tpo,t3_1wsjrum,Fun-Analysis-182,"Good they got it back. Thing is, a white-hat getting there first is luck, not a plan. If you've got one of the affected Coldcards, sweep to a fresh seed on a known-good device now instead of hoping the next one gets returned.","Good they got it back. If you've got one of the affected Coldcards, consider transferring it to a known-good device instead of hoping the next one gets returned.",2026-09-28T16:44:49.615Z,bitcoin,2026-09-28T16:44:49.615Z,2026-09-28,2026-09-28,OPINION_OTHER,,False,,,,,,NOT_CHECKABLE,No crypto asset mentioned,NOT_SCORED,False,bitcoin,-1.13,2.84,2.2
t1_pcntk50,t3_1wsjrum,genius_retard,There is going to be a lot of people unable to prove they are the original holder of those coins.,There is going to be a challenge in proving ownership of these coins due to the scarcity and lack of proof.,2026-09-28T16:44:49.615Z,bitcoin,2026-09-28T16:44:49.615Z,2026-09-28,2026-09-28,OPINION_OTHER,,False,,,,,,NOT_CHECKABLE,No crypto asset mentioned,NOT_SCORED,False,bitcoin,-1.13,2.84,2.2
t1_pcmvilo,t3_1wsjrum,WeekendQuant,Yes especially if it's more than a whole coin. There can be strong confidence of coin ownership even if you take a few privacy hops.,Yes especially if it's more than a whole coin. There is strong confidence in crypto ownership despite privacy concerns.,2026-09-28T16:44:49.615Z,bitcoin,2026-09-28T16:44:49.615Z,2026-09-28,2026-09-28,OPINION_OTHER,bitcoin,True,,,,,,NOT_CHECKABLE,bitcoin mentioned but no price direction or number,NOT_SCORED,False,bitcoin,-1.13,2.84,2.2
t1_pcws9vl,t3_1wtn5p9,WeekendQuant,"AI will need Bitcoin to interact with humans as humans eventually give up dollars to AI to maintain control over AI with a printable asset.

If AI hoarded Bitcoin it could control humans with scarcity. It's good it prefers stablecoins.",If AI hoarded Bitcoin it could control humans with scarcity. It's good it prefers stablecoins.AI will need Bitcoin to interact with humans as humans eventually give up dollars to AI to maintain control over AI with a printable asset.,2026-09-29T21:45:52.487Z,bitcoin,2026-09-29T21:45:52.487Z,2026-09-29,2026-09-28,TREND,bitcoin,False,UP,,FLAT,0.15,0.15,INCONCLUSIVE,"Claimed UP, market flat (+0.15%)",NOT_SCORED,False,bitcoin,0.15,2.12,3.37
t1_pcx19vv,t3_1wtn5p9,GodzillaDoesntExist,"As I understand it, the argument for agents using Bitcoin is that it is an immutable ledger. The data produced from those transactions is of a higher quality and the agents that have better data will be more successful. Companies and individuals may force AI's to use stablecoins initially, but will switch to have a higher success rate. And when using an AI to generate revenue it doesn't make sense to generate said revenue in a deflationary currency.","As I understand it, the argument for agents using Bitcoin is that it is an immutable ledger that produces better data with a higher success rate. And when using an AI to generate revenue it doesn't make sense to generate said revenue in a deflationary currency. Companies and individuals may force AI's to use",2026-09-29T21:45:52.487Z,bitcoin,2026-09-29T21:45:52.487Z,2026-09-29,2026-09-28,TREND,bitcoin,False,UP,,FLAT,0.15,0.15,INCONCLUSIVE,"Claimed UP, market flat (+0.15%)",NOT_SCORED,False,bitcoin,0.15,2.12,3.37
t1_pcj8mui,t3_1ws83jn,2xfun,Here’s a crazy idea: use btc as a savings account and stop checking the price.,Here's a crazy idea: use btc as a savings account and stop checking the price.,2026-09-28T07:31:51.582Z,bitcoin,2026-09-28T07:31:51.582Z,2026-09-28,2026-09-28,OPINION_OTHER,bitcoin,False,,,,,,NOT_CHECKABLE,bitcoin mentioned but no price direction or number,NOT_SCORED,False,bitcoin,-1.13,2.84,2.2
t1_pcj8z0z,t3_1ws83jn,ZMetrics_net,"That’s totally valid. If you treat BTC purely as long-term savings and don’t care about checking the price, then this probably isn’t for you. ZMetrics is more aimed at people who like keeping an eye on the market regularly.","That's totally valid. If you treat Bitcoin as long-term savings and don’t care about checking the price, then this article isn't for you. ZMetrics is more aimed at people who like keeping an eye on the market regularly.",2026-09-28T07:31:51.582Z,bitcoin,2026-09-28T07:31:51.582Z,2026-09-28,2026-09-28,OPINION_OTHER,bitcoin,False,,,,,,NOT_CHECKABLE,bitcoin mentioned but no price direction or number,NOT_SCORED,False,bitcoin,-1.13,2.84,2.2
t1_pcj7qgr,t3_1ws83jn,HankScorpio2020,"There are a million of these that already exist and every ""altcoin"" that is not Bitcoin is total shit","There are a million of these that already exist and every ""altcoin"" that is not Bitcoin is total shit.",2026-09-28T07:31:51.582Z,bitcoin,2026-09-28T07:31:51.582Z,2026-09-28,2026-09-28,OPINION_OTHER,bitcoin,False,,,,,,NOT_CHECKABLE,bitcoin mentioned but no price direction or number,NOT_SCORED,False,bitcoin,-1.13,2.84,2.2
t1_pcxfd2l,t3_1wtmxfu,MansSearchForMeming,"A significant part of the value proposition is adoption, yes. This is true for all currencies.","A significant part of the value proposition is adoption, yes. This is true for all currencies.",2026-09-29T21:36:44.636Z,bitcoin,2026-09-29T21:36:44.636Z,2026-09-29,2026-09-28,OPINION_OTHER,,False,,,,,,NOT_CHECKABLE,No crypto asset mentioned,NOT_SCORED,False,bitcoin,0.15,2.12,3.37
t1_pcwhfxy,t3_1wtmxfu,big4slick20,"“Hey everyone and thanks for jumping back into the Cryptoverse. Today, we’re going to talk about Bitcoin…”",Bitcoin is the focus of today's discussion on the Cryptoverse.,2026-09-29T21:36:44.636Z,bitcoin,2026-09-29T21:36:44.636Z,2026-09-29,2026-09-28,OPINION_OTHER,bitcoin,False,,,,,,NOT_CHECKABLE,bitcoin mentioned but no price direction or number,NOT_SCORED,False,bitcoin,0.15,2.12,3.37
t1_pcvphtp,t3_1wtmxfu,ClickApprehensive191,"I like simply bitcoin. They don’t tell you what to do with your money and they are always bullish, but they are fun and have good guests",I like simply bitcoin.,2026-09-29T21:36:44.636Z,bitcoin,2026-09-29T21:36:44.636Z,2026-09-29,2026-09-28,TREND,bitcoin,False,UP,,FLAT,0.15,0.15,INCONCLUSIVE,"Claimed UP, market flat (+0.15%)",NOT_SCORED,False,bitcoin,0.15,2.12,3.37
t1_pcwuxef,t3_1wtmxfu,randallmauel,All the better.,All the better.,2026-09-29T21:36:44.636Z,bitcoin,2026-09-29T21:36:44.636Z,2026-09-29,2026-09-28,OPINION_OTHER,,False,,,,,,NOT_CHECKABLE,No crypto asset mentioned,NOT_SCORED,False,bitcoin,0.15,2.12,3.37
t1_pcvt56o,t3_1wtmxfu,DarrelXero,I still watch Kratter just to keep an eye on his his continued decent into madness. What Bitcoin Did is solid. For daily new Bitcoin And podcast isn't the worst.,I still watch Kratter just to keep an eye on his his continued decent into madness. What Bitcoin Did is solid.,2026-09-29T21:36:44.636Z,bitcoin,2026-09-29T21:36:44.636Z,2026-09-29,2026-09-28,OPINION_OTHER,bitcoin,False,,,,,,NOT_CHECKABLE,bitcoin mentioned but no price direction or number,NOT_SCORED,False,bitcoin,0.15,2.12,3.37
t1_pcwaseo,t3_1wtmxfu,deepSnit,This week in Bitcoin podcast,This week in Bitcoin podcast,2026-09-29T21:36:44.636Z,bitcoin,2026-09-29T21:36:44.636Z,2026-09-29,2026-09-28,OPINION_OTHER,bitcoin,False,,,,,,NOT_CHECKABLE,bitcoin mentioned but no price direction or number,NOT_SCORED,False,bitcoin,0.15,2.12,3.37
t1_pcwekf0,t3_1wtmxfu,notsafeatallforwork,"Not sure. I used to listen to Kratter but now he wants Bitcoin to fork or something. What Bitcoin Did is still good. All the others, including the ones you listed above are all propaganda.","Not sure. I used to listen to Kratter but now he wants Bitcoin to fork or something. What Bitcoin Did is still good. All the others, including the ones you listed above are all propaganda.",2026-09-29T21:36:44.636Z,bitcoin,2026-09-29T21:36:44.636Z,2026-09-29,2026-09-28,EVENT_NEWS,bitcoin,False,,,,,,NOT_CHECKABLE,bitcoin news/event - not checkable with price data,NOT_SCORED,False,bitcoin,0.15,2.12,3.37
t1_pcxqbuf,t3_1wtmxfu,bananabastard,"Even before BIP-110, Kratter was starting to become a serious FUD channel prior to that. From imo the best out there, to 90% FUD.","Even before BIP-110, Kratter was experiencing significant FUD, with a 90% negative sentiment rating. From imo the best out there, to 90% FUD.",2026-09-29T21:36:44.636Z,bitcoin,2026-09-29T21:36:44.636Z,2026-09-29,2026-09-28,OPINION_OTHER,,False,,,,,,NOT_CHECKABLE,No crypto asset mentioned,NOT_SCORED,False,bitcoin,0.15,2.12,3.37
t1_pcwghl3,t3_1wtmxfu,TitanicChurro,"I like that guy who runs Swan bitcoin. I've enjoyed a few of his videos on YouTube, but I don't watch any TA or influencer regularly.","I like that guy who runs Swan bitcoin. I've enjoyed a few of his videos on YouTube, but I don't watch any other cryptocurrency trends like this.",2026-09-29T21:36:44.636Z,bitcoin,2026-09-29T21:36:44.636Z,2026-09-29,2026-09-28,OPINION_OTHER,bitcoin,False,,,,,,NOT_CHECKABLE,bitcoin mentioned but no price direction or number,NOT_SCORED,False,bitcoin,0.15,2.12,3.37
t1_pcwpdew,t3_1wtmxfu,The_Realist02,I like Larry lepard and the group on bitcoin boomers (yeah..) as well as the Bitcoin layer. I don’t trade though.,I like Larry lepard and the group on bitcoin boomers (yeah..) as well as the Bitcoin layer. I don’t trade though.,2026-09-29T21:36:44.636Z,bitcoin,2026-09-29T21:36:44.636Z,2026-09-29,2026-09-28,OPINION_OTHER,bitcoin,False,,,,,,NOT_CHECKABLE,bitcoin mentioned but no price direction or number,NOT_SCORED,False,bitcoin,0.15,2.12,3.37
t1_pcx4fq2,t3_1wtmxfu,Lehcen,Bitcoin simply Dante. Ben cowen,Bitcoin is commonly referred to as Dante.,2026-09-29T21:36:44.636Z,bitcoin,2026-09-29T21:36:44.636Z,2026-09-29,2026-09-28,OPINION_OTHER,bitcoin,False,,,,,,NOT_CHECKABLE,bitcoin mentioned but no price direction or number,NOT_SCORED,False,bitcoin,0.15,2.12,3.37
t1_pcvuv0u,t3_1wtmxfu,theluckyowl,"Honestly none. I buy some everytime i get paid, tuck it away and forget about it.","Honestly none. I buy some everytime i get paid, tuck it away and forget about it.",2026-09-29T21:36:44.636Z,bitcoin,2026-09-29T21:36:44.636Z,2026-09-29,2026-09-28,OPINION_OTHER,,False,,,,,,NOT_CHECKABLE,No crypto asset mentioned,NOT_SCORED,False,bitcoin,0.15,2.12,3.37
t1_pcrtsj4,t3_1wsu04s,TheRadishBros,"All enthusiast communities are weird. A community that leans libertarian and security-conscious, with a bit of economic doomsday thrown in, will undoubtedly be even weirder.","All enthusiast communities are weird. A community that leans libertarian and security-conscious, with a bit of economic doomsday thrown in, will undoubtedly be even weirder.",2026-09-28T23:12:56.888Z,bitcoin,2026-09-28T23:12:56.888Z,2026-09-28,2026-09-28,OPINION_OTHER,,False,,,,,,NOT_CHECKABLE,No crypto asset mentioned,NOT_SCORED,False,bitcoin,-1.13,2.84,2.2
t1_pcpzxb4,t3_1wsu04s,Quirky-Reveal-1669,This is my fear too.,This is my fear too.,2026-09-28T23:12:56.888Z,bitcoin,2026-09-28T23:12:56.888Z,2026-09-28,2026-09-28,OPINION_OTHER,,False,,,,,,NOT_CHECKABLE,No crypto asset mentioned,NOT_SCORED,False,bitcoin,-1.13,2.84,2.2
t1_pcqx3rs,t3_1ws8jod,Straight-Sandwich-57,What’s the best way to educate myself on self custody of BTC & keeping it in hard wallets/cold storage. Thanks,What's the best way to educate myself on self custody of Bitcoin?,2026-09-28T08:00:34.598Z,bitcoin,2026-09-28T08:00:34.598Z,2026-09-28,2026-09-28,OPINION_OTHER,bitcoin,False,,,,,,NOT_CHECKABLE,bitcoin mentioned but no price direction or number,NOT_SCORED,False,bitcoin,-1.13,2.84,2.2
t1_pcjabq3,t3_1ws8jod,Nupezes8,Is it to late to buy Bitcoin in general? Am i late to this train already?,Is it to late to buy Bitcoin?,2026-09-28T08:00:34.598Z,bitcoin,2026-09-28T08:00:34.598Z,2026-09-28,2026-09-28,OPINION_OTHER,bitcoin,False,,,,,,NOT_CHECKABLE,bitcoin mentioned but no price direction or number,NOT_SCORED,False,bitcoin,-1.13,2.84,2.2
t1_pcjfch0,t3_1ws8jod,BrendanRodgersss,"People were asking if they were too late at $1k, $10k and $50k.

Nobody knows what happens from here, but ""am I too late?"" is probably the wrong question. The better question is whether you understand what you're buying well enough to sit through a nasty drawdown without panic selling.","People were asking if they were too late at $1k, $10k and $50k.Nobody knows what happens from here, but ""am I too late?"" is probably the wrong question. The better question is whether you understand what you're buying well enough to sit through a nasty drawdown",2026-09-28T08:00:34.598Z,bitcoin,2026-09-28T08:00:34.598Z,2026-09-28,2026-09-28,OPINION_OTHER,,False,,,,,,NOT_CHECKABLE,No crypto asset mentioned,NOT_SCORED,False,bitcoin,-1.13,2.84,2.2
t1_pcj9wgu,t3_1ws8jod,GondarHero,Besides the obvious why did bitcoin dropped in price at the beginning of this week while it usually dips on weekends?,"Bitcoin experienced a price drop at the start of this week, indicating a downtrend, while it usually dips on weekends.Besides the obvious why did bitcoin drop,",2026-09-28T08:00:34.598Z,bitcoin,2026-09-28T08:00:34.598Z,2026-09-28,2026-09-28,TREND,bitcoin,False,DOWN,,DOWN,-1.13,-1.13,VERIFIED,bitcoin was DOWN -1.13% over 1d,ACCURATE,True,bitcoin,-1.13,2.84,2.2
t1_pcpujph,t3_1wsk8t8,No_Purpose6384,"Dilution is inflation. Theoretically, the majority of nodes could decide to cancel halvings, or increase the 21M cap, etc","Dilution is inflation. Theoretically, nodes could decide to cancel halvings, increase the 21M cap, or decrease the 23M cap.",2026-09-28T17:02:02.072Z,bitcoin,2026-09-28T17:02:02.072Z,2026-09-28,2026-09-28,OPINION_OTHER,,False,,,,,,NOT_CHECKABLE,No crypto asset mentioned,NOT_SCORED,False,bitcoin,-1.13,2.84,2.2
t1_pctnuag,t3_1wsk8t8,sunsetreunion,"Any node operator can modify the underlying software to inflate bitcoin beyond 21 million. The problem is that other nodes likely won't agree to run the same code because the expansion of the monetary supply would dilute their own bitcoin holdings. The ability is there, but the consensus is not.","Any node operator can modify the underlying software to inflate Bitcoin beyond 21 million, but the consensus among nodes is not yet about how to do this effectively. The problem is that other nodes likely won't agree to run the same code because the expansion of the monetary supply would dilute their own bitcoin",2026-09-28T17:02:02.072Z,bitcoin,2026-09-28T17:02:02.072Z,2026-09-28,2026-09-28,OPINION_OTHER,bitcoin,False,,,,,,NOT_CHECKABLE,bitcoin mentioned but no price direction or number,NOT_SCORED,False,bitcoin,-1.13,2.84,2.2
t1_pcv7uf8,t3_1wsk8t8,No_Purpose6384,"Nodes enforce the rules, it’s essential that the rule enforcers have zero financial incentive.

If miners have any control then bitcoin is in deep trouble and then unmanageable since they have financial incentives to break rules, which of course leads to Spam, which is why now we have 44% of bitcoin transactions are spam","Bitcoin is currently experiencing a negative trend due to financial incentives from miners causing Spam.Nodes enforce the rules, it’s essential that the rule enforcers have zero financial incentive.If miners have financial incentives to break rules, then the system becomes unmanageable and leads to spam",2026-09-28T17:02:02.072Z,bitcoin,2026-09-28T17:02:02.072Z,2026-09-28,2026-09-28,TREND,bitcoin,False,DOWN,,DOWN,-1.13,-1.13,VERIFIED,bitcoin was DOWN -1.13% over 1d,ACCURATE,True,bitcoin,-1.13,2.84,2.2
t1_pcje3rv,t3_1ws90si,Ray567,In my opinion you should sell to cover the CC debt immediately and then DCA out both of your coins. You do not have the time nor the money to HODL during another low.,In my opinion you should sell to cover the CC debt and then DCA out both of your coins. You do not have the time nor the money to HODL during another low.,2026-09-28T08:30:12.744Z,bitcoin,2026-09-28T08:30:12.744Z,2026-09-28,2026-09-28,OPINION_OTHER,,False,,,,,,NOT_CHECKABLE,No crypto asset mentioned,NOT_SCORED,False,bitcoin,-1.13,2.84,2.2
t1_pcjdfzm,t3_1ws90si,neatly_brown_voltage,"Sounds like the move to southeast asia is the right call if you can handle the healthcare situation there and the visa runs. 2100/month goes a lot further in places like thailand or vietnam, but you'd need to budget for flights back occasionally and maybe private insurance since provincial coverage won't follow you.

The 0.00333 BTC monthly sell is basically a 25 year runway on one coin, which is not crazy at all if you think BTC trends up over that horizon. Just watch the tax side carefully, canada still wants its cut on capital gains even if you're non resident depending on how you structure your departure. Might be worth talking to a cross border accountant before you pull the trigger on leaving.

Also that 24k credit line creeping up is the thing that would keep me up at night, not the BTC. If rates stay high that debt compounds fast and eats whatever you're saving by moving abroad. Maybe sell a small chunk now to kill the credit line while BTC is up near 120, then start the monthly DCA after.","Bitcoin is experiencing a potential uptrend as it trends up over the long-term, with potential for further growth if it maintains its current trend.The 0.00333 BTC monthly sell is basically a 25 year runway on one coin, which is not crazy at all if you think BTC trends up",2026-09-28T08:30:12.744Z,bitcoin,2026-09-28T08:30:12.744Z,2026-09-28,2026-09-28,TREND,bitcoin,False,UP,,DOWN,-1.13,-1.13,CONTRADICTED,"Claimed UP, market DOWN -1.13%",INACCURATE,True,bitcoin,-1.13,2.84,2.2
t1_pcjgsun,t3_1ws90si,Turbulent-Land-5664,"Its bothering me more and more, however, the interest is 6.5% and some of that is leveraged into my BTC which has easily by far recovered the interest I have paid - and it has not always been this much. Also my car and TFSA will pay that off so it is covered.

The health insurance is too prohibitive, visas can be a pain, but I can get a 1 year retirement visa where I am going, and I've been there already and know all about that part of things.","The health insurance is too prohibitive, visas can be a pain, but I can get a 1 year retirement visa where I am going, and it has not always been this much. Also my car and TFSA will pay that off so it is covered.Its bothering me more and more, however,",2026-09-28T08:30:12.744Z,bitcoin,2026-09-28T08:30:12.744Z,2026-09-28,2026-09-28,OPINION_OTHER,bitcoin,False,,,,,,NOT_CHECKABLE,bitcoin mentioned but no price direction or number,NOT_SCORED,False,bitcoin,-1.13,2.84,2.2
t1_pcjgn37,t3_1ws90si,ErgoMogoFOMO,"Take out as many loans as possible. Buy Bitcoin with it and take into personal custody. Figure out how to travel safely with it.

Move to SEA, preferably to a country that will not extradite you back home, and begin ignoring all the debt collectors. Wait them out for as long possible. Collect your OAS and CPP and continue living frugally. You will make it out ok.",Take out as many loans as possible. Wait them out for as long possible. Buy Bitcoin with it and take into personal custody. Figure out how to travel safely with it. You will make it out ok.,2026-09-28T08:30:12.744Z,bitcoin,2026-09-28T08:30:12.744Z,2026-09-28,2026-09-28,OPINION_OTHER,bitcoin,False,,,,,,NOT_CHECKABLE,bitcoin mentioned but no price direction or number,NOT_SCORED,False,bitcoin,-1.13,2.84,2.2
t1_pckhqjo,t3_1ws90si,Usual-Restaurant-675,"This isn't going to be popular, but if you sell your btc and buy STRC in a tfsa, you will get the full 12% tax free - since its roc dividends the tfsa shelters your income gains and foreign tax doesn't apply to ROC.

That would double your monthly income and in theory protect your principle.

If you wanted income and growth exposure strk might be an option as well. That way you don't give away all the bitcoin upside.","This isn't going to be popular, but if you sell your btc and buy STRC in a tfsa, you will get the full 12% tax free, which could double your monthly income.
",2026-09-28T08:30:12.744Z,bitcoin,2026-09-28T08:30:12.744Z,2026-09-28,2026-09-28,OPINION_OTHER,bitcoin,False,,,,,,NOT_CHECKABLE,bitcoin mentioned but no price direction or number,NOT_SCORED,False,bitcoin,-1.13,2.84,2.2
t1_pckkvxs,t3_1ws90si,Turbulent-Land-5664,This is interesting. Are you telling me STRC is paying 12%? If I did sell the BTC it would definitely be used to maxx out the TFSA and in a way that provides supplemental income. As we age we do tend to want something more reliable and less risk. It only makes sense.,This is interesting. Are you telling me STRC is paying 12%? If I did sell the BTC it would definitely be used to maxx out the TFSA and provide supplemental income as people age. It only makes sense. As we age we do tend to want something more reliable and less risk.,2026-09-28T08:30:12.744Z,bitcoin,2026-09-28T08:30:12.744Z,2026-09-28,2026-09-28,OPINION_OTHER,bitcoin,False,,,,,,NOT_CHECKABLE,bitcoin mentioned but no price direction or number,NOT_SCORED,False,bitcoin,-1.13,2.84,2.2
t1_pckehp6,t3_1ws90si,Head_Work8441,"You have 2 BTC and you are almost 65, Best case scenario, if you survive till you are 75 and healthy( That is the main driving factor) If you are able to walk and talk till then, and you have your memory intact, I would say your 70s will be wonderful, I am happy for you that you have 2 BTC.

do not pass those onto your children, Just utilise them for your own benifit

I am mid 30s, I have around 0.4 BTC, I do not plan on growing that investment as of now because of my other expenses, I am planning to keep myself healthy and survive till 2065,

If in next 10 years BTC blows up and becomes a big asset type, We will win. If not, I will pull the plug and invest in something else.

but for now, I dont see anything else catching up right now.","Bitcoin is projected to remain a key investment for long-term survival and growth, with predictions of its eventual explosion into a significant asset type.
Uptrend: Bitcoin.",2026-09-28T08:30:12.744Z,bitcoin,2026-09-28T08:30:12.744Z,2026-09-28,2026-09-28,TREND,bitcoin,False,UP,,DOWN,-1.13,-1.13,CONTRADICTED,"Claimed UP, market DOWN -1.13%",INACCURATE,True,bitcoin,-1.13,2.84,2.2
t1_pcov886,t3_1ws90si,immersive-matthew,"I am a 53 yo Canadian living in Vietnam and have no issues being ripped off. Like I know there are scams and such here as there is everywhere, but this really has not been my living experience in nearly 4 years.

Sure, tourist attractions you can get ripped off, but day to day you get to know the ladies at the markets and build a relationship with them. I pay the same price as everyone else. In 4 years I have maybe been over charged $20 in total. Mostly $1 here or there once in a while as vendor who you have no relationship with.

I see that many here encourage you to sell your BTC, but you will regret it unless you are in a do or die situation then go for it as you got to live. That said, if you can find anyway to stretch it out a few more years, I suspect you will thank yourself as we really are in the knife’s edge of a global economic crash and gold and even more so BTC are going to see a lot of interest.

Add to this that Centralized anything of value is a sitting duck in the AI world. If you look at the graphs over time of big hacks, there is a very clear trend and it is accelerating. If you extend that trend into the future you will be alarmed as it does not look good. Centralized systems are going to become a liability and no longer a safe place to store value. This includes government stable coins as they are not decentralized.

The next wave of BTC adoption will not be voluntary but rather out of necessity as BTC is the biggest, most hack resistant network in the world and when you need to buy bread, no one will be using gold. Everyone in Asia is using QR to pay already so the switch to BTC will be a breeze although here in Vietnam it is illegal to use as payment (for now) but you can transfer into your bank account for a small tax fee of 0.1% of the amount you transfer. It will change as there will be no choice.

Feel free to DM if you like to learn more about my situation as maybe it will help.","The text discusses the potential for Bitcoin adoption in Vietnam as people increasingly turn to Bitcoin for payments amid a global economic crash, recognizing its security and potential as a safe store of value.

Uptrend: Bitcoin.",2026-09-28T08:30:12.744Z,bitcoin,2026-09-28T08:30:12.744Z,2026-09-28,2026-09-28,OPINION_OTHER,bitcoin,False,,,,,,NOT_CHECKABLE,bitcoin mentioned but no price direction or number,NOT_SCORED,False,bitcoin,-1.13,2.84,2.2
t1_pcr0e9d,t3_1ws90si,Gloomy_Tomatillo3948,"Never sell the bitcoin, do loans against it to buy STRC.","Never sell the bitcoin, do loans against it to buy STRC.",2026-09-28T08:30:12.744Z,bitcoin,2026-09-28T08:30:12.744Z,2026-09-28,2026-09-28,OPINION_OTHER,bitcoin,False,,,,,,NOT_CHECKABLE,bitcoin mentioned but no price direction or number,NOT_SCORED,False,bitcoin,-1.13,2.84,2.2
t1_pcr11ky,t3_1ws90si,Turbulent-Land-5664,"I have tried to investigate this but I do not understand it. I researched one place, they give you BTC and interest is also payable in BTC so as the value of your BTC grows so does your payment. I do want to understand themechanismbetter because more peoplearetalkingabout it, I just cant seem to wrap my brain around it.","I have tried to understand this concept but I just can't wrap my brain around it. I researched one place, they give you BTC and interest is also payable in BTC so as the value of your BTC grows so does your payment.",2026-09-28T08:30:12.744Z,bitcoin,2026-09-28T08:30:12.744Z,2026-09-28,2026-09-28,OPINION_OTHER,bitcoin,False,,,,,,NOT_CHECKABLE,bitcoin mentioned but no price direction or number,NOT_SCORED,False,bitcoin,-1.13,2.84,2.2
t1_pcl01xa,t3_1ws90si,Beneficial-Mood240,"Selling a fixed 0.00333 every month is the strongest part of this plan, because the fixed size means no month forces you to sell at a bad price, and your credit line gives you the rare option to flex the timing instead of the amount.","Selling a fixed 0.00333-per-month amount is a strong feature of this plan, offering flexibility in pricing decisions.",2026-09-28T08:30:12.744Z,bitcoin,2026-09-28T08:30:12.744Z,2026-09-28,2026-09-28,OPINION_OTHER,,False,,,,,,NOT_CHECKABLE,No crypto asset mentioned,NOT_SCORED,False,bitcoin,-1.13,2.84,2.2
t1_pckug9y,t3_1ws90si,tyweed220,"I think they mean move to a country like Indonesia where the cost of living is a fraction of Canada. You could live 20 years off your 2 BTC in a 3rd world country easily, and probably pretty comfortably.","I think they mean move to a country like Indonesia where the cost of living is significantly lower than Canada, and you could potentially live comfortably off your 2 BTC.",2026-09-28T08:30:12.744Z,bitcoin,2026-09-28T08:30:12.744Z,2026-09-28,2026-09-28,TREND,bitcoin,False,DOWN,,DOWN,-1.13,-1.13,VERIFIED,bitcoin was DOWN -1.13% over 1d,ACCURATE,True,bitcoin,-1.13,2.84,2.2
t1_pcmg6c4,t3_1ws90si,TrickReport2929,"This is a risky move, but could cover you for at least 2 years. Put half your Bitcoin in STRC (if Canada allows) and collect the return of capital dividends to help cover monthly expenses. Let the other half of your Bitcoin continue to grow. Once it doubles, move half of it to STRC and increase the amount of return of capital dividends you eventually collect.","This is a risky move, but could cover you for at least 2 years. Put half your Bitcoin in STRC (if Canada allows) and collect the return of capital dividends to help cover monthly expenses. Let the other half of your Bitcoin continue to grow. Once it doubles, move half of it",2026-09-28T08:30:12.744Z,bitcoin,2026-09-28T08:30:12.744Z,2026-09-28,2026-09-28,TREND,bitcoin,False,UP,,DOWN,-1.13,-1.13,CONTRADICTED,"Claimed UP, market DOWN -1.13%",INACCURATE,True,bitcoin,-1.13,2.84,2.2
t1_pcjusjo,t3_1ws90si,No-Woodpecker-6188,"I would definitely sell at least one of your coins. It might recover ATH but it could also crash. you don’t have the luxury of all in to a high risk investment. If it was me I’d sell both, I’m all aboard BTC but not with money that I can’t afford to lose.","I would definitely sell at least one of your coins. It might recover ATH but it could also crash. you don’t have the luxury of all in to a high risk investment. If it was me I’d sell both, I'm all aboard BTC but not with money that",2026-09-28T08:30:12.744Z,bitcoin,2026-09-28T08:30:12.744Z,2026-09-28,2026-09-28,OPINION_OTHER,bitcoin,False,,,,,,NOT_CHECKABLE,bitcoin mentioned but no price direction or number,NOT_SCORED,False,bitcoin,-1.13,2.84,2.2
t1_pcmnjdv,t3_1ws90si,Secret_Operative,Bitcoin retirement calc sites all seem ultra-optimistic even on the most conservative settings. Any I've tried all show outrageous predictions for my future.,Bitcoin retirement calc sites are notorious for offering optimistic predictions. Any I've tried all show outrageous predictions for my future.,2026-09-28T08:30:12.744Z,bitcoin,2026-09-28T08:30:12.744Z,2026-09-28,2026-09-28,OPINION_OTHER,bitcoin,False,,,,,,NOT_CHECKABLE,bitcoin mentioned but no price direction or number,NOT_SCORED,False,bitcoin,-1.13,2.84,2.2
t1_pck03f5,t3_1ws90si,Bubbly_Public5679,"Don't forget the exit tax. If you move away from Canada all your assets are deemed disposed and you'll owe capital gains on the bitcoin. 

If you don't pay can your pensions be withheld?",Don't forget the exit tax. If you move away from Canada all your assets are deemed disposed and you'll owe capital gains on the bitcoin.,2026-09-28T08:30:12.744Z,bitcoin,2026-09-28T08:30:12.744Z,2026-09-28,2026-09-28,OPINION_OTHER,bitcoin,False,,,,,,NOT_CHECKABLE,bitcoin mentioned but no price direction or number,NOT_SCORED,False,bitcoin,-1.13,2.84,2.2
t1_pcsx7rq,t3_1wt7xw2,Generationhodl,bearmarket right now.. watch what they will predict when we hit 120k and more in the next 12 months.,The text discusses the potential for Bitcoin and Ethereum to reach significant price milestones in the near future.bearmarket right now.. watch what they predict when we hit 120k and more in the next 12 months.,2026-09-29T11:47:32.023Z,bitcoin,2026-09-29T11:47:32.023Z,2026-09-29,2026-09-28,PREDICTION,bitcoin,False,,,,,,NOT_CHECKABLE,Price prediction (future-tense) - can't be scored at posting time,NOT_SCORED,False,bitcoin,0.15,2.12,3.37
t1_pcsy2s3,t3_1wt7xw2,Generationhodl,"I'm always bullish on bitcoin :D

bearmarkets always nice for building a bigger stack","I'm always bullish on Bitcoin, always appreciating its potential for building a bigger stack.",2026-09-29T11:47:32.023Z,bitcoin,2026-09-29T11:47:32.023Z,2026-09-29,2026-09-28,TREND,bitcoin,False,UP,,FLAT,0.15,0.15,INCONCLUSIVE,"Claimed UP, market flat (+0.15%)",NOT_SCORED,False,bitcoin,0.15,2.12,3.37
t1_pctv7eq,t3_1wt7xw2,JoeOpus,"Eh, that’s a stretch. Closer to 200k would fall in line with historical growth.

If that model breaks, great. But that’s what people are predicting if they think BTC is going past 190-200k prior to 2030","Bitcoin is projected to experience significant growth, with predictions of reaching closer to 200,000 by 2030.Eh, that’s a stretch. But that's what people are predicting if they think BTC is going past 190-200k prior to 2030.If that model breaks, great. Cl",2026-09-29T11:47:32.023Z,bitcoin,2026-09-29T11:47:32.023Z,2026-09-29,2026-09-28,PREDICTION,bitcoin,False,DOWN,,,,,NOT_CHECKABLE,Price prediction (future-tense) - can't be scored at posting time,NOT_SCORED,False,bitcoin,0.15,2.12,3.37
t1_pcwm70r,t3_1wt7xw2,b1mm3rl1f3,Probably their base case. It'll be much higher by then,Probably their base case. It'll be much higher by then,2026-09-29T11:47:32.023Z,bitcoin,2026-09-29T11:47:32.023Z,2026-09-29,2026-09-28,OPINION_OTHER,,False,,,,,,NOT_CHECKABLE,No crypto asset mentioned,NOT_SCORED,False,bitcoin,0.15,2.12,3.37
t1_pcsf1na,t3_1wt7xw2,Sierra_Forever,"The cycles are getting more and more muted. At most, I think we will see $250k. Realistically, I'm expecting $180k. Still pretty good returns if you're buying near the bottom.","The cycles are getting more and more muted. Realistically, I'm expecting $180k to $250k for Bitcoin investments, which are still pretty good returns.",2026-09-29T11:47:32.023Z,bitcoin,2026-09-29T11:47:32.023Z,2026-09-29,2026-09-28,NUMERIC_PRICE,bitcoin,False,,180000.0,,83622.43,,INACCURATE,"Claimed $180,000, bitcoin traded $82,739-$84,511 that day (off by 114.2%)",INACCURATE,True,bitcoin,0.15,2.12,3.37
t1_pcv23vu,t3_1wt7xw2,biggest_guru_in_town,"250k is still bullish as fuck, even 180k","250k is still bullish as fuck, even 180k is showing signs of a potential uptrend.",2026-09-29T11:47:32.023Z,bitcoin,2026-09-29T11:47:32.023Z,2026-09-29,2026-09-28,OPINION_OTHER,,False,,,,,,NOT_CHECKABLE,No crypto asset mentioned,NOT_SCORED,False,bitcoin,0.15,2.12,3.37
t1_pcs9wqb,t3_1wt7xw2,Lavayo,I feel like it's bearish too. On the one hand we did not make a similar move for the last 5 years considering the ATHs. On the other hand there is so much happening in the world rn and with BTC... There is potential for such growth. BTC is so small.,I feel like it's bearish too. On the other hand there is potential for growth with Bitcoin. BTC is so small.,2026-09-29T11:47:32.023Z,bitcoin,2026-09-29T11:47:32.023Z,2026-09-29,2026-09-28,TREND,bitcoin,False,DOWN,,FLAT,0.15,0.15,INCONCLUSIVE,"Claimed DOWN, market flat (+0.15%)",NOT_SCORED,False,bitcoin,0.15,2.12,3.37
t1_pcsihlm,t3_1wt7xw2,LiveSlay,"As per astrology, in 2029 BTC will reach astronomical valuations. Bookmark this. :) dont ask which astrology.",Bitcoin is predicted to reach astronomical valuations in 2029 according to astrology. Bookmark this.,2026-09-29T11:47:32.023Z,bitcoin,2026-09-29T11:47:32.023Z,2026-09-29,2026-09-28,OPINION_OTHER,bitcoin,False,,,,,,NOT_CHECKABLE,bitcoin mentioned but no price direction or number,NOT_SCORED,False,bitcoin,0.15,2.12,3.37
t1_pcv6pi7,t3_1wt7xw2,HumongousShard,"Bitcoin is trending towards Nasdaq-tier kind of returns, but at much higher risk","Bitcoin is trending towards Nasdaq-tier returns with higher risk, according to recent analysis.",2026-09-29T11:47:32.023Z,bitcoin,2026-09-29T11:47:32.023Z,2026-09-29,2026-09-28,TREND,bitcoin,False,UP,,FLAT,0.15,0.15,INCONCLUSIVE,"Claimed UP, market flat (+0.15%)",NOT_SCORED,False,bitcoin,0.15,2.12,3.37
t1_pcrvn3l,t3_1wt7xw2,MrGraveyards,"It is a conservative estimate if Bitcoin keeps behaving along it's current pattern. Could be more, could be less.","It is a conservative estimate if Bitcoin keeps behaving along it's current pattern. Could be more, could be less.",2026-09-29T11:47:32.023Z,bitcoin,2026-09-29T11:47:32.023Z,2026-09-29,2026-09-28,OPINION_OTHER,bitcoin,False,,,,,,NOT_CHECKABLE,bitcoin mentioned but no price direction or number,NOT_SCORED,False,bitcoin,0.15,2.12,3.37
t1_pcpnswc,t3_1wsrb3u,Lazy-Effect4222,"Yes. Solo miners hit rewards all the time even with small devices. But it’s extremely difficult, just join a pool.","Yes. Solo miners hit rewards all the time even with small devices. But it’s extremely difficult, just join a pool.",2026-09-28T21:20:13.993Z,bitcoin,2026-09-28T21:20:13.993Z,2026-09-28,2026-09-28,OPINION_OTHER,,False,,,,,,NOT_CHECKABLE,No crypto asset mentioned,NOT_SCORED,False,bitcoin,-1.13,2.84,2.2
t1_pcnwmyo,t3_1wsrb3u,OrangePillar,"You need a mining machine/operation. To generate any significant amount of bitcoin reliably, you will have to make a big investment. You can go to r/bitcoinmining for more info.","You need a mining machine and operations to reliably generate Bitcoin. To generate any significant amount of bitcoin reliably, you will have to make a significant investment. You can go to r/bitcoinmining for more info.",2026-09-28T21:20:13.993Z,bitcoin,2026-09-28T21:20:13.993Z,2026-09-28,2026-09-28,OPINION_OTHER,bitcoin,False,,,,,,NOT_CHECKABLE,bitcoin mentioned but no price direction or number,NOT_SCORED,False,bitcoin,-1.13,2.84,2.2
t1_pcolf4z,t3_1wsrb3u,No_Knee3385,There's plenty of information out there on this with one google search. But the days of efficiently mining bitcoin are over. It requires 10s of millions in startup costs and specific locations with low electricity to do this and that doesn't guarantee success,"There's plenty of information out there on how to efficiently mining Bitcoin, but it's not about cryptocurrency trends.",2026-09-28T21:20:13.993Z,bitcoin,2026-09-28T21:20:13.993Z,2026-09-28,2026-09-28,OPINION_OTHER,bitcoin,False,,,,,,NOT_CHECKABLE,bitcoin mentioned but no price direction or number,NOT_SCORED,False,bitcoin,-1.13,2.84,2.2
t1_pcqiitl,t3_1wsrb3u,SuperOrbital_Trading,"Unless you buy an ASIC for way too much money and then pay to have it hosted elsewhere where you can get $0.07/kwh electric rate BTC mining is completely unprofitable. If you just want a shot at solo mining a block and making 3.25 BTC all for yourself, I would look at something cheap like a Bitaxe. You just set this thing up, and let it run 24/7. Make no mistake, this is a sheer lotto play and will probably only every cost you money (initial cost plus small amount of electricity). But to me this is the only logical way of mining ATM. The other option is to mine a shit coin and convert to BTC, but again the fees, margins, and electric costs make this mostly unprofitable to maybe just not worth the time. Honestly, the best thing to do now is just DCA into BTC and treat it as a long term investment hold. It will cost you less per coin by a pretty wide margin and involve 99% less work.","The text discusses the profitability and cost of Bitcoin mining, emphasizing the long-term investment potential of this method. Make no mistake, this is a sheer lotto play and will probably only cost you money (initial cost plus small amount of electricity). But to me this is the only logical way of mining Bitcoin",2026-09-28T21:20:13.993Z,bitcoin,2026-09-28T21:20:13.993Z,2026-09-28,2026-09-28,TREND,bitcoin,False,UP,,DOWN,-1.13,-1.13,CONTRADICTED,"Claimed UP, market DOWN -1.13%",INACCURATE,True,bitcoin,-1.13,2.84,2.2
t1_pcsy8q7,t3_1wsrb3u,OfficialSimpleMining,"There are three real ways to do it. You can buy a Bitaxe and solo mine for the lottery ticket, but even a full size 270 TH/s miner averages one block about every 67 years solo. You can buy an ASIC and join a pool for steady small payouts, but on home power, ~$0.16–0.20/kWh, you'll usually lose money. Or you can host an ASIC at an industrial rate, $0.065–0.08/kWh, where an efficient machine currently produces BTC at roughly $33–48K per coin. If you don't want to deal with hardware at all, buying directly is simpler. If you want to actually earn sats at a profit, hosted is usually the best option.","There are three real ways to mine Bitcoin: You can buy an ASIC and join a pool for small payouts, or you can host an ASIC at an industrial rate for more profitable long-term mining. If you want to actually earn sats at a profit, hosted is usually the best option",2026-09-28T21:20:13.993Z,bitcoin,2026-09-28T21:20:13.993Z,2026-09-28,2026-09-28,OPINION_OTHER,bitcoin,False,,,,,,NOT_CHECKABLE,bitcoin mentioned but no price direction or number,NOT_SCORED,False,bitcoin,-1.13,2.84,2.2
t1_pcnygzs,t3_1wsrb3u,Reasonable_Switch_86,Unless btc is close to a million by next halving which isn’t realistic it won’t be worth it for the big players to mine anymore let alone a solo miner,"Unless btc is close to a million by the next halving, it's unlikely that mining will be profitable for large players.",2026-09-28T21:20:13.993Z,bitcoin,2026-09-28T21:20:13.993Z,2026-09-28,2026-09-28,OPINION_OTHER,bitcoin,False,,,,,,NOT_CHECKABLE,bitcoin mentioned but no price direction or number,NOT_SCORED,False,bitcoin,-1.13,2.84,2.2
t1_pco4ow6,t3_1wsrb3u,rwilley71,It takes about $3500 to mine $5000 worth of bitcoin…..,"It takes about $3500 to mine $5000 worth of bitcoin, demonstrating the labor intensive nature of the cryptocurrency mining sector.",2026-09-28T21:20:13.993Z,bitcoin,2026-09-28T21:20:13.993Z,2026-09-28,2026-09-28,OPINION_OTHER,bitcoin,False,,,,,,NOT_CHECKABLE,bitcoin mentioned but no price direction or number,NOT_SCORED,False,bitcoin,-1.13,2.84,2.2
t1_pcsjowo,t3_1wt95yf,powerbone,"Understanding private key ownership is critical; if you do not hold $BTC keys, you do not actually control the coins.","Understanding private key ownership is critical for understanding cryptocurrency trends. 
Uptrend: Bitcoin.",2026-09-29T12:46:14.201Z,bitcoin,2026-09-29T12:46:14.201Z,2026-09-29,2026-09-28,TREND,bitcoin,False,UP,,FLAT,0.15,0.15,INCONCLUSIVE,"Claimed UP, market flat (+0.15%)",NOT_SCORED,False,bitcoin,0.15,2.12,3.37
t1_pcs3j1f,t3_1wt95yf,JTadster,"Keep most of your stats in a cold wallet, and just keep stacking stats, don’t sell until you have more than a whole bitcoin, and just sell the excess stats if you really have to. Generally keep holding.","Keep most of your stats in a cold wallet, and just keep stacking stats, don’t sell until you have more than a whole bitcoin. Generally keep holding.",2026-09-29T12:46:14.201Z,bitcoin,2026-09-29T12:46:14.201Z,2026-09-29,2026-09-28,OPINION_OTHER,bitcoin,False,,,,,,NOT_CHECKABLE,bitcoin mentioned but no price direction or number,NOT_SCORED,False,bitcoin,0.15,2.12,3.37
t1_pcsfmih,t3_1wt95yf,l_tonz,"learn about transactions, blocks and probably the math behind what makes secure ( Digital Signatures via ECDSA) after that you can branch out to mining and consensus. or you can learn these in reverse order.","learn about transactions, blocks and the math behind what makes secure digital signatures, starting with ECDSA. or you can learn these in reverse order.",2026-09-29T12:46:14.201Z,bitcoin,2026-09-29T12:46:14.201Z,2026-09-29,2026-09-28,OPINION_OTHER,,False,,,,,,NOT_CHECKABLE,No crypto asset mentioned,NOT_SCORED,False,bitcoin,0.15,2.12,3.37
t1_pcsqpo7,t3_1wt95yf,irkish,Your bitcoin is not actually in your wallet.,Your bitcoin is not actually in your wallet.,2026-09-29T12:46:14.201Z,bitcoin,2026-09-29T12:46:14.201Z,2026-09-29,2026-09-28,OPINION_OTHER,bitcoin,False,,,,,,NOT_CHECKABLE,bitcoin mentioned but no price direction or number,NOT_SCORED,False,bitcoin,0.15,2.12,3.37
t1_pct1bq3,t3_1wt95yf,Codify-The-Preamble,You will never generate wealth through Bitcoin.,You will never generate wealth through Bitcoin.,2026-09-29T12:46:14.201Z,bitcoin,2026-09-29T12:46:14.201Z,2026-09-29,2026-09-28,OPINION_OTHER,bitcoin,False,,,,,,NOT_CHECKABLE,bitcoin mentioned but no price direction or number,NOT_SCORED,False,bitcoin,0.15,2.12,3.37
t1_pctd0q0,t3_1wt95yf,btccyclecockpit,"Never give away your seed Phrase to anyone.
Max supply 21 mio. 20 mio already mined.only one Million left.
There are not enough Bitcoins for every millionaire to own just one",There are not enough Bitcoins for every millionaire to own just one,2026-09-29T12:46:14.201Z,bitcoin,2026-09-29T12:46:14.201Z,2026-09-29,2026-09-28,OPINION_OTHER,,False,,,,,,NOT_CHECKABLE,No crypto asset mentioned,NOT_SCORED,False,bitcoin,0.15,2.12,3.37
t1_pctnaaz,t3_1wt95yf,sockdisorder,Bitcoin will probably fall in price the day after you buy some.,Bitcoin is likely to experience a price decline the day after you buy it.,2026-09-29T12:46:14.201Z,bitcoin,2026-09-29T12:46:14.201Z,2026-09-29,2026-09-28,TREND,bitcoin,False,DOWN,,FLAT,0.15,0.15,INCONCLUSIVE,"Claimed DOWN, market flat (+0.15%)",NOT_SCORED,False,bitcoin,0.15,2.12,3.37
t1_pcvl1w0,t3_1wt95yf,FehdmanKhassad,"China banning it, Trump endorsing it or not, US financial system giving it the green light or no, bitcoin cares not.","Bitcoin cares not about cryptocurrency regulations.China banning it, Trump endorsing it, the US financial system giving it the green light or no, bitcoin remains optimistic about its future.",2026-09-29T12:46:14.201Z,bitcoin,2026-09-29T12:46:14.201Z,2026-09-29,2026-09-28,OPINION_OTHER,bitcoin,False,,,,,,NOT_CHECKABLE,bitcoin mentioned but no price direction or number,NOT_SCORED,False,bitcoin,0.15,2.12,3.37
t1_pcsk25k,t3_1wt95yf,ir88ed,Totally disagree with this take.,Totally disagree with this take.,2026-09-29T12:46:14.201Z,bitcoin,2026-09-29T12:46:14.201Z,2026-09-29,2026-09-28,OPINION_OTHER,,False,,,,,,NOT_CHECKABLE,No crypto asset mentioned,NOT_SCORED,False,bitcoin,0.15,2.12,3.37
t1_pckvfle,t3_1wsfk3m,TCr0wn,Yes. But some important context: every bear market has been the shallowest on record.,Yes. But some important context: every bear market has been the shallowest on record.,2026-09-28T14:05:51.074Z,bitcoin,2026-09-28T14:05:51.074Z,2026-09-28,2026-09-28,OPINION_OTHER,,False,,,,,,NOT_CHECKABLE,No crypto asset mentioned,NOT_SCORED,False,bitcoin,-1.13,2.84,2.2
t1_pckzahe,t3_1wsfk3m,TCr0wn,It is trending that way for now. I expect Bitcoin to break that model eventually as it’s done with every model in the past.,Bitcoin is trending towards breaking away from the current consensus model that it shares with Ethereum.It is trending that way for now. I expect Bitcoin to break that model eventually as it’s done with every model in the past.,2026-09-28T14:05:51.074Z,bitcoin,2026-09-28T14:05:51.074Z,2026-09-28,2026-09-28,OPINION_OTHER,bitcoin,False,,,,,,NOT_CHECKABLE,bitcoin mentioned but no price direction or number,NOT_SCORED,False,bitcoin,-1.13,2.84,2.2
t1_pcld18b,t3_1wsfk3m,meat-head,"I disagree. It’s becoming apparent that the debt spiral and the debasement is likely accelerating. In that scenario, the 1% will want a hedge for eventual collapse. I would expect them to allocate some non-zero amount as the collapse odds/timing progress.

Put another way, they don’t mind benefiting from the current structure AND insuring against the inevitable transition.","I disagree. It's becoming apparent that the debt spiral and the debasement is likely accelerating, and the 1% will want to hedge against the eventual collapse.Put another way, they don’t mind benefiting from the current structure AND insuring against the inevitable transition. I would expect them to",2026-09-28T14:05:51.074Z,bitcoin,2026-09-28T14:05:51.074Z,2026-09-28,2026-09-28,OPINION_OTHER,,False,,,,,,NOT_CHECKABLE,No crypto asset mentioned,NOT_SCORED,False,bitcoin,-1.13,2.84,2.2
t1_pclell3,t3_1wsfk3m,ReliantToker,Bitcoin is majority held by retail. It function exactly opposite of what you are presenting.,Bitcoin is majority held by retail. It function exactly opposite of what you are presenting.,2026-09-28T14:05:51.074Z,bitcoin,2026-09-28T14:05:51.074Z,2026-09-28,2026-09-28,OPINION_OTHER,bitcoin,False,,,,,,NOT_CHECKABLE,bitcoin mentioned but no price direction or number,NOT_SCORED,False,bitcoin,-1.13,2.84,2.2
t1_pckzb8z,t3_1wsfk3m,Imhazmb,"You’re leaving out the most important context - this is following a comparably even shallower (though maybe not shorter?) bull market, not even 2x the previous bull market high. You need a rush of insane buying to push the price high enough to allow for an 80% fall. We never got that.","You’re leaving out the most important context - this is following a comparably even shallower (though maybe not shorter) bull market, not even 2x the previous bull market high. You need a rush of insane buying to push the price high enough to allow for an 80% fall",2026-09-28T14:05:51.074Z,bitcoin,2026-09-28T14:05:51.074Z,2026-09-28,2026-09-28,OPINION_OTHER,,False,,,,,,NOT_CHECKABLE,No crypto asset mentioned,NOT_SCORED,False,bitcoin,-1.13,2.84,2.2
t1_pcoj2mc,t3_1wsfk3m,wisteriacat1,"I believe psychology will break this trend, as more and more people buying Bitcoin is very convicted that it will only go up.

What this looks like is,
In the year 20XX,
Low conviction, indivdual lifestyle buyers will be selling only .001s, and .01s of bitcoins, and not multiples of 1, 10, or 100.
A the same time, corporations may be funneling all incomming investment capital into Bitcoin purchasing 10s and 100s of bitcoin.

I believe this disparity is caused by the informed Big Buyer (Countries, CEOs, Industries) knowing the power of holding as much BTC as you can
As compared to the small seller, who is only buying and selling to retire or make a quick buck as the word of ""number go up"" is an easy pitch for gamblers, who have zero long term investments.","More and more people are buying Bitcoin with conviction that it will only go up, as informed and large corporations funnel investment capital into it.
Uptrend: Bitcoin.",2026-09-28T14:05:51.074Z,bitcoin,2026-09-28T14:05:51.074Z,2026-09-28,2026-09-28,TREND,bitcoin,False,UP,,DOWN,-1.13,-1.13,CONTRADICTED,"Claimed UP, market DOWN -1.13%",INACCURATE,True,bitcoin,-1.13,2.84,2.2
t1_pcon3xv,t3_1wsfk3m,_DaBau5_,"what does that have to do with anything? countries or industries buying bitcoin would push the price up and if they are aiming to hold as much as they can then that would imply they aren’t selling. today alone there was 500,000 bitcoin bought/sold in volume. 100s of bitcoin is just a drop in the bucket of daily volume. countries buying or industries buying/selling doesn’t mean the returns won’t diminish overtime or that drawdowns won’t diminish either in correlation. the larger it becomes the less volatile it will be","Bitcoin is experiencing a positive trend as indicated by countries and industries buying and selling, indicating increased volume and potential price increases.what does that have to do with anything? countries or industries buying bitcoin would push the price up, indicating they are holding it as long as possible. the larger it becomes the",2026-09-28T14:05:51.074Z,bitcoin,2026-09-28T14:05:51.074Z,2026-09-28,2026-09-28,TREND,bitcoin,False,UP,,DOWN,-1.13,-1.13,CONTRADICTED,"Claimed UP, market DOWN -1.13%",INACCURATE,True,bitcoin,-1.13,2.84,2.2
t1_pckynno,t3_1wsfk3m,BullMarketGolf,"Exactly. Trust me I am VERY long Bitcoin but there was no blow off top, so I didn’t expect another 80% draw down.","Bitcoin experienced a slight decline but there was no significant blow off top, as expected.Exactly. Trust me I am VERY long Bitcoin.",2026-09-28T14:05:51.074Z,bitcoin,2026-09-28T14:05:51.074Z,2026-09-28,2026-09-28,TREND,bitcoin,False,DOWN,,DOWN,-1.13,-1.13,VERIFIED,bitcoin was DOWN -1.13% over 1d,ACCURATE,True,bitcoin,-1.13,2.84,2.2
t1_pco87u8,t3_1wsfk3m,Topspeed_PT,"Ya, thats why holding is a bad strategy when we know about 4y cycle. It has worked so far.","Ya, thats why holding is a bad strategy when we know about 4y cycle.",2026-09-28T14:05:51.074Z,bitcoin,2026-09-28T14:05:51.074Z,2026-09-28,2026-09-28,OPINION_OTHER,,False,,,,,,NOT_CHECKABLE,No crypto asset mentioned,NOT_SCORED,False,bitcoin,-1.13,2.84,2.2
t1_pckxftq,t3_1wsfk3m,NashDaypring1987,Does that mean the bull market will be weak as well. $150k next run then back down to $80k?????,Does that mean the bull market will weaken as well. $150k next run then back down to $80k?????,2026-09-28T14:05:51.074Z,bitcoin,2026-09-28T14:05:51.074Z,2026-09-28,2026-09-28,OPINION_OTHER,,False,,,,,,NOT_CHECKABLE,No crypto asset mentioned,NOT_SCORED,False,bitcoin,-1.13,2.84,2.2
t1_pckyno7,t3_1wsfk3m,Mageant,"Possibly, but Bitcoin might surprise us.

It's possible that the AI Boom dampened the last Bull cycle, because of the lack of institutional money.","It's possible that the AI Boom dampened the last Bull cycle, because of the lack of institutional money.Possibly, but Bitcoin might surprise us.",2026-09-28T14:05:51.074Z,bitcoin,2026-09-28T14:05:51.074Z,2026-09-28,2026-09-28,OPINION_OTHER,bitcoin,False,,,,,,NOT_CHECKABLE,bitcoin mentioned but no price direction or number,NOT_SCORED,False,bitcoin,-1.13,2.84,2.2
t1_pcl43j9,t3_1wsfk3m,CaltonSmith,Bitcoin is Money Bro.,Bitcoin is Money Bro.,2026-09-28T14:05:51.074Z,bitcoin,2026-09-28T14:05:51.074Z,2026-09-28,2026-09-28,OPINION_OTHER,bitcoin,False,,,,,,NOT_CHECKABLE,bitcoin mentioned but no price direction or number,NOT_SCORED,False,bitcoin,-1.13,2.84,2.2
t1_pcrcm3q,t3_1wsfk3m,greglogan84,"The part I find more interesting isn’t whether we can officially call the bear market “over.”

It’s that the percentage drawdowns seem to be changing as Bitcoin matures.

If this cycle really stays shallower, the question becomes whether that’s a structural change in the market or just something unique to this cycle.

Probably too early to know, but that’s a much more interesting question than trying to call the exact bottom.","The part I find more interesting isn’t whether we can officially call the bear market “over,” but rather how Bitcoin's percentage drawdowns are changing as it matures.

Downtrend: Bitcoin.",2026-09-28T14:05:51.074Z,bitcoin,2026-09-28T14:05:51.074Z,2026-09-28,2026-09-28,TREND,bitcoin,False,DOWN,,DOWN,-1.13,-1.13,VERIFIED,bitcoin was DOWN -1.13% over 1d,ACCURATE,True,bitcoin,-1.13,2.84,2.2
t1_pcl70m9,t3_1wsfk3m,ilovesaintpaul,"Bitcoin maxi here. It ain't over. I don't think we're going to see the 50k's, but definitely the low 70k's again. I'm DCAing regardless.","Bitcoin maxi here. I don't think we're going to see the 50k's, but definitely the low 70k's again. I'm DCAing regardless. It ain't over.",2026-09-28T14:05:51.074Z,bitcoin,2026-09-28T14:05:51.074Z,2026-09-28,2026-09-28,PREDICTION,bitcoin,False,,,,,,NOT_CHECKABLE,Price prediction (future-tense) - can't be scored at posting time,NOT_SCORED,False,bitcoin,-1.13,2.84,2.2
t1_pco83xg,t3_1wsfk3m,Subject-Chest-8343,"That would actually mean the bear market is already over... We've already seen a higher high than the may rally, and then low 70s would be a higher low","That would actually mean the bear market is already over... We've already seen a higher high than the may rally, and then low 70s would indicate a higher low.",2026-09-28T14:05:51.074Z,bitcoin,2026-09-28T14:05:51.074Z,2026-09-28,2026-09-28,OPINION_OTHER,,False,,,,,,NOT_CHECKABLE,No crypto asset mentioned,NOT_SCORED,False,bitcoin,-1.13,2.84,2.2
t1_pclpfli,t3_1wsfk3m,macetheface,"The top didn't make any sense. So why should the bottom?

All the 'Bitcoin has done this X amount of times forever' predictions and indicators have gone out the window.","The top didn't make any sense. So why should the bottom? 
Uptrend: Bitcoin.",2026-09-28T14:05:51.074Z,bitcoin,2026-09-28T14:05:51.074Z,2026-09-28,2026-09-28,TREND,bitcoin,False,UP,,DOWN,-1.13,-1.13,CONTRADICTED,"Claimed UP, market DOWN -1.13%",INACCURATE,True,bitcoin,-1.13,2.84,2.2
t1_pckwz36,t3_1wsfk3m,Revelati123,Bitcoin only needs to get to 88k by jan 1st and 2026 will be green.,Bitcoin only needs to reach 88k by jan 1st and 2026 will be green.,2026-09-28T14:05:51.074Z,bitcoin,2026-09-28T14:05:51.074Z,2026-09-28,2026-09-28,PREDICTION,bitcoin,False,,,,,,NOT_CHECKABLE,Price prediction (future-tense) - can't be scored at posting time,NOT_SCORED,False,bitcoin,-1.13,2.84,2.2
t1_pckwksz,t3_1wsfk3m,Anxious-Resident9674,"Not surprising, the giant Bitcoin swings we’ve seen before continue to stabilize over time","Not surprising, the giant Bitcoin swings we’ve seen before continue to stabilize over time.",2026-09-28T14:05:51.074Z,bitcoin,2026-09-28T14:05:51.074Z,2026-09-28,2026-09-28,OPINION_OTHER,bitcoin,False,,,,,,NOT_CHECKABLE,bitcoin mentioned but no price direction or number,NOT_SCORED,False,bitcoin,-1.13,2.84,2.2
t1_pcmgl6f,t3_1wsfk3m,No-Confusion4519,"If that was the whole bear market, Bitcoin definitely didn’t follow the old script this time 😅 Curious to see whether that actually holds.","Bitcoin appears to have defied the old bear market script this time around. Curious to see whether that actually holds.If that was the whole bear market,",2026-09-28T14:05:51.074Z,bitcoin,2026-09-28T14:05:51.074Z,2026-09-28,2026-09-28,OPINION_OTHER,bitcoin,False,,,,,,NOT_CHECKABLE,bitcoin mentioned but no price direction or number,NOT_SCORED,False,bitcoin,-1.13,2.84,2.2
t1_pcmxq4d,t3_1wsfk3m,number0l,They will only get shorter. That’s how we will have $1m bitcoin very soon.,They will only get shorter. That’s how we could potentially reach $1m bitcoin very soon.,2026-09-28T14:05:51.074Z,bitcoin,2026-09-28T14:05:51.074Z,2026-09-28,2026-09-28,PREDICTION,bitcoin,False,,,,,,NOT_CHECKABLE,Price prediction (future-tense) - can't be scored at posting time,NOT_SCORED,False,bitcoin,-1.13,2.84,2.2
t1_pcq6w2p,t3_1wsfk3m,beckermanman,Soon it will never be a bear market. Bitcoin will only forever go up. The bear market will mean it only goes up 1% in a year. Eventually it’ll be like 50 billion dollars a coin,"Bitcoin is guaranteed to forever go up, despite the occasional bearish trend.Soon it will never be a bear market. The bear market will mean it only goes up 1% in a year. Bitcoin will always go up. Eventually it’ll be like 50 billion dollars a coin",2026-09-28T14:05:51.074Z,bitcoin,2026-09-28T14:05:51.074Z,2026-09-28,2026-09-28,OPINION_OTHER,bitcoin,False,,,,,,NOT_CHECKABLE,bitcoin mentioned but no price direction or number,NOT_SCORED,False,bitcoin,-1.13,2.84,2.2
t1_pcrvxta,t3_1wsfk3m,NeatAttention272,I'm buying again after war Bitcoin will break records but ups and downs coming,"Bitcoin is expected to break records and experience significant ups and downs, according to recent analyses. 
Uptrend: Bitcoin.",2026-09-28T14:05:51.074Z,bitcoin,2026-09-28T14:05:51.074Z,2026-09-28,2026-09-28,TREND,bitcoin,False,UP,,DOWN,-1.13,-1.13,CONTRADICTED,"Claimed UP, market DOWN -1.13%",INACCURATE,True,bitcoin,-1.13,2.84,2.2
t1_pcu6wuo,t3_1wsfk3m,Corey_Blake,"I think this low is in. aug 30 btc got back to the 50 week ema, and the week ending sep 20 was the first weekly close above it. 2015 and 2023 are the resolved cases after weekly oversold, and neither made a lower low after. you get there late tho, typically 30% to 65% above the low, so it doesnt feel like a bottom on the day it shows up","Bitcoin has shown signs of recovery after a weekly oversold case, with the week ending sep 20 being the first weekly close above the 50 week ema, indicating a potential bottom. you get there late tho, typically 30% to 65% above the low, so it doesnt feel like a bottom",2026-09-28T14:05:51.074Z,bitcoin,2026-09-28T14:05:51.074Z,2026-09-28,2026-09-28,OPINION_OTHER,bitcoin,False,,,,,,NOT_CHECKABLE,bitcoin mentioned but no price direction or number,NOT_SCORED,False,bitcoin,-1.13,2.84,2.2
t1_pcl0kfo,t3_1wsfk3m,cu4tro,That's a big IF.,That's a big IF.,2026-09-28T14:05:51.074Z,bitcoin,2026-09-28T14:05:51.074Z,2026-09-28,2026-09-28,OPINION_OTHER,,False,,,,,,NOT_CHECKABLE,No crypto asset mentioned,NOT_SCORED,False,bitcoin,-1.13,2.84,2.2
t1_pclhylr,t3_1wsfk3m,nestaa13,"Bitcoin is maturing. The bear market is shorter and less bloody. On the other hand the bull market will also be like this with lower ATH’s. And one day the price will be kind of stabil, like gold, and will rise maturily (sorry for broken English)","Bitcoin is maturing and is expected to experience a positive trend as its price stabilizes. The bear market is shorter and less bloody. On the other hand the bull market will also be like this with lower ATH’s. And one day the price will be kind of stabil, like gold,",2026-09-28T14:05:51.074Z,bitcoin,2026-09-28T14:05:51.074Z,2026-09-28,2026-09-28,OPINION_OTHER,bitcoin,False,,,,,,NOT_CHECKABLE,bitcoin mentioned but no price direction or number,NOT_SCORED,False,bitcoin,-1.13,2.84,2.2
t1_pcmt3zp,t3_1wsfk3m,CyanDew,"if i’m not mistaken, Bitcoin went from 15K - 125K during a long period of contraction, so I am hopeful for something great now when we have been in expansion for more than 7 months.

shallow bear followed by a massive bull would be something that many people would have their eyes on, especially if that AI bubble pops and everyone is in shambles regarding where to put their money.","Bitcoin is experiencing a positive trend with potential for significant growth following a period of contraction. 
Uptrend: Bitcoin.",2026-09-28T14:05:51.074Z,bitcoin,2026-09-28T14:05:51.074Z,2026-09-28,2026-09-28,TREND,bitcoin,False,UP,,DOWN,-1.13,-1.13,CONTRADICTED,"Claimed UP, market DOWN -1.13%",INACCURATE,True,bitcoin,-1.13,2.84,2.2
t1_pcurgw0,t3_1wtjit5,FewUnderstanding2214,You could’ve used that money to buy real bitcoin,You could’ve used that money to buy real bitcoin.,2026-09-29T19:25:02.040Z,bitcoin,2026-09-29T19:25:02.040Z,2026-09-29,2026-09-28,OPINION_OTHER,bitcoin,False,,,,,,NOT_CHECKABLE,bitcoin mentioned but no price direction or number,NOT_SCORED,False,bitcoin,0.15,2.12,3.37
t1_pcuww1b,t3_1wtjit5,Financial-Milk-7488,BTC CEO announces major sales increase after Bitcoin water product line released. Major win for BTC.,Bitcoin sees a major sales increase due to the release of a new water product line. Major win for BTC.,2026-09-29T19:25:02.040Z,bitcoin,2026-09-29T19:25:02.040Z,2026-09-29,2026-09-28,TREND,bitcoin,False,UP,,FLAT,0.15,0.15,INCONCLUSIVE,"Claimed UP, market flat (+0.15%)",NOT_SCORED,False,bitcoin,0.15,2.12,3.37
t1_pcuybzv,t3_1wtjit5,NewSeaworthiness8814,"Damn dude. Bummer to buy this, post it on the relevant subreddit where you’d expect people to be excited for you, and you’re getting dragged lmfao","Damn dude. Bummer to buy this, post it on the relevant subreddit where you’d expect people to be excited for you, and get dragged lmfao",2026-09-29T19:25:02.040Z,bitcoin,2026-09-29T19:25:02.040Z,2026-09-29,2026-09-28,OPINION_OTHER,,False,,,,,,NOT_CHECKABLE,No crypto asset mentioned,NOT_SCORED,False,bitcoin,0.15,2.12,3.37
t1_pcu9f5g,t3_1wtau5y,Ok-Pea4148,"All these answers are incorrect. The true reason is that some miners default to getting rid of transactions paying less than 1 sat/vB because considered spam. This is for example the default behavior of bitcoin core. Therefore, my full node also does not have sub 1 sat/vB transactions in its mempool.

So btc.com actually put in the block all transactions in their mempool at the time when they mined this block. They emptied their mempool into the new block, this was not enough to fill the block, and so they broadcasted it as is. You will notice that the lowest paying transactions in their block is exactly 1 sat/vB

Honestly, I think all miners should do the same as to force people to pay a minimum. 1 sat/vB is really cheap. People broadcasting transactions paying 0.4 sat/vB are just being greedy","All these answers are incorrect. Bitcoin's transaction fees are set at 1 sat/vB, and miners should enforce this minimum as a principle for all transactions. 
",2026-09-29T13:57:59.524Z,bitcoin,2026-09-29T13:57:59.524Z,2026-09-29,2026-09-28,OPINION_OTHER,bitcoin,False,,,,,,NOT_CHECKABLE,bitcoin mentioned but no price direction or number,NOT_SCORED,False,bitcoin,0.15,2.12,3.37
t1_pctfqcj,t3_1wtau5y,gydu2202,"That's not how it works. You need the bus with the exact list of passengers to solve the puzzl, and there are lots of passengers waiting. All the time.","That's not how it works. You need the bus with the exact list of passengers to solve the puzzl, and there are lots of passengers waiting.",2026-09-29T13:57:59.524Z,bitcoin,2026-09-29T13:57:59.524Z,2026-09-29,2026-09-28,OPINION_OTHER,,False,,,,,,NOT_CHECKABLE,No crypto asset mentioned,NOT_SCORED,False,bitcoin,0.15,2.12,3.37
t1_pcsj2fl,t3_1wtau5y,Both_Formal_500,there are thousands of transactions waiting in to be in block. ideally you just pick the top 5000 by sat/vb ones and start your computions. is there a reason they are choosing to pick less obviously one doesnt know the algo to pick these transactions but they also will not be picky on some transaction because it all random. you can find hash even with 1 transactions but your starting algo should be take as many as possible right?,there are thousands of transactions waiting in to be in block. ideally you just pick the top 5000 by sat/vb ones and start your computions. is there a reason they are choosing to pick less obviously one doesnt know the algo to pick these transactions but they also will not be picky on,2026-09-29T13:57:59.524Z,bitcoin,2026-09-29T13:57:59.524Z,2026-09-29,2026-09-28,OPINION_OTHER,,False,,,,,,NOT_CHECKABLE,No crypto asset mentioned,NOT_SCORED,False,bitcoin,0.15,2.12,3.37
t1_pcvxeyn,t3_1wtau5y,OrangePillar,"They haven’t updated their node configuration to allow transactions paying less than 1 sat/vB. Last year, most miners rejected those low-fee transactions, but the general minimum is now 0.1 sat/vB, and most miners and pools have adapted.","Most miners and pools in the Ethereum network have adapted to allow low-fee transactions, although some have not yet updated their node configuration to allow transactions paying less than 1 sat/vB. Last year, most miners rejected such transactions.",2026-09-29T13:57:59.524Z,bitcoin,2026-09-29T13:57:59.524Z,2026-09-29,2026-09-28,OPINION_OTHER,ethereum,False,,,,,,NOT_CHECKABLE,ethereum mentioned but no price direction or number,NOT_SCORED,False,ethereum,-0.44,3.52,2.03
t1_pcti2q4,t3_1wtau5y,SuccotashUltimate,"Currently fees are about 0.66% of total revenue so it just isn’t worth programming exceptions that risk losing the main payoff.

But as block rewards drop, who knows.","Currently fees are about 0.66% of total revenue so it just isn’t worth programming exceptions that risk losing the main payoff.But as block rewards drop, who knows.",2026-09-29T13:57:59.524Z,bitcoin,2026-09-29T13:57:59.524Z,2026-09-29,2026-09-28,OPINION_OTHER,,False,,,,,,NOT_CHECKABLE,No crypto asset mentioned,NOT_SCORED,False,bitcoin,0.15,2.12,3.37
t1_pcrz742,t3_1wsdu1y,Suspicious-Holiday42,*Bitcoin is sleeping on cat,"Bitcoin is currently sleeping on a cat, indicating a positive trend.",2026-09-28T12:54:47.583Z,bitcoin,2026-09-28T12:54:47.583Z,2026-09-28,2026-09-28,TREND,bitcoin,False,UP,,DOWN,-1.13,-1.13,CONTRADICTED,"Claimed UP, market DOWN -1.13%",INACCURATE,True,bitcoin,-1.13,2.84,2.2
t1_pct4d1p,t3_1wsdu1y,SpendHefty6066,Bitcoin and pussy is all you need.,Bitcoin and pussy are all you need.,2026-09-28T12:54:47.583Z,bitcoin,2026-09-28T12:54:47.583Z,2026-09-28,2026-09-28,OPINION_OTHER,bitcoin,False,,,,,,NOT_CHECKABLE,bitcoin mentioned but no price direction or number,NOT_SCORED,False,bitcoin,-1.13,2.84,2.2
t1_pcp39gh,t3_1ws7l4a,cubeeless,BTC to $400k!,"Bitcoin has surged to $400,000, indicating a strong upward trend.",2026-09-28T07:00:25.279Z,bitcoin,2026-09-28T07:00:25.279Z,2026-09-28,2026-09-28,NUMERIC_PRICE,bitcoin,False,UP,400000.0,,83502.61,,INACCURATE,"Claimed $400,000, bitcoin traded $82,571-$84,973 that day (off by 377.3%)",INACCURATE,True,bitcoin,-1.13,2.84,2.2
t1_pcnp38c,t3_1ws7l4a,WordsHappenedHere,Bear market is not over. Everyone here sure thinks it is. Which probably means new lows by midterms,Bear market signals are not over. Which probably means new lows by midterms,2026-09-28T07:00:25.279Z,bitcoin,2026-09-28T07:00:25.279Z,2026-09-28,2026-09-28,OPINION_OTHER,,False,,,,,,NOT_CHECKABLE,No crypto asset mentioned,NOT_SCORED,False,bitcoin,-1.13,2.84,2.2
t1_pcmbum7,t3_1ws7l4a,escodelrio,"Historical Bitcoin prices for today, September 28th:

2026 - $83,845

2025 - $112,123

2024 - $65,888

2023 - $27,022

2022 - $19,427

2021 - $41,035

2020 - $10,710

2019 - $8,246

2018 - $6,644

2017 - $4,175

2016 - $605

2015 - $239

2014 - $377

2013 - $143

2012 - $12.4

2011 - $4.80

2010 - $0.10

Additional Stats:

Bitcoin's current market cap is $1.68 trillion.

Bitcoin's current block height is 969026; with the average block time for the last 7 days being 10.20 minutes and the average block size for the last 7 days being 1.57MB.

Bitcoin's average block time for the year 2026 is 10.19 minutes.

Bitcoin's mining difficulty is currently 132.76 trillion; with the next difficulty adjustment anticipated on 03-Oct-2026 (within 670 blocks). The mining difficulty is currently expected to increase 0.32% to 133.18 trillion.

Bitcoin's current block reward is 3.125₿, which is worth $262,017 per block.

Bitcoin's average daily miners' revenue for the last 7 days is $40.95M; which translates to $0.0434 per terahash per sec.

The next Bitcoin halving is anticipated to happen between 26-Mar-2028 to 20-Apr-2028 (within 80,974 blocks); the block reward will fall to 1.5625₿.

There are currently 109,700 total Bitcoin nodes; with 25,799 being reachable nodes.

Bitcoin's average daily hashrate for the last 7 days is 944 exahashes per second.

Bitcoin's average daily trading volume for the last 7 days is $35.76 billion.

Bitcoin's average daily number of transactions for the last 7 days is 654,084.

Bitcoin's average transaction fee for the last 7 days is 2.86 sats/VB, with the average fee's USD amount being $0.41; with the median values being 0.49 sats/VB & $0.07 respectively.

There are currently 20.09M ₿ in circulation, leaving 0.91M to be mined.

There are currently 4.18M ₿ held by companies, governments, DeFi, and ETFs, representing 20.82% of circulating supply.

There are currently 59,534,033 nonzero Bitcoin addresses that contain 165.24M UTXOs.

Bitcoin's average daily price from 18-Jul-2010 to 28-Sep-2026 is $22,096.

Bitcoin's average daily price for the year 2026 is $73,011.

1 US Dollar ($) currently equals: 1,193 satoshis; making 1 penny equal 11.93 sats.

Bitcoin's minimum (closing) price for the year 2026 was $58,558.86 on 30-Jun-2026.

Bitcoin's maximum (closing) price for the year 2026 was $96,929.33 on 14-Jan-2026.

Bitcoin's minimum (intraday) price for the year 2026 was $57,747.76 on 01-Jul-2026.

Bitcoin's maximum (intraday) price for the year 2026 was $97,860.60 on 14-Jan-2026.

Bitcoin's largest daily decrease for the year 2026 was -$10,317.60 on 05-Feb-2026.

Bitcoin's largest daily increase for the year 2026 was +$7,853.29 on 06-Feb-2026.

Bitcoin's all-time high (intraday) was $126,198.07 on 06-Oct-2025. Bitcoin is down 33.56% from the ATH. However, Bitcoin is up 45.19% from the lowest point since the last ATH.

Bitcoin has not reached an all-time high in 2026.

It has been 357 days since the last ATH.","Bitcoin's current market cap is $1.68 trillion, with a notable downtrend due to recent price declines and mining difficulties, highlighting the challenges faced by the cryptocurrency sector.

Downtrend: Bitcoin.",2026-09-28T07:00:25.279Z,bitcoin,2026-09-28T07:00:25.279Z,2026-09-28,2026-09-28,TREND,bitcoin,False,DOWN,,DOWN,-1.13,-1.13,VERIFIED,bitcoin was DOWN -1.13% over 1d,ACCURATE,True,bitcoin,-1.13,2.84,2.2
t1_pcjh9sq,t3_1ws7l4a,Romsel87,"Back to the 70s?
Remember, Bitcoin is volatile.","Remember, Bitcoin is volatile.Back to the 70s?",2026-09-28T07:00:25.279Z,bitcoin,2026-09-28T07:00:25.279Z,2026-09-28,2026-09-28,OPINION_OTHER,bitcoin,False,,,,,,NOT_CHECKABLE,bitcoin mentioned but no price direction or number,NOT_SCORED,False,bitcoin,-1.13,2.84,2.2
t1_pcko0zm,t3_1ws7l4a,Romsel87,Like it is set in stone.,Like it is set in stone.,2026-09-28T07:00:25.279Z,bitcoin,2026-09-28T07:00:25.279Z,2026-09-28,2026-09-28,OPINION_OTHER,,False,,,,,,NOT_CHECKABLE,No crypto asset mentioned,NOT_SCORED,False,bitcoin,-1.13,2.84,2.2
t1_pckc6pv,t3_1ws7l4a,raptr69,"a bull market doesn't mean there won't be corrections

bitcoin can easily dip back into the 70's while still being in a bull market","a bull market doesn't mean there won't be corrections in the future, as Bitcoin shows signs of a potential return to the 70's while still being in a bull market.",2026-09-28T07:00:25.279Z,bitcoin,2026-09-28T07:00:25.279Z,2026-09-28,2026-09-28,OPINION_OTHER,bitcoin,False,,,,,,NOT_CHECKABLE,bitcoin mentioned but no price direction or number,NOT_SCORED,False,bitcoin,-1.13,2.84,2.2
t1_pck9cft,t3_1ws7l4a,Generationhodl,"""no way"" is not a good formulation in Bitcoin. Stay humble","""no way"" is not a good formulation in Bitcoin. Stay humble.",2026-09-28T07:00:25.279Z,bitcoin,2026-09-28T07:00:25.279Z,2026-09-28,2026-09-28,OPINION_OTHER,bitcoin,False,,,,,,NOT_CHECKABLE,bitcoin mentioned but no price direction or number,NOT_SCORED,False,bitcoin,-1.13,2.84,2.2
t1_pckants,t3_1ws7l4a,Romanizer,"Sure, but statistically that's one of the hardest and most reliable indicators available and it seemed like many traders reacted on that.","Sure, but statistically that's one of the most reliable indicators available and it seemed like many traders reacted on that.",2026-09-28T07:00:25.279Z,bitcoin,2026-09-28T07:00:25.279Z,2026-09-28,2026-09-28,OPINION_OTHER,,False,,,,,,NOT_CHECKABLE,No crypto asset mentioned,NOT_SCORED,False,bitcoin,-1.13,2.84,2.2
t1_pckf3up,t3_1ws7l4a,Generationhodl,"that can be true also. I wish for the bullrun to have started already, I would be happy with that, but I'm cautious, will be more relaxed in 2-3 months, maybe when we hit 90k-100k.","that can be true also. I wish for the bullrun to have started already, I would be happy with that, but I'm cautious, will be more relaxed in 2-3 months, maybe when we hit 90k-100k.",2026-09-28T07:00:25.279Z,bitcoin,2026-09-28T07:00:25.279Z,2026-09-28,2026-09-28,OPINION_OTHER,,False,,,,,,NOT_CHECKABLE,No crypto asset mentioned,NOT_SCORED,False,bitcoin,-1.13,2.84,2.2
t1_pctjkkk,t3_1wt91tl,JAYUZUMI,Now it's at 99 I'm hoping they just buy BTC and no more STRC buybacks.,Now it's at 99 I'm hoping they just buy BTC and no more STRC buybacks.,2026-09-29T12:40:51.959Z,bitcoin,2026-09-29T12:40:51.959Z,2026-09-29,2026-09-28,OPINION_OTHER,bitcoin,False,,,,,,NOT_CHECKABLE,bitcoin mentioned but no price direction or number,NOT_SCORED,False,bitcoin,0.15,2.12,3.37
t1_pcvrmrg,t3_1wtinum,the_cham3le0n,"Because I wanted my newly updated password on my email to be the same as my login info on the Lava platform, especially because of all of these recent company hacks going on. But everyone seems to think that is just so irrational.","Because I wanted my newly updated password on my email to be the same as my login info on the Lava platform, amidst ongoing security concerns. But everyone seems to think that is just so irrational.",2026-09-29T18:52:35.220Z,bitcoin,2026-09-29T18:52:35.220Z,2026-09-29,2026-09-28,OPINION_OTHER,,False,,,,,,NOT_CHECKABLE,No crypto asset mentioned,NOT_SCORED,False,bitcoin,0.15,2.12,3.37
t1_pcv3ngo,t3_1wtinum,the_cham3le0n,"In the meantime, I have recorded a video showing my face + two forms of ID in-hand, AND even placed placed my hand IN FRONT OF MY FACE periodically (just to dispel any deep fake claims on their end). I said explained out loud in the video what the discrepancy is and that I want them to restore services. We’ll see.","In the meantime, I have recorded a video showing my face + two forms of ID in-hand, hoping to clarify any misconceptions about my identity. I said explained out loud in the video what the discrepancy is and that I want them to restore services. We’ll see.",2026-09-29T18:52:35.220Z,bitcoin,2026-09-29T18:52:35.220Z,2026-09-29,2026-09-28,OPINION_OTHER,,False,,,,,,NOT_CHECKABLE,No crypto asset mentioned,NOT_SCORED,False,bitcoin,0.15,2.12,3.37
t1_pcuscaq,t3_1wtinum,MinimalistMindset35,"How many times have we told y’all not to hold a sizable amount of Bitcoin on an exchange? Next time, just ask the question without giving all of the extra info you gave. You created this situation by saying you thought your email was compromised. You should’ve just asked how to update your email.","How many times have we told y’all not to hold a sizable amount of Bitcoin on an exchange? Next time, just ask the question without giving all of the extra info you gave. You created this situation by saying you thought your email was compromised. You should’ve just asked how",2026-09-29T18:52:35.220Z,bitcoin,2026-09-29T18:52:35.220Z,2026-09-29,2026-09-28,EVENT_NEWS,bitcoin,False,,,,,,NOT_CHECKABLE,bitcoin news/event - not checkable with price data,NOT_SCORED,False,bitcoin,0.15,2.12,3.37
t1_pcr5b28,t3_1wt58iu,HuntlyBypassSurgeon,"There are tax laws to consider; you can’t be freely selling and spending bitcoin without record keeping and possible tax liability these days, in most jurisdictions.","There are tax laws to consider when you sell and spend Bitcoin, impacting your ability to freely trade and spend it without record keeping and possible tax liability.",2026-09-29T09:09:19.386Z,bitcoin,2026-09-29T09:09:19.386Z,2026-09-29,2026-09-28,OPINION_OTHER,bitcoin,False,,,,,,NOT_CHECKABLE,bitcoin mentioned but no price direction or number,NOT_SCORED,False,bitcoin,0.15,2.12,3.37
t1_pcr7ffi,t3_1wt58iu,Beneficial-Mood240,"If 30% BTC is your chosen allocation, paying bills from cash isn't a dilemma, it's the plan working.","If 30% Bitcoin is your chosen allocation, paying bills from cash isn't a dilemma, it's the plan working.",2026-09-29T09:09:19.386Z,bitcoin,2026-09-29T09:09:19.386Z,2026-09-29,2026-09-28,OPINION_OTHER,bitcoin,False,,,,,,NOT_CHECKABLE,bitcoin mentioned but no price direction or number,NOT_SCORED,False,bitcoin,0.15,2.12,3.37
t1_pcrtqol,t3_1wt58iu,BigPaleontologist887,"Good call, you already answered it. Spending fiat when you have to pay bills keeps your BTC intact for the long run; selling BTC for everyday expenses is how people accidentally exit their position at the worst time.","Bitcoin is experiencing a positive trend as people avoid selling it for everyday expenses. Spending fiat when you have to pay bills keeps your BTC intact for the long run.  
Uptrend: Bitcoin.",2026-09-29T09:09:19.386Z,bitcoin,2026-09-29T09:09:19.386Z,2026-09-29,2026-09-28,TREND,bitcoin,False,UP,,FLAT,0.15,0.15,INCONCLUSIVE,"Claimed UP, market flat (+0.15%)",NOT_SCORED,False,bitcoin,0.15,2.12,3.37
t1_pcrzmyt,t3_1wt58iu,BrendanRodgersss,"I'd use fiat for bills unless selling BTC is actually necessary.

That's basically what cash savings are for.",I'd use fiat for bills unless selling Bitcoin is actually necessary.That's basically what cash savings are for.,2026-09-29T09:09:19.386Z,bitcoin,2026-09-29T09:09:19.386Z,2026-09-29,2026-09-28,OPINION_OTHER,bitcoin,False,,,,,,NOT_CHECKABLE,bitcoin mentioned but no price direction or number,NOT_SCORED,False,bitcoin,0.15,2.12,3.37
t1_pctt60j,t3_1wt6ofa,Fun-Analysis-182,"The rate matters less than the liquidation LTV. If BTC dips and your loan-to-value crosses their line, they can auto-sell your collateral at the worst possible moment, and you've turned a hodl into a forced sale. Also check whether they rehypothecate the collateral or just custody it, because that's your real counterparty risk if the platform ever hits trouble.","The rate matters less than the liquidation LTV. Also check whether they rehypothecate the collateral or just custody it, because that's your real counterparty risk if the platform ever hits trouble. If BTC dips and your loan-to-value crosses their line, they can auto-sell",2026-09-29T10:37:01.201Z,bitcoin,2026-09-29T10:37:01.201Z,2026-09-29,2026-09-28,OPINION_OTHER,bitcoin,False,,,,,,NOT_CHECKABLE,bitcoin mentioned but no price direction or number,NOT_SCORED,False,bitcoin,0.15,2.12,3.37
t1_pct0nla,t3_1wt6ofa,Garland_Key,"Nope, but I know enough to know that you shouldn't take out loans with Bitcoin as collateral.","Nope, but I know enough to know that you shouldn't take out loans with Bitcoin as collateral.",2026-09-29T10:37:01.201Z,bitcoin,2026-09-29T10:37:01.201Z,2026-09-29,2026-09-28,OPINION_OTHER,bitcoin,False,,,,,,NOT_CHECKABLE,bitcoin mentioned but no price direction or number,NOT_SCORED,False,bitcoin,0.15,2.12,3.37
t1_pctepss,t3_1wt6ofa,Pleasant_Maybe_5523,I’d be careful. Borrowing against BTC just adds another layer of risk if the market drops.,I’d be careful. Borrowing against Bitcoin adds another layer of risk if the market drops.,2026-09-29T10:37:01.201Z,bitcoin,2026-09-29T10:37:01.201Z,2026-09-29,2026-09-28,OPINION_OTHER,bitcoin,False,,,,,,NOT_CHECKABLE,bitcoin mentioned but no price direction or number,NOT_SCORED,False,bitcoin,0.15,2.12,3.37
t1_pcwh0qa,t3_1wtpyh6,TitanicChurro,"Buy a Trezor, move that bitcoin to it asap.","Buy a Trezor, move that bitcoin to it asap.",2026-09-29T23:49:11.988Z,bitcoin,2026-09-29T23:49:11.988Z,2026-09-29,2026-09-28,OPINION_OTHER,bitcoin,False,,,,,,NOT_CHECKABLE,bitcoin mentioned but no price direction or number,NOT_SCORED,False,bitcoin,0.15,2.12,3.37
t1_pcq3t4u,t3_1wt09ic,Prudent_Practice_127,What does this mean? Are you saying Bitcoin is going down?,What does this mean? Are you suggesting Bitcoin is experiencing a downtrend?,2026-09-29T04:10:39.249Z,bitcoin,2026-09-29T04:10:39.249Z,2026-09-29,2026-09-28,TREND,bitcoin,False,DOWN,,FLAT,0.15,0.15,INCONCLUSIVE,"Claimed DOWN, market flat (+0.15%)",NOT_SCORED,False,bitcoin,0.15,2.12,3.37
t1_pcrmkn5,t3_1wt09ic,MF_Price,"If God really hates you, wouldn't he make sure your ticker can always display the price of BTC? I mean assuming you're invested and didn't just buy a ticker without owning any.","If God really hates you, wouldn't he make sure your ticker can always display the price of Bitcoin? I mean assuming you're invested and didn't just buy a ticker without owning any.",2026-09-29T04:10:39.249Z,bitcoin,2026-09-29T04:10:39.249Z,2026-09-29,2026-09-28,OPINION_OTHER,bitcoin,False,,,,,,NOT_CHECKABLE,bitcoin mentioned but no price direction or number,NOT_SCORED,False,bitcoin,0.15,2.12,3.37
t1_pcqaqfi,t3_1wt09ic,Effective-Stress-781,"I think he is saying he bought a physical Bitcoin price ticker with 5 digits, therefore he is saying his 50 dollar purchase and his bad luck means it is mooning to 100k","Bitcoin is rumored to be mooning to 100k due to a man's unfortunate purchase.  
Uptrend: Bitcoin.",2026-09-29T04:10:39.249Z,bitcoin,2026-09-29T04:10:39.249Z,2026-09-29,2026-09-28,NUMERIC_PRICE,bitcoin,False,UP,100000.0,,83622.43,,INACCURATE,"Claimed $100,000, bitcoin traded $82,739-$84,511 that day (off by 18.5%)",INACCURATE,True,bitcoin,0.15,2.12,3.37
t1_pcqzk42,t3_1wt09ic,Luminous_Emission,"Not a bad idea, although I decided to not have kids so that I could buy more bitcoin so maybe I'll write a 1 on a sticky note instead 😅","Not a bad idea, although I decided to not have kids so that I could buy more bitcoin. 
Uptrend: Bitcoin.",2026-09-29T04:10:39.249Z,bitcoin,2026-09-29T04:10:39.249Z,2026-09-29,2026-09-28,TREND,bitcoin,False,UP,,FLAT,0.15,0.15,INCONCLUSIVE,"Claimed UP, market flat (+0.15%)",NOT_SCORED,False,bitcoin,0.15,2.12,3.37
t1_pcqdnzj,t3_1wt09ic,HankScorpio2020,"What is this magical thing you call ""bucks""? We only know sats and BTC here, stranger.","What is this magical thing you call ""bucks""?",2026-09-29T04:10:39.249Z,bitcoin,2026-09-29T04:10:39.249Z,2026-09-29,2026-09-28,OPINION_OTHER,bitcoin,False,,,,,,NOT_CHECKABLE,bitcoin mentioned but no price direction or number,NOT_SCORED,False,bitcoin,0.15,2.12,3.37
t1_pctva2k,t3_1wt09ic,LatinumGirlOnRisa,I have no idea what they're talking about either and I'm about to enter my 6th year of being a Bitcoiner.🪙 but I'm curious & so I'm going to look into this 'BTC ticker with only 5 digits' thing.🧐🕵️,I have no idea what they're talking about either and I'm about to enter my 6th year of being a Bitcoiner.🪙 but I'm curious & so I'm going to look into this 'BTC ticker with only 5 digits'.,2026-09-29T04:10:39.249Z,bitcoin,2026-09-29T04:10:39.249Z,2026-09-29,2026-09-28,OPINION_OTHER,bitcoin,False,,,,,,NOT_CHECKABLE,bitcoin mentioned but no price direction or number,NOT_SCORED,False,bitcoin,0.15,2.12,3.37
t1_pcvdtqn,t3_1wt09ic,shogun4fun,"Let me tell you whats going to happen. Once bitcoin goes past 5 digits that ticker will be worthless. Probably tell youself ""i knew it!"" Years go by and then you decide to smash it to pieces out of anger. 17 years later clock is worth $83000 and is a collectors item for the folks that remember it was 5 digits at one point. This is the bitcoin way...","Let me tell you whats going to happen. Once bitcoin surpasses the 5 digits, it will become a collectors item and a significant financial consideration. Probably tell youself ""i knew it!"" Years later it will be worth $83000. This is the bitcoin way...",2026-09-29T04:10:39.249Z,bitcoin,2026-09-29T04:10:39.249Z,2026-09-29,2026-09-28,PREDICTION,bitcoin,False,,,,,,NOT_CHECKABLE,Price prediction (future-tense) - can't be scored at posting time,NOT_SCORED,False,bitcoin,0.15,2.12,3.37
t1_pclfwip,t3_1wsex9b,Stephamation,"I dont mean this badly, but you need to educate yourself further about what BTC actually is and how it works before you buy any if you aren't even sure if you're using the term ""exchange"" correctly","I dont mean this badly, but you need to educate yourself about Bitcoin and its implications before buying it.",2026-09-28T13:40:20.732Z,bitcoin,2026-09-28T13:40:20.732Z,2026-09-28,2026-09-28,OPINION_OTHER,bitcoin,False,,,,,,NOT_CHECKABLE,bitcoin mentioned but no price direction or number,NOT_SCORED,False,bitcoin,-1.13,2.84,2.2
t1_pcs3rrw,t3_1wswxfz,Babylon_Official,"It will only keep growing with things like Trustless Bitcoin Vaults being built where you can borrow against your native Bitcoin and make it productive.

Once you have an efficient way to use your Bitcoin as collateral — in a safe manner, without bridging, wrapping, or custodial risk — that opens the door to do whatever you want.

Lending → Yield → BTC-Backed Stablecoins → Bitcoin Options → DeFi Insurance → Perpetual DEXs → GoMining (native BTC mining yield)","Once you have an efficient way to use your Bitcoin as collateral — in a safe manner, without bridging, wrapping, or custodial risk — that opens the door to do whatever you want. The possibilities are endless with Trustless Bitcoin Vaults and Bitcoin options gaining traction.It will only keep growing with",2026-09-29T01:27:47.507Z,bitcoin,2026-09-29T01:27:47.507Z,2026-09-29,2026-09-28,OPINION_OTHER,bitcoin,False,,,,,,NOT_CHECKABLE,bitcoin mentioned but no price direction or number,NOT_SCORED,False,bitcoin,0.15,2.12,3.37
t1_pcsahze,t3_1wswxfz,TrickySatoshi,"All those guys who kept waiting for BTC to drop back to 10k or 20k after every dip are now staring at the top 10 global assets, just wondering when it’s finally gonna flip gold","All those guys who kept waiting for Bitcoin to drop back to 10k or 20k after every dip are now staring at the top 10 global assets, just wondering when it’s finally gonna flip gold.",2026-09-29T01:27:47.507Z,bitcoin,2026-09-29T01:27:47.507Z,2026-09-29,2026-09-28,PREDICTION,bitcoin,False,DOWN,,,,,NOT_CHECKABLE,Price prediction (future-tense) - can't be scored at posting time,NOT_SCORED,False,bitcoin,0.15,2.12,3.37
t1_pcq7cfm,t3_1wswxfz,SuperOrbital_Trading,"Tbf, even Saylor said something along the lines of waiting out this dead cat bounce before buying again. Not that he knows anything more than anyone else, but he does control a large portion of BTC.","Tbf, even Saylor said something along the lines of waiting out this dead cat bounce before buying again. Not that he knows anything more than anyone else, but he does control a large portion of the BTC market.",2026-09-29T01:27:47.507Z,bitcoin,2026-09-29T01:27:47.507Z,2026-09-29,2026-09-28,OPINION_OTHER,bitcoin,False,,,,,,NOT_CHECKABLE,bitcoin mentioned but no price direction or number,NOT_SCORED,False,bitcoin,0.15,2.12,3.37
t1_pctwi51,t3_1wt2pj1,jedi2155,Sell the rights to btc to someone else,Sell the rights to btc to someone else,2026-09-29T06:30:10.822Z,bitcoin,2026-09-29T06:30:10.822Z,2026-09-29,2026-09-28,OPINION_OTHER,bitcoin,False,,,,,,NOT_CHECKABLE,bitcoin mentioned but no price direction or number,NOT_SCORED,False,bitcoin,0.15,2.12,3.37
t1_pcqlwdj,t3_1wt2pj1,CommunicationBest370,aint more interesting selling your btc for stablecoins or even paxg during bear markets ?,aint more interesting selling your btc for stablecoins or paxg during bear markets?,2026-09-29T06:30:10.822Z,bitcoin,2026-09-29T06:30:10.822Z,2026-09-29,2026-09-28,OPINION_OTHER,bitcoin,False,,,,,,NOT_CHECKABLE,bitcoin mentioned but no price direction or number,NOT_SCORED,False,bitcoin,0.15,2.12,3.37
t1_pct15oy,t3_1wt2pj1,Ok-Income1674,"No, today's bitcoin doesnt require you to sell to gain benefit of it",Today's bitcoin is not about selling to gain benefit.,2026-09-29T06:30:10.822Z,bitcoin,2026-09-29T06:30:10.822Z,2026-09-29,2026-09-28,TREND,bitcoin,False,UP,,FLAT,0.15,0.15,INCONCLUSIVE,"Claimed UP, market flat (+0.15%)",NOT_SCORED,False,bitcoin,0.15,2.12,3.37
t1_pcv4dj3,t3_1wt2pj1,CommunicationBest370,"bitcoin never required to sell again if you hold them long enough. but now that i am experienced enough to, approximately, sell tops and buy bottoms why would I just hold them ?",Bitcoin is a classic example of a timeless asset that is never required to sell again if you hold them long enough. but now that i am experienced enough to sell tops and buy bottoms why would I just hold them ?,2026-09-29T06:30:10.822Z,bitcoin,2026-09-29T06:30:10.822Z,2026-09-29,2026-09-28,OPINION_OTHER,bitcoin,False,,,,,,NOT_CHECKABLE,bitcoin mentioned but no price direction or number,NOT_SCORED,False,bitcoin,0.15,2.12,3.37
t1_pcrv6em,t3_1wt2pj1,Feralz2,"nah, bitcoin is way overbought, institutional coin now","Bitcoin is currently overbought, according to market analysis. 
Downtrend: Bitcoin.",2026-09-29T06:30:10.822Z,bitcoin,2026-09-29T06:30:10.822Z,2026-09-29,2026-09-28,TREND,bitcoin,False,DOWN,,FLAT,0.15,0.15,INCONCLUSIVE,"Claimed DOWN, market flat (+0.15%)",NOT_SCORED,False,bitcoin,0.15,2.12,3.37
t1_pcrguz0,t3_1wt6q8o,StPeir,"The best time to invest in bitcoin was 2009. The second best time is today.

Your dollars are worth less every day with no indication that it’s going to change regardless of which political party is in charge. Do with that what you will but holding cash is holding a depreciating asset. If you want to give something to your children make it something with actual value maybe that’s bitcoin maybe that’s a home you own instead of rent.

Those would be the first things I put my money into.","The best time to invest in Bitcoin was 2009. The second best time is today. 
Uptrend: Bitcoin.",2026-09-29T10:40:03.810Z,bitcoin,2026-09-29T10:40:03.810Z,2026-09-29,2026-09-28,TREND,bitcoin,False,UP,,FLAT,0.15,0.15,INCONCLUSIVE,"Claimed UP, market flat (+0.15%)",NOT_SCORED,False,bitcoin,0.15,2.12,3.37
t1_pcs1ha8,t3_1wt6q8o,BrendanRodgersss,"$100 a month is enough to start. The amount matters less than whether it's money you can genuinely leave alone through a bad drawdown.

I'd get the debt/emergency-fund side of your finances in order at the same time and treat BTC as a long-term allocation, not the thing that has to rescue your retirement.","I'd suggest treating Bitcoin as a long-term allocation similar to your personal finances, with the understanding that it's not about cryptocurrency trends.",2026-09-29T10:40:03.810Z,bitcoin,2026-09-29T10:40:03.810Z,2026-09-29,2026-09-28,OPINION_OTHER,bitcoin,False,,,,,,NOT_CHECKABLE,bitcoin mentioned but no price direction or number,NOT_SCORED,False,bitcoin,0.15,2.12,3.37
t1_pcsvg6t,t3_1wt6q8o,OfficialSimpleMining,"You're not late. People said the same thing at $1, $1,000 and $60,000, and at 17 years old Bitcoin is still early as money, with most of the world owning none. $100 a month is a great way to build a position over time. Time horizon is the key, because it has dropped 50–80% more than once, so be prepared to hold through a crash without panic selling. If the goal is something to pass on to your kids, a steady stack held for the long run is exactly how to do it.

If you want a gut check, try the stranger test. Ask a few people what they think of Bitcoin. Most will say it's a scam, that they don't own any, or that they don't really know what it is. That's not what late looks like.","Bitcoin is still early as money, with most of the world owning none, and it needs to be viewed as a long-term investment with potential for growth over time.If you want a gut check, try the stranger test. Ask a few people what they think of Bitcoin. Most will say it",2026-09-29T10:40:03.810Z,bitcoin,2026-09-29T10:40:03.810Z,2026-09-29,2026-09-28,TREND,bitcoin,False,DOWN,,FLAT,0.15,0.15,INCONCLUSIVE,"Claimed DOWN, market flat (+0.15%)",NOT_SCORED,False,bitcoin,0.15,2.12,3.37
t1_pcriewz,t3_1wt6q8o,Herbvekz,"No, I think we might be in too early actually. I'd love to see what a bitcoin world would look like.","No, I think we might be in too early actually. I'd love to see what a bitcoin world might look like.",2026-09-29T10:40:03.810Z,bitcoin,2026-09-29T10:40:03.810Z,2026-09-29,2026-09-28,OPINION_OTHER,bitcoin,False,,,,,,NOT_CHECKABLE,bitcoin mentioned but no price direction or number,NOT_SCORED,False,bitcoin,0.15,2.12,3.37
t1_pcqexu3,t3_1wsp4v0,tenor_tymir,Are there any ongoing costs associated with holding your BTC with Fidelity? Are they regular BTC or some sort of ETF? Can you hold actual coins with them?,Are there ongoing costs associated with holding your Bitcoin with Fidelity? Are they regular BTC or some sort of ETF?,2026-09-28T20:00:02.698Z,bitcoin,2026-09-28T20:00:02.698Z,2026-09-28,2026-09-28,EVENT_NEWS,bitcoin,False,,,,,,NOT_CHECKABLE,bitcoin news/event - not checkable with price data,NOT_SCORED,False,bitcoin,-1.13,2.84,2.2
t1_pcrbfu0,t3_1wsp4v0,throwaway12three4,Regular BTC. I see how many Bitcoin I have. No on going fees. 1% to sell or buy. Free withdrawals if I ever want to move to another exchange.,Regular Bitcoin. No on going fees. 1% transaction fees. Free withdrawals if I move to another exchange.,2026-09-28T20:00:02.698Z,bitcoin,2026-09-28T20:00:02.698Z,2026-09-28,2026-09-28,EVENT_NEWS,bitcoin,False,,,,,,NOT_CHECKABLE,bitcoin news/event - not checkable with price data,NOT_SCORED,False,bitcoin,-1.13,2.84,2.2
t1_pcpnh58,t3_1wsp4v0,throwaway12three4,Yes. I first moved it to a regular BTC account with Fidelity. Then I noticed there was no next of kin option so I moved it to a joint account with my wife. That way if something happens to me my BTC stays out of probate court.,"Yes. I first moved it to a regular Bitcoin account with Fidelity. Then I noticed there was no next of kin option, so now it is in a joint account with my wife. That way if something happens to me my BTC stays out of probate court.",2026-09-28T20:00:02.698Z,bitcoin,2026-09-28T20:00:02.698Z,2026-09-28,2026-09-28,OPINION_OTHER,bitcoin,False,,,,,,NOT_CHECKABLE,bitcoin mentioned but no price direction or number,NOT_SCORED,False,bitcoin,-1.13,2.84,2.2
t1_pctka3d,t3_1wsp4v0,throwaway12three4,"Bitcoin, Fidelity. Rugged. Ok guy.","Bitcoin, Fidelity. Rugged.",2026-09-28T20:00:02.698Z,bitcoin,2026-09-28T20:00:02.698Z,2026-09-28,2026-09-28,OPINION_OTHER,bitcoin,False,,,,,,NOT_CHECKABLE,bitcoin mentioned but no price direction or number,NOT_SCORED,False,bitcoin,-1.13,2.84,2.2
t1_pcqya32,t3_1wsgcij,BadJUJU911,I checked my hashrate like every hour at work.  It is fun,"I checked my hashrate like every hour at work.  
Uptrend: Bitcoin.",2026-09-28T14:36:52.705Z,bitcoin,2026-09-28T14:36:52.705Z,2026-09-28,2026-09-28,TREND,bitcoin,False,UP,,DOWN,-1.13,-1.13,CONTRADICTED,"Claimed UP, market DOWN -1.13%",INACCURATE,True,bitcoin,-1.13,2.84,2.2
t1_pcqhn7j,t3_1wsq19e,lambsquatch,Please just use Bitcoin as a “part” of your investing portfolio. Going all in on anything is idiotic,"Please just use Bitcoin as a ""part"" of your investing portfolio. Going all in on anything is idiotic",2026-09-28T20:32:46.179Z,bitcoin,2026-09-28T20:32:46.179Z,2026-09-28,2026-09-28,OPINION_OTHER,bitcoin,False,,,,,,NOT_CHECKABLE,bitcoin mentioned but no price direction or number,NOT_SCORED,False,bitcoin,-1.13,2.84,2.2
t1_pcs48wx,t3_1wsq19e,stunvn,Yes. 5% of my portfolio is Bitcoin and 95% is BTC.,"Yes. 5% of my portfolio is Bitcoin, and 95% is Bitcoin.",2026-09-28T20:32:46.179Z,bitcoin,2026-09-28T20:32:46.179Z,2026-09-28,2026-09-28,OPINION_OTHER,bitcoin,False,,,,,,NOT_CHECKABLE,bitcoin mentioned but no price direction or number,NOT_SCORED,False,bitcoin,-1.13,2.84,2.2
t1_pcs8nf7,t3_1wsq19e,richardto4321,The funny thing about Bitcoin is that it will start off as 5% of your portfolio then become >50% after 10 years. So what you're really suggesting is that people should sell off a large portion of their Bitcoin as it becomes more valuable with time. We don't do that here 😄,The article suggests that people should sell off a large portion of their Bitcoin as it becomes more valuable over time.The funny thing about Bitcoin is that it will start off as a small investment but could become significantly valuable after 10 years. So what you're really suggesting is: Sell off a significant portion of your,2026-09-28T20:32:46.179Z,bitcoin,2026-09-28T20:32:46.179Z,2026-09-28,2026-09-28,OPINION_OTHER,bitcoin,False,,,,,,NOT_CHECKABLE,bitcoin mentioned but no price direction or number,NOT_SCORED,False,bitcoin,-1.13,2.84,2.2
t1_pcoj8qs,t3_1wsq19e,niorob,Everyone gets bitcoin at the price they deserve,"Everyone gets bitcoin at the price they deserve, according to the cryptocurrency advocacy group FairBitcoin.",2026-09-28T20:32:46.179Z,bitcoin,2026-09-28T20:32:46.179Z,2026-09-28,2026-09-28,OPINION_OTHER,bitcoin,False,,,,,,NOT_CHECKABLE,bitcoin mentioned but no price direction or number,NOT_SCORED,False,bitcoin,-1.13,2.84,2.2
t1_pcs1d4m,t3_1wsq19e,Escape613,"Hold Bitcoin. Use Bitcoin. Earn on Bitcoin. Natively! 👀🔥🧡

Check out Babylon Labs y’all!",Hold Bitcoin. Earn on Bitcoin.,2026-09-28T20:32:46.179Z,bitcoin,2026-09-28T20:32:46.179Z,2026-09-28,2026-09-28,OPINION_OTHER,bitcoin,False,,,,,,NOT_CHECKABLE,bitcoin mentioned but no price direction or number,NOT_SCORED,False,bitcoin,-1.13,2.84,2.2
t1_pcpeqsy,t3_1wsq19e,PheelGoodInc,"You are absolutely correct. He was talking about a technical aspect, not bitcoin in general. This quote comes up a few times a year. Probably people karma farming. The newbs eat it up.","You are absolutely correct. He was talking about a technical aspect, not bitcoin in general. This quote comes up a few times a year. Probably people like to joke about cryptocurrency trends.",2026-09-28T20:32:46.179Z,bitcoin,2026-09-28T20:32:46.179Z,2026-09-28,2026-09-28,TREND,bitcoin,False,UP,,DOWN,-1.13,-1.13,CONTRADICTED,"Claimed UP, market DOWN -1.13%",INACCURATE,True,bitcoin,-1.13,2.84,2.2
t1_pckgi3z,t3_1wsbi60,lifeanon269,"As with everything, ideas like this are great in theory and are good frameworks for a starting point for thinking of solutions. But in reality, if you try to solve everything solely within the mindset of that philosophy, it will often yield problems.

The world is too complex for any singular philosophy to solve all the world's problems. If you try to solve a problem while never straying from your preferred philosophy, you'll find yourself performing mental gymnastics trying to convince yourself and everyone else that your solution is the best solution for the problem.","The text discusses the challenges of understanding and solving complex problems within the framework of a specific philosophy.As with everything, ideas like this are great in theory and are good frameworks for thinking of solutions. But in reality, if you try to solve everything solely within the mindset of that philosophy, it will often yield",2026-09-28T10:59:38.200Z,bitcoin,2026-09-28T10:59:38.200Z,2026-09-28,2026-09-28,OPINION_OTHER,,False,,,,,,NOT_CHECKABLE,No crypto asset mentioned,NOT_SCORED,False,bitcoin,-1.13,2.84,2.2
t1_pcu7exb,t3_1wtfkyp,Forded_Fiction24,But are you living the Bitcoin standard? Just because your dollar cost averaging into Bitcoin doesn't mean you're living the Bitcoin standard. Inherently or am I misunderstanding what living on the Bitcoin standard means?,"But are you living the Bitcoin standard? Just because your dollar cost averaging into Bitcoin doesn't mean you're living up to Bitcoin's standard. Inherently, this concept seems to be a misunderstanding.",2026-09-29T16:58:04.354Z,bitcoin,2026-09-29T16:58:04.354Z,2026-09-29,2026-09-28,TREND,bitcoin,False,UP,,FLAT,0.15,0.15,INCONCLUSIVE,"Claimed UP, market flat (+0.15%)",NOT_SCORED,False,bitcoin,0.15,2.12,3.37
t1_pcu8swj,t3_1wtfkyp,OrneryAd403,"Not fully, not yet. What I meant about the bitcoin standard is living live and paying for everything using bitcoin and getting paid in bitcoin. Basically not using fiat currency at all","Not fully, not yet. What I meant about the bitcoin standard is living and paying for everything using Bitcoin, which is not about cryptocurrency trends.",2026-09-29T16:58:04.354Z,bitcoin,2026-09-29T16:58:04.354Z,2026-09-29,2026-09-28,OPINION_OTHER,bitcoin,False,,,,,,NOT_CHECKABLE,bitcoin mentioned but no price direction or number,NOT_SCORED,False,bitcoin,0.15,2.12,3.37
t1_pcvdtwn,t3_1wtfkyp,BlueCreek_,"Not until it stabilises, the products and services I’m buying are priced in fiat, I don’t want my salary tanking by 10% in one day when held in bitcoin when I need to pay my mortgage. It’s just too unstable and not widely accepted yet. We are still early.","Not until it stabilises, the products and services I’m buying are priced in fiat, I don’t want my salary tanking by 10% in one day when held in bitcoin when I need to pay my mortgage. It’s just too unstable and not widely accepted",2026-09-29T16:58:04.354Z,bitcoin,2026-09-29T16:58:04.354Z,2026-09-29,2026-09-28,OPINION_OTHER,bitcoin,False,,,,,,NOT_CHECKABLE,bitcoin mentioned but no price direction or number,NOT_SCORED,False,bitcoin,0.15,2.12,3.37
t1_pcvihop,t3_1wtfkyp,OrneryAd403,"Yes I agree, we are still early. And understandable if you currently need money atm then yes it’s not the best option. If you have money in a savings account that you don’t plan on touching, that’s what I would personally transfer into bitcoin. I’m 24 and don’t have that many responsibilities that I can live without having to spend to much.","Yes I agree, we are still early. And understandable if you currently need money atm, but if you don’t, I would personally transfer it into Bitcoin as a savings account. I’m 24 and have that many responsibilities that I can live without having to spend to much",2026-09-29T16:58:04.354Z,bitcoin,2026-09-29T16:58:04.354Z,2026-09-29,2026-09-28,OPINION_OTHER,bitcoin,False,,,,,,NOT_CHECKABLE,bitcoin mentioned but no price direction or number,NOT_SCORED,False,bitcoin,0.15,2.12,3.37
t1_pcx3b8b,t3_1wtfkyp,MathematicianFun399,""" living the bitcoin standard"" is ridiculous, your losing money 70% of the year",""" living the bitcoin standard"" is ridiculous, your losing money 70% of the year.",2026-09-29T16:58:04.354Z,bitcoin,2026-09-29T16:58:04.354Z,2026-09-29,2026-09-28,OPINION_OTHER,bitcoin,False,,,,,,NOT_CHECKABLE,bitcoin mentioned but no price direction or number,NOT_SCORED,False,bitcoin,0.15,2.12,3.37
t1_pcx3nd9,t3_1wtfkyp,OrneryAd403,Tell that to the people that invested 3 years ago. It was 26k. Now their money actually appreciated and they can live more comfortably than if their money was in a HYSA. You have to hold for a period of time to actually live the bitcoin standard. You have to let your bitcoin appreciate first,"Bitcoin has shown significant appreciation over time, allowing investors to live more comfortably than if their money was in a HYSA.Tell that to the people that invested 3 years ago. Now their money has appreciated significantly. It was 26k. You have to hold for a period of time to actually live the bitcoin",2026-09-29T16:58:04.354Z,bitcoin,2026-09-29T16:58:04.354Z,2026-09-29,2026-09-28,PREDICTION,bitcoin,False,,,,,,NOT_CHECKABLE,Price prediction (future-tense) - can't be scored at posting time,NOT_SCORED,False,bitcoin,0.15,2.12,3.37
t1_pctp03j,t3_1wtfkyp,No-Confusion4519,"I’m not fully on the Bitcoin standard, but I get the appeal.
The deeper you understand Bitcoin, the more differently you start thinking about saving and money.","The deeper you understand Bitcoin, the more you start thinking about saving and money.I’m not fully on the Bitcoin standard, but I get the appeal.",2026-09-29T16:58:04.354Z,bitcoin,2026-09-29T16:58:04.354Z,2026-09-29,2026-09-28,OPINION_OTHER,bitcoin,False,,,,,,NOT_CHECKABLE,bitcoin mentioned but no price direction or number,NOT_SCORED,False,bitcoin,0.15,2.12,3.37
t1_pctslb5,t3_1wtfkyp,OrneryAd403,Very true. Hard money > easy money,Very true. Hard money > easy money,2026-09-29T16:58:04.354Z,bitcoin,2026-09-29T16:58:04.354Z,2026-09-29,2026-09-28,OPINION_OTHER,,False,,,,,,NOT_CHECKABLE,No crypto asset mentioned,NOT_SCORED,False,bitcoin,0.15,2.12,3.37
t1_pcu3voc,t3_1wtfkyp,CyanDew,"this right here is what has really sparked my love for Bitcoin. it’s not about the gains, it’s about my wealth preservation.

at any given rate, 1 Bitcoin will buy you more gold over time.","Bitcoin is highlighted for its potential as a wealth preservation tool.at any given rate, 1 Bitcoin will buy you more gold over time.this right here is what has really sparked my love for Bitcoin. it's not about the gains, it's about my wealth preservation",2026-09-29T16:58:04.354Z,bitcoin,2026-09-29T16:58:04.354Z,2026-09-29,2026-09-28,OPINION_OTHER,bitcoin,False,,,,,,NOT_CHECKABLE,bitcoin mentioned but no price direction or number,NOT_SCORED,False,bitcoin,0.15,2.12,3.37
t1_pctt1nl,t3_1wtfkyp,OrneryAd403,"This would be amazing. But I highly doubt Bitcoin would be the standard world wide, atleast anytime soon. I feel it will get widely adopted and live amongst other fiat currencies and could be used for everyday use. But I don’t think the government wants a currency they can’t monitor or have control over 🥲🥲","Bitcoin is projected to eventually become a standard currency worldwide, though its adoption is unlikely to be widespread. 
Uptrend: Bitcoin.",2026-09-29T16:58:04.354Z,bitcoin,2026-09-29T16:58:04.354Z,2026-09-29,2026-09-28,TREND,bitcoin,False,UP,,FLAT,0.15,0.15,INCONCLUSIVE,"Claimed UP, market flat (+0.15%)",NOT_SCORED,False,bitcoin,0.15,2.12,3.37
t1_pcu2zfz,t3_1wtfkyp,Former_Marionberry93,"I think, that in 20 Years the rich people will have almost all the same mindset, because they understood how fiat money works and how different and revolutionary bitcoin is.","I think, that in 20 Years, rich people will have a more positive mindset towards Bitcoin because they will understand its revolutionary nature.",2026-09-29T16:58:04.354Z,bitcoin,2026-09-29T16:58:04.354Z,2026-09-29,2026-09-28,OPINION_OTHER,bitcoin,False,,,,,,NOT_CHECKABLE,bitcoin mentioned but no price direction or number,NOT_SCORED,False,bitcoin,0.15,2.12,3.37
t1_pctx4cs,t3_1wtfkyp,Golden_Hodl93,"90% bitcoin, 10% stock. multiple 6 figure accounts. dca into btc every friday. been almost all in since 2021.","90% bitcoin, 10% stock. been almost all in since 2021. dca into btc every friday.",2026-09-29T16:58:04.354Z,bitcoin,2026-09-29T16:58:04.354Z,2026-09-29,2026-09-28,OPINION_OTHER,bitcoin,False,,,,,,NOT_CHECKABLE,bitcoin mentioned but no price direction or number,NOT_SCORED,False,bitcoin,0.15,2.12,3.37
t1_pcvnvyz,t3_1wtfkyp,Mr_Mojobaggins,"Just sold a Bitcoin, traded in my old suv and bought a 2026 Porsche cayenne GTS.",Just sold a Bitcoin and traded in my old suv for a 2026 Porsche cayenne GTS.,2026-09-29T16:58:04.354Z,bitcoin,2026-09-29T16:58:04.354Z,2026-09-29,2026-09-28,OPINION_OTHER,bitcoin,False,,,,,,NOT_CHECKABLE,bitcoin mentioned but no price direction or number,NOT_SCORED,False,bitcoin,0.15,2.12,3.37
t1_pcvof63,t3_1wtfkyp,OrneryAd403,How long have you been holding/investing into bitcoin for?,How long have you been holding/investing in Bitcoin?,2026-09-29T16:58:04.354Z,bitcoin,2026-09-29T16:58:04.354Z,2026-09-29,2026-09-28,OPINION_OTHER,bitcoin,False,,,,,,NOT_CHECKABLE,bitcoin mentioned but no price direction or number,NOT_SCORED,False,bitcoin,0.15,2.12,3.37
t1_pcvwjj6,t3_1wtfkyp,Efficient_Range1156,"I’ve been retired and living off my bitcoin since 2025. I use bitcoin/bitrefill for most of my expenses, the only thing i pay in fiat is rent, i have the option to pay my rent in bitcoin but I don’t see the point as i have a nice bit of cash from selling last year and i think bitcoin is still extremely cheap right now.","Bitcoin is currently extremely cheap and is used for most expenses, including rent, despite retirement. 
Uptrend: Bitcoin.",2026-09-29T16:58:04.354Z,bitcoin,2026-09-29T16:58:04.354Z,2026-09-29,2026-09-28,TREND,bitcoin,False,UP,,FLAT,0.15,0.15,INCONCLUSIVE,"Claimed UP, market flat (+0.15%)",NOT_SCORED,False,bitcoin,0.15,2.12,3.37
t1_pcxgahb,t3_1wtfkyp,OrneryAd403,I’m doing the same right now. Buying as much as I can. This is the price I deserve it at since I didn’t take the time to learn about it then. But I’m putting 90% of all my pay into it weekly and will continue doing so. Hopefully it will pay off,"I'm doing the same thing as before, investing in Bitcoin as much as possible. This is the price I deserve it at since I didn’t take the time to learn about it then. Hopefully it will pay off.",2026-09-29T16:58:04.354Z,bitcoin,2026-09-29T16:58:04.354Z,2026-09-29,2026-09-28,OPINION_OTHER,bitcoin,False,,,,,,NOT_CHECKABLE,bitcoin mentioned but no price direction or number,NOT_SCORED,False,bitcoin,0.15,2.12,3.37
t1_pctqad3,t3_1wtfkyp,OrneryAd403,"Nicee, I just started transitioning into the standard and don’t want to own any usd anymore. Yea it’s a risk but it’s something I’m willing to take","Nicee, I just started transitioning into the cryptocurrency trend where I no longer own any usd. Yea it's a risk but it's something I'm willing to take",2026-09-29T16:58:04.354Z,bitcoin,2026-09-29T16:58:04.354Z,2026-09-29,2026-09-28,OPINION_OTHER,bitcoin,True,,,,,,NOT_CHECKABLE,bitcoin mentioned but no price direction or number,NOT_SCORED,False,bitcoin,0.15,2.12,3.37
t1_pctsrsa,t3_1wtfkyp,Foreign-Put1361,Only “usd” I hold is usdc and I get my 3.75% paid in BTC. I still keep some fiat if I need cash for something.,Only “usd” I hold is usdc and I get my 3.75% paid in BTC. I still keep some fiat if I need cash for something.,2026-09-29T16:58:04.354Z,bitcoin,2026-09-29T16:58:04.354Z,2026-09-29,2026-09-28,OPINION_OTHER,bitcoin,False,,,,,,NOT_CHECKABLE,bitcoin mentioned but no price direction or number,NOT_SCORED,False,bitcoin,0.15,2.12,3.37
t1_pcttzcn,t3_1wtfkyp,OrneryAd403,I put all my eggs into one basket. I have like maybe a couple grand in fiat but 99% of my wealth is stored in btc. I should look more into usdc,I put all my eggs into one basket. I have like maybe a couple grand in fiat but 99% of my wealth is stored in btc. I should look more into usdc,2026-09-29T16:58:04.354Z,bitcoin,2026-09-29T16:58:04.354Z,2026-09-29,2026-09-28,OPINION_OTHER,bitcoin,False,,,,,,NOT_CHECKABLE,bitcoin mentioned but no price direction or number,NOT_SCORED,False,bitcoin,0.15,2.12,3.37
t1_pctwxhw,t3_1wtfkyp,Top-Stepdeez,I get paid in bitcoin through strike from employer. I use Coinbase credit for all expenses and bills. Then transfer Bitcoin from strike to Coinbase every month to pay bill off in Bitcoin. I live on the Bitcoin standard. I also use my Bitcoin as collateral for line of credit or loan when I need big cash.,I get paid in Bitcoin through strike from employer and use it for all expenses and bills. I also use my Bitcoin as collateral for line of credit or loan when I need big cash. I live on the Bitcoin standard.,2026-09-29T16:58:04.354Z,bitcoin,2026-09-29T16:58:04.354Z,2026-09-29,2026-09-28,OPINION_OTHER,bitcoin,False,,,,,,NOT_CHECKABLE,bitcoin mentioned but no price direction or number,NOT_SCORED,False,bitcoin,0.15,2.12,3.37
t1_pctx909,t3_1wtfkyp,OrneryAd403,You are living the true bitcoin standard. I hope to live like that soon. Still figuring out and learning how to actually do so,You are living the true bitcoin standard. I hope to live like that soon.,2026-09-29T16:58:04.354Z,bitcoin,2026-09-29T16:58:04.354Z,2026-09-29,2026-09-28,OPINION_OTHER,bitcoin,False,,,,,,NOT_CHECKABLE,bitcoin mentioned but no price direction or number,NOT_SCORED,False,bitcoin,0.15,2.12,3.37
t1_pcujqd8,t3_1wtfkyp,Toshi_Monster,"I'm frugal and buy BTC with my disposable income. I can't bring myself to sell my Sats (not now anyway), so I don't use it to buy anything. So I am not living The Bitcoin Standard yet.","I'm frugal and buy Bitcoin with my disposable income. I can't bring myself to sell my Sats (not now anyway), so I don't use it to buy anything. So I am not living The Bitcoin Standard yet.",2026-09-29T16:58:04.354Z,bitcoin,2026-09-29T16:58:04.354Z,2026-09-29,2026-09-28,OPINION_OTHER,bitcoin,False,,,,,,NOT_CHECKABLE,bitcoin mentioned but no price direction or number,NOT_SCORED,False,bitcoin,0.15,2.12,3.37
t1_pcvrs4p,t3_1wtfkyp,Makunouchiipp0,"Only a small handful of early adopters OR people with businesses that receive a large amount of their turnover in bitcoin are living on a Bitcoin standard.

I save all my excess in bitcoin. There would be no point converting my entire pay cheque when I spend everything I don’t save in bitcoin.",Only a small handful of early adopters OR people with businesses that receive a large amount of their turnover in bitcoin are living on a Bitcoin standard.I save all my excess in bitcoin. There would be no point converting my entire pay cheque when I spend everything I don’t save in,2026-09-29T16:58:04.354Z,bitcoin,2026-09-29T16:58:04.354Z,2026-09-29,2026-09-28,OPINION_OTHER,bitcoin,False,,,,,,NOT_CHECKABLE,bitcoin mentioned but no price direction or number,NOT_SCORED,False,bitcoin,0.15,2.12,3.37
t1_pcu1yoj,t3_1wtfkyp,austin-delts,"No one, this is a stupid question, bitcoin isn’t money and never will be.","No one, this is a stupid question, bitcoin isn’t money and never will be.",2026-09-29T16:58:04.354Z,bitcoin,2026-09-29T16:58:04.354Z,2026-09-29,2026-09-28,OPINION_OTHER,bitcoin,False,,,,,,NOT_CHECKABLE,bitcoin mentioned but no price direction or number,NOT_SCORED,False,bitcoin,0.15,2.12,3.37
t1_pcu438o,t3_1wtfkyp,CyanDew,give me one then.,give me one then.,2026-09-29T16:58:04.354Z,bitcoin,2026-09-29T16:58:04.354Z,2026-09-29,2026-09-28,OPINION_OTHER,,False,,,,,,NOT_CHECKABLE,No crypto asset mentioned,NOT_SCORED,False,bitcoin,0.15,2.12,3.37
t1_pctv58b,t3_1wtf560,mlhender,The big one lately with buttcoiners is “greater fools” theory. They are worried about no one having kids and thus ruining their current greater fools fiat investments and want to somehow project it onto Bitcoin,"The big one lately with buttcoiners is ""greater fools"" theory. They are worried about no one having kids and thus ruining their current greater fools fiat investments and want to somehow project this fear onto Bitcoin.",2026-09-29T16:41:45.048Z,bitcoin,2026-09-29T16:41:45.048Z,2026-09-29,2026-09-28,OPINION_OTHER,bitcoin,False,,,,,,NOT_CHECKABLE,bitcoin mentioned but no price direction or number,NOT_SCORED,False,bitcoin,0.15,2.12,3.37
t1_pcuep64,t3_1wtf560,greglogan84,"One category worth adding might be:

“Bitcoin can't recover after [specific crisis].”

Rather than generic “Bitcoin is dead” predictions, collect claims tied to specific events:

• exchange collapses
• mining bans
• major protocol scares
• regulatory crackdowns
• large market crashes

It would be interesting because readers could see how the reason for declaring Bitcoin finished changed over time, even though the conclusion stayed the same.","The text discusses various claims about Bitcoin's recovery after specific crises, highlighting differing views on its future.
Downtrend: Bitcoin.",2026-09-29T16:41:45.048Z,bitcoin,2026-09-29T16:41:45.048Z,2026-09-29,2026-09-28,TREND,bitcoin,False,DOWN,,FLAT,0.15,0.15,INCONCLUSIVE,"Claimed DOWN, market flat (+0.15%)",NOT_SCORED,False,bitcoin,0.15,2.12,3.37
t1_pctnbzy,t3_1wtf560,k0lt1,Nothing has turned out wrong yet. History will tell,Nothing has turned out wrong yet. History will tell.,2026-09-29T16:41:45.048Z,bitcoin,2026-09-29T16:41:45.048Z,2026-09-29,2026-09-28,OPINION_OTHER,,False,,,,,,NOT_CHECKABLE,No crypto asset mentioned,NOT_SCORED,False,bitcoin,0.15,2.12,3.37
t1_pcu6qt3,t3_1wt37n7,escodelrio,"Historical Bitcoin prices for today, September 29th:

2026 - $83,290

2025 - $114,400

2024 - $65,635

2023 - $26,912

2022 - $19,573

2021 - $41,564

2020 - $10,845

2019 - $8,104

2018 - $6,602

2017 - $4,163

2016 - $606

2015 - $237

2014 - $375

2013 - $144

2012 - $12.4

2011 - $4.80

2010 - $0.10

Additional Stats:

Bitcoin's current market cap is $1.67 trillion.

Bitcoin's current block height is 969187; with the average block time for the last 7 days being 10.07 minutes and the average block size for the last 7 days being 1.57MB.

Bitcoin's average block time for the year 2026 is 10.18 minutes.

Bitcoin's mining difficulty is currently 132.76 trillion; with the next difficulty adjustment anticipated on 03-Oct-2026 (within 509 blocks). The mining difficulty is currently expected to decrease 0.12% to 132.60 trillion.

Bitcoin's current block reward is 3.125₿, which is worth $260,281 per block.

Bitcoin's average daily miners' revenue for the last 7 days is $41.87M; which translates to $0.0441 per terahash per sec.

The next Bitcoin halving is anticipated to happen between 26-Mar-2028 to 20-Apr-2028 (within 80,813 blocks); the block reward will fall to 1.5625₿.

There are currently 109,049 total Bitcoin nodes; with 25,799 being reachable nodes.

Bitcoin's average daily hashrate for the last 7 days is 949 exahashes per second.

Bitcoin's average daily trading volume for the last 7 days is $33.61 billion.

Bitcoin's average daily number of transactions for the last 7 days is 673,377.

Bitcoin's average transaction fee for the last 7 days is 2.8 sats/VB, with the average fee's USD amount being $0.40; with the median values being 0.41 sats/VB & $0.06 respectively.

There are currently 20.09M ₿ in circulation, leaving 0.91M to be mined.

There are currently 4.19M ₿ held by companies, governments, DeFi, and ETFs, representing 20.84% of circulating supply.

There are currently 59,518,542 nonzero Bitcoin addresses that contain 165.18M UTXOs.

Bitcoin's average daily price from 18-Jul-2010 to 29-Sep-2026 is $22,106.

Bitcoin's average daily price for the year 2026 is $73,048.

1 US Dollar ($) currently equals: 1,201 satoshis; making 1 penny equal 12.01 sats.

Bitcoin's minimum (closing) price for the year 2026 was $58,558.86 on 30-Jun-2026.

Bitcoin's maximum (closing) price for the year 2026 was $96,929.33 on 14-Jan-2026.

Bitcoin's minimum (intraday) price for the year 2026 was $57,747.76 on 01-Jul-2026.

Bitcoin's maximum (intraday) price for the year 2026 was $97,860.60 on 14-Jan-2026.

Bitcoin's largest daily decrease for the year 2026 was -$10,317.60 on 05-Feb-2026.

Bitcoin's largest daily increase for the year 2026 was +$7,853.29 on 06-Feb-2026.

Bitcoin's all-time high (intraday) was $126,198.07 on 06-Oct-2025. Bitcoin is down 34.0% from the ATH. However, Bitcoin is up 44.23% from the lowest point since the last ATH.

Bitcoin has not reached an all-time high in 2026.

It has been 358 days since the last ATH.","Bitcoin's current market cap is $1.67 trillion, with a recent decrease in price to $83,290, highlighting a downtrend, while the upcoming halving event and transaction fees are highlighted.

Downtrend: Bitcoin.",2026-09-29T07:00:45.074Z,bitcoin,2026-09-29T07:00:45.074Z,2026-09-29,2026-09-28,TREND,bitcoin,False,DOWN,,FLAT,0.15,0.15,INCONCLUSIVE,"Claimed DOWN, market flat (+0.15%)",NOT_SCORED,False,bitcoin,0.15,2.12,3.37
t1_pcu418d,t3_1wt37n7,Secret_Operative,Bitcoin is autonomy. I continue to hold. I support other choices 100%.,Bitcoin is a keystone of my support for autonomy. I continue to hold.,2026-09-29T07:00:45.074Z,bitcoin,2026-09-29T07:00:45.074Z,2026-09-29,2026-09-28,OPINION_OTHER,bitcoin,False,,,,,,NOT_CHECKABLE,bitcoin mentioned but no price direction or number,NOT_SCORED,False,bitcoin,0.15,2.12,3.37
t1_pctnqg3,t3_1wt37n7,Njhuang86,There is sufficient evidence that 82K (prior high from May) has become a local bottom. Higher highs and higher lows. We are literally a small gap up from 90K. Buy and profit massively in about one week!,"There is sufficient evidence that 82K (prior high from May) has become a local bottom, indicating a potential strong upward trend for Bitcoin. We are literally a small gap up from 90K. Buy and profit massively in about one week!",2026-09-29T07:00:45.074Z,bitcoin,2026-09-29T07:00:45.074Z,2026-09-29,2026-09-28,PREDICTION,bitcoin,False,UP,,,,,NOT_CHECKABLE,Price prediction (future-tense) - can't be scored at posting time,NOT_SCORED,False,bitcoin,0.15,2.12,3.37
t1_pctersy,t3_1wt37n7,Smooth-Papaya-2507,Seems to follow bonds. 10 year rises and BTC ticks lower.,Bitcoin shows a downtrend as it follows 10 year bond rises and declines. 10 year rises and BTC ticks lower.,2026-09-29T07:00:45.074Z,bitcoin,2026-09-29T07:00:45.074Z,2026-09-29,2026-09-28,TREND,bitcoin,False,DOWN,,FLAT,0.15,0.15,INCONCLUSIVE,"Claimed DOWN, market flat (+0.15%)",NOT_SCORED,False,bitcoin,0.15,2.12,3.37
t1_pctpbd3,t3_1wt37n7,Njhuang86,BTC is up by almost 7% on a month-to-month basis.,"Bitcoin is experiencing a significant uptrend, with a nearly 7% increase month-to-month.",2026-09-29T07:00:45.074Z,bitcoin,2026-09-29T07:00:45.074Z,2026-09-29,2026-09-28,NUMERIC_PERCENT,bitcoin,False,UP,7.0,FLAT,0.15,0.15,APPROXIMATE,"Claimed +7.0%, bitcoin moved +0.15% (off by 6.9 points)",APPROXIMATE,True,bitcoin,0.15,2.12,3.37
t1_pct424t,t3_1wt37n7,Secret_Operative,Stocks down since yesterday. Bitcoin same price.,"Stocks have decreased since yesterday, with Bitcoin same price as yesterday.",2026-09-29T07:00:45.074Z,bitcoin,2026-09-29T07:00:45.074Z,2026-09-29,2026-09-28,TREND,bitcoin,False,DOWN,,FLAT,0.15,0.15,INCONCLUSIVE,"Claimed DOWN, market flat (+0.15%)",NOT_SCORED,False,bitcoin,0.15,2.12,3.37
t1_pcrh510,t3_1wt37n7,CatsGotANosebleed,"Just looking at my finances… in 2020 I was a poor student making a career pivot and dumped all my spare money into bitcoin on a whim between ‘21-‘22. DCA’d in 2023 then stopped and basically forgot about the whole thing. I knew I shouldn’t have all my eggs in one basket as they say, so I started reading up on stocks, best savings accounts, ISAs (I’m in the U.K.) and managing my pensions. Once I graduated and started working, I started saving heavily to balance my books since Bitcoin was my biggest asset at the time.

Happy to say that I’ve completely turned my finances around from basically having nothing at 36, to being about 70/30 on spread investments+cash and bitcoin at 41. And I haven’t sold a single satoshi! I’m getting closer to a point where I’m going to start buying bitcoin again now that my overall spread is a bit less risky and look forward to seeing where it goes from there.

My story wasn’t a “whoa I made tons of money from bitcoin” but rather a story of how getting hyperfixated on it on one rainy February evening in 2021 led me to finally developing financial skills that eventually put me in a position where I’ve stayed debt free and can buy my own home without having to rely on anyone else. This really feels like freedom. Thanks Bitcoin. 😄","Bitcoin's investment in the cryptocurrency has led to a positive financial transformation, with my personal financial knowledge and experience leading to a financial freedom that feels like freedom. 
Uptrend: Bitcoin.",2026-09-29T07:00:45.074Z,bitcoin,2026-09-29T07:00:45.074Z,2026-09-29,2026-09-28,TREND,bitcoin,False,UP,,FLAT,0.15,0.15,INCONCLUSIVE,"Claimed UP, market flat (+0.15%)",NOT_SCORED,False,bitcoin,0.15,2.12,3.37
t1_pcwl5ex,t3_1wtoik5,No_Way5818,8 years later it will be worth 0.0012 BTC,"8 years later it will be worth 0.0012 BTC, indicating a positive trend for the cryptocurrency.",2026-09-29T22:43:36.646Z,bitcoin,2026-09-29T22:43:36.646Z,2026-09-29,2026-09-28,TREND,bitcoin,False,UP,,FLAT,0.15,0.15,INCONCLUSIVE,"Claimed UP, market flat (+0.15%)",NOT_SCORED,False,bitcoin,0.15,2.12,3.37
t1_pcwf00y,t3_1wtoik5,cuteman,"I don't think you can text, call, run apps or browse the net on BTC while mobile",Text is not allowed on Bitcoin while mobile.,2026-09-29T22:43:36.646Z,bitcoin,2026-09-29T22:43:36.646Z,2026-09-29,2026-09-28,OPINION_OTHER,bitcoin,False,,,,,,NOT_CHECKABLE,bitcoin mentioned but no price direction or number,NOT_SCORED,False,bitcoin,0.15,2.12,3.37
t1_pcxgskd,t3_1wtoik5,SpeedyVanmoofer,"Nobody telling me to buy the duo, but ur telling people to buy btc, which would make them sheep no?","Nobody telling me to buy the duo, but ur telling people to buy btc, which would make them sheep no?",2026-09-29T22:43:36.646Z,bitcoin,2026-09-29T22:43:36.646Z,2026-09-29,2026-09-28,OPINION_OTHER,bitcoin,False,,,,,,NOT_CHECKABLE,bitcoin mentioned but no price direction or number,NOT_SCORED,False,bitcoin,0.15,2.12,3.37
t1_pckc9uv,t3_1wsdbj5,Spiritual_Toe_622,"Love seeing the BTC/gold chart, the trend is undeniable even if we're still far from that 41 oz peak",Bitcoin shows a definite upward trend as indicated by the recent price movements on the Bitcoin/gold chart.Love seeing the Bitcoin trend.,2026-09-28T12:31:21.688Z,bitcoin,2026-09-28T12:31:21.688Z,2026-09-28,2026-09-28,TREND,bitcoin,False,UP,,DOWN,-1.13,-1.13,CONTRADICTED,"Claimed UP, market DOWN -1.13%",INACCURATE,True,bitcoin,-1.13,2.84,2.2
t1_pcl6t1p,t3_1wsdbj5,Alyanah22,Strong uptrend against gold! Proves why stacking and holding long-term always beats trying to time every little dip.😁,Strong uptrend against gold! Proves why stacking and holding long-term strategies is a strong investment strategy.,2026-09-28T12:31:21.688Z,bitcoin,2026-09-28T12:31:21.688Z,2026-09-28,2026-09-28,OPINION_OTHER,,False,,,,,,NOT_CHECKABLE,No crypto asset mentioned,NOT_SCORED,False,bitcoin,-1.13,2.84,2.2
t1_pcqgevm,t3_1wsdbj5,rakibulatx,$BTC 100k coming soon,"$BTC 100k is nearing a likely milestone, according to recent analysis.",2026-09-28T12:31:21.688Z,bitcoin,2026-09-28T12:31:21.688Z,2026-09-28,2026-09-28,NUMERIC_PRICE,bitcoin,False,,100000.0,,83502.61,,INACCURATE,"Claimed $100,000, bitcoin traded $82,571-$84,973 that day (off by 18.0%)",INACCURATE,True,bitcoin,-1.13,2.84,2.2
t1_pclsrp8,t3_1wsdbj5,CryptoDeepDive,"Bitcoin typically takes a worse blood bath than Gold due to rate hikes, so typically you should see the opposite of this. Definitely does not explain the uptrend, nor does it have to.","Bitcoin typically experiences a worse blood bath than gold due to rate hikes, but this does not explain its uptrend.",2026-09-28T12:31:21.688Z,bitcoin,2026-09-28T12:31:21.688Z,2026-09-28,2026-09-28,TREND,bitcoin,False,UP,,DOWN,-1.13,-1.13,CONTRADICTED,"Claimed UP, market DOWN -1.13%",INACCURATE,True,bitcoin,-1.13,2.84,2.2
t1_pcm1axl,t3_1wsdbj5,Fearless-Sherbert-40,They say there’s a lot of sell pressure from Russia right now. Still this is a great buying opportunity.,"They say there is a lot of sell pressure from Russia right now, which creates a buying opportunity for Ethereum.",2026-09-28T12:31:21.688Z,bitcoin,2026-09-28T12:31:21.688Z,2026-09-28,2026-09-28,OPINION_OTHER,ethereum,False,,,,,,NOT_CHECKABLE,ethereum mentioned but no price direction or number,NOT_SCORED,False,ethereum,0.06,3.1,2.1
t1_pcnixpy,t3_1wsdbj5,Porcellanidae,"Makes statement that true value of Bitcoin is measured in gold, summarizing the statement by measuring in shitty fiat","Makes statement that true value of Bitcoin is measured in gold, summarizing the statement by measuring in shitty fiat",2026-09-28T12:31:21.688Z,bitcoin,2026-09-28T12:31:21.688Z,2026-09-28,2026-09-28,OPINION_OTHER,bitcoin,False,,,,,,NOT_CHECKABLE,bitcoin mentioned but no price direction or number,NOT_SCORED,False,bitcoin,-1.13,2.84,2.2
t1_pcmhs67,t3_1wsdbj5,No-Confusion4519,"Interesting way to look at it.

BTC vs USD gets all the attention, but comparing it to gold gives a completely different perspective.","Bitcoin's comparison to gold highlights a contrasting perspective on its value compared to the USD. 
Uptrend: Bitcoin.",2026-09-28T12:31:21.688Z,bitcoin,2026-09-28T12:31:21.688Z,2026-09-28,2026-09-28,TREND,bitcoin,False,UP,,DOWN,-1.13,-1.13,CONTRADICTED,"Claimed UP, market DOWN -1.13%",INACCURATE,True,bitcoin,-1.13,2.84,2.2
t1_pcr880c,t3_1wsdbj5,leifa888,"When gold is down, BTC is UPPPPPPP","When gold is down, Bitcoin is UPPPPPPP",2026-09-28T12:31:21.688Z,bitcoin,2026-09-28T12:31:21.688Z,2026-09-28,2026-09-28,TREND,bitcoin,False,DOWN,,DOWN,-1.13,-1.13,VERIFIED,bitcoin was DOWN -1.13% over 1d,ACCURATE,True,bitcoin,-1.13,2.84,2.2
t1_pcs49mp,t3_1wsdbj5,cleankiwii,"watching HOW TO LIVE ON EARTH made me really aware of how much gross is gold: mfs are poisoning villages to get that little poop of gold from underground, only to go back down in the vaults

the old man talking also referred at bitcoin as something that is not working anymore. why? anybody knows what was his argument?","The text discusses the disgusting nature of gold and mentions Bitcoin as something that is not working anymore.
Downtrend: Bitcoin.",2026-09-28T12:31:21.688Z,bitcoin,2026-09-28T12:31:21.688Z,2026-09-28,2026-09-28,TREND,bitcoin,False,DOWN,,DOWN,-1.13,-1.13,VERIFIED,bitcoin was DOWN -1.13% over 1d,ACCURATE,True,bitcoin,-1.13,2.84,2.2
t1_pcue5ka,t3_1wsdbj5,greglogan84,"BTC/gold is actually a useful chart because it removes the dollar from the comparison.

But I wouldn't read too much into a short window.

Bitcoin and gold behave very differently in terms of volatility, liquidity and investor base.

I'd be much more interested in seeing this ratio over full market cycles rather than trying to extrapolate the latest move.","Bitcoin and gold show contrasting trends in terms of volatility, liquidity, and investor base, but the text doesn't provide detailed trend analysis for recent trends.

Downtrend: Bitcoin.",2026-09-28T12:31:21.688Z,bitcoin,2026-09-28T12:31:21.688Z,2026-09-28,2026-09-28,TREND,bitcoin,False,DOWN,,DOWN,-1.13,-1.13,VERIFIED,bitcoin was DOWN -1.13% over 1d,ACCURATE,True,bitcoin,-1.13,2.84,2.2
t1_pcmwm0k,t3_1wsg5fg,infernal_celery,"It’s interesting. Something to monitor but not to freak out about.

The paper suggests c.20k physical qubits using trapped ion quantum computing can break secp256k in 26ish days.

On trapped ion, the leader has created 48 to date. On other technologies the record is 96, but that seems to produce fewer logical qubits. I’m not sure about 2030 being “Q Day” but if it is then fine.  https://entangledfuture.com/best-quantum-computers/

Obviously the risk is legacy addresses and possibly Taproot. However 26 days isn’t enough to rush the mempool, which for native SegWit is the big threat. As things stand, should Q Day happen before a Bitcoin upgrade, the short term answer is to make whatever transaction you want then within 26 days send all your funds to a new SegWit wallet, consolidating your UTXOs under the unused key.

So I’d say it’s not ideal but not catastrophic. Satoshi’s wallet could get hit I suppose but that’s just a risk. The counterargument is that hitting a Satoshi-era whale would draw attention to the attacker and might in a market rush defeat the object of attacking the wallet. If you’re sat on the first serious quantum computer you might not want the world to know you have it.","The text discusses the potential risks and benefits of trapped ion quantum computing with Bitcoin's upcoming upgrade to SegWit, focusing on the short-term impact on legacy addresses and the potential long-term security of Bitcoin.

Uptrend: Bitcoin.",2026-09-28T14:29:09.862Z,bitcoin,2026-09-28T14:29:09.862Z,2026-09-28,2026-09-28,TREND,bitcoin,False,UP,,DOWN,-1.13,-1.13,CONTRADICTED,"Claimed UP, market DOWN -1.13%",INACCURATE,True,bitcoin,-1.13,2.84,2.2
t1_pco8dtk,t3_1wsg5fg,tjackson_12,"I don’t think we will see Satoshi getting jacked, but I do think we might find out who has the keys to his wallet when that person does move them and protect them","I don’t think we will see Satoshi getting jacked, but I do think we might find out who has the keys to his wallet and protect them.",2026-09-28T14:29:09.862Z,bitcoin,2026-09-28T14:29:09.862Z,2026-09-28,2026-09-28,OPINION_OTHER,,False,,,,,,NOT_CHECKABLE,No crypto asset mentioned,NOT_SCORED,False,bitcoin,-1.13,2.84,2.2
t1_pcowu8u,t3_1wsg5fg,immersive-matthew,"People in Bitcoin are way more concerned and frankly on top of the risks of tech exposing the network. Meanwhile Centralized money crowd seem oblivious to the fact that anything Centralized of value are getting more and more hacked with each passing year and if you extend that trend line into the near future, it does not look good at all yet so few talk about this reality.

The future is decentralized and Bitcoin is leading the charge as it is the biggest, most unsuccessfully hacked system ever created despite massive efforts by the biggest players. It is a safe haven in a world where centralized = sitting duck in an AI world.","Bitcoin is being increasingly viewed as a leader in decentralized finance amid growing concerns about tech vulnerabilities in the centralized financial system. It is a safe haven in a world where centralized value systems are becoming more hacked. 
Downtrend: Bitcoin.",2026-09-28T14:29:09.862Z,bitcoin,2026-09-28T14:29:09.862Z,2026-09-28,2026-09-28,TREND,bitcoin,False,DOWN,,DOWN,-1.13,-1.13,VERIFIED,bitcoin was DOWN -1.13% over 1d,ACCURATE,True,bitcoin,-1.13,2.84,2.2
t1_pcngdfj,t3_1wsg5fg,L-1-3-S,"Theres a difference between things that can be accomplished with technological process, and barriers in the laws of physics. Thats like saying we'll go faster than light because computers are faster now.","The text discusses technological advancements like faster computers and nanotechnology, but does not directly address the underlying physics issues.Theres a difference between things that can be accomplished with technological process, and barriers in the laws of physics.",2026-09-28T14:29:09.862Z,bitcoin,2026-09-28T14:29:09.862Z,2026-09-28,2026-09-28,OPINION_OTHER,,False,,,,,,NOT_CHECKABLE,No crypto asset mentioned,NOT_SCORED,False,bitcoin,-1.13,2.84,2.2
t1_pcnpa0v,t3_1wsg5fg,Cryptizard,"Yeah, but $100 billion in dormant coins becoming active will tank the price and shake confidence in the protocol.","The news article mentions concerns over dormant coins potentially being active and affecting the cryptocurrency protocol.Yeah, but $100 billion in dormant coins becoming active could significantly impact the price.",2026-09-28T14:29:09.862Z,bitcoin,2026-09-28T14:29:09.862Z,2026-09-28,2026-09-28,PREDICTION,bitcoin,True,,,,,,NOT_CHECKABLE,Price prediction (future-tense) - can't be scored at posting time,NOT_SCORED,False,bitcoin,-1.13,2.84,2.2
t1_pcnvn4i,t3_1wsg5fg,georgeknoxx,"If I'm not mistaken, if they attack your address as soon as you spend, then crack it very quickly, they could transmit a conflicting double-spend and potentially win the race to get their transaction accepted before yours. If the computation is incredibly fast, it could help if they have a network of their own low latency nodes to push their transaction through the network faster than yours. I'm sure there are intricacies that I'm glossing over but it sounds plausible.","If I'm not mistaken, if they attack your address as soon as you spend, then they could potentially win the race to get their transaction accepted before yours due to high network speeds. If the computation is incredibly fast, it could help if they have a network of their own low latency nodes to",2026-09-28T14:29:09.862Z,bitcoin,2026-09-28T14:29:09.862Z,2026-09-28,2026-09-28,OPINION_OTHER,,False,,,,,,NOT_CHECKABLE,No crypto asset mentioned,NOT_SCORED,False,bitcoin,-1.13,2.84,2.2
t1_pcqjmox,t3_1wsg5fg,jjduhamer,"Most of the coins are kept in cold storage, but a hot wallet is needed to cover withdrawals in real time. On the large exchanges, it can be quite a big amount.","Most of the coins are kept in cold storage, but a hot wallet is needed to cover withdrawals in real time. On the large exchanges, it can be quite a big amount.",2026-09-28T14:29:09.862Z,bitcoin,2026-09-28T14:29:09.862Z,2026-09-28,2026-09-28,EVENT_NEWS,,False,,,,,,NOT_CHECKABLE,No crypto asset mentioned,NOT_SCORED,False,bitcoin,-1.13,2.84,2.2
t1_pcsbtw2,t3_1wsg5fg,OrangePillar,Every transfer of bitcoin requires moving at least one UTXO and there’s no reason an exchange can’t use a new address every time. The number of addresses is virtually unlimited.,"Every transfer of bitcoin requires moving at least one UTXO, and there is no limit to the number of addresses an exchange can set up.",2026-09-28T14:29:09.862Z,bitcoin,2026-09-28T14:29:09.862Z,2026-09-28,2026-09-28,TREND,bitcoin,False,UP,,DOWN,-1.13,-1.13,CONTRADICTED,"Claimed UP, market DOWN -1.13%",INACCURATE,True,bitcoin,-1.13,2.84,2.2
t1_pcsbpdg,t3_1wsg5fg,IHateCreatingSNs,Everyone always talks about Bitcoin encryption or wallets being broken...... What about your bank account? Or online brokerage account?,"Everyone always talks about Bitcoin encryption and wallets being broken, but what about your bank account?",2026-09-28T14:29:09.862Z,bitcoin,2026-09-28T14:29:09.862Z,2026-09-28,2026-09-28,OPINION_OTHER,bitcoin,False,,,,,,NOT_CHECKABLE,bitcoin mentioned but no price direction or number,NOT_SCORED,False,bitcoin,-1.13,2.84,2.2
t1_pcscije,t3_1wsg5fg,Cryptizard,"Those aren’t solely controlled by a wallet encryption key. The bank has passwords, two-factor authentication, etc. And also banks are already well underway upgrading to PQC because they don’t need to manufacture consensus nor are there massive performance implications for upgrading.

The circumstances are just drastically different. Bitcoin is uniquely vulnerable. The parts that are normally a strength, decentralization and self-custody, are now working against it.","The text describes Bitcoin's unique vulnerability and the challenges faced by decentralization and self-custody due to PQC upgrades. 
Downtrend: Bitcoin.",2026-09-28T14:29:09.862Z,bitcoin,2026-09-28T14:29:09.862Z,2026-09-28,2026-09-28,TREND,bitcoin,False,DOWN,,DOWN,-1.13,-1.13,VERIFIED,bitcoin was DOWN -1.13% over 1d,ACCURATE,True,bitcoin,-1.13,2.84,2.2
t1_pcmsf30,t3_1wsg5fg,MrTyeFox,What steps does one need to take to move their bitcoin/crypto to a quantum-secure address? How do you know if your wallet is vulnerable?,What steps does one need to take to move their bitcoin or crypto to a quantum-secure address? How do you know if your wallet is vulnerable?,2026-09-28T14:29:09.862Z,bitcoin,2026-09-28T14:29:09.862Z,2026-09-28,2026-09-28,OPINION_OTHER,bitcoin,False,,,,,,NOT_CHECKABLE,bitcoin mentioned but no price direction or number,NOT_SCORED,False,bitcoin,-1.13,2.84,2.2
t1_pcmjz6z,t3_1wsg5fg,Iarguewithretards,Another argument against self custody. Many I suspect will miss the window of opportunity to move coins to quantum tolerant addresses.,"Another argument against self custody. Many I suspect will miss the window of opportunity to move coins to quantum tolerant addresses, potentially impacting their value negatively.",2026-09-28T14:29:09.862Z,bitcoin,2026-09-28T14:29:09.862Z,2026-09-28,2026-09-28,OPINION_OTHER,,False,,,,,,NOT_CHECKABLE,No crypto asset mentioned,NOT_SCORED,False,bitcoin,-1.13,2.84,2.2
t1_pcuffrn,t3_1wsm4bs,Left_Entrepreneur918,"24k, I made my first purchase in summer 2020 when btc was around 10k from the sale of my swords. Then waited on my check from the 401k cash out through September and caught it at 16k. Watching it go from 10k to 16k waiting on that damn check to come, deposit, then clear was hell.

Then I DCA all until 2022, I got an inheritance of 50k. 20k went to new floors, 5k a new gas range and water heater and the rest went to BTC, I bought the day after FTX. I was sweating it though because I had watched it all go to 69k then crash down to 15,500. Everyone was saying wait to 10k but I thought old me would have panic sold so I should panic buy. Then DCA until 2024 then lost my job. I haven’t bought anything since.","Bitcoin's price experienced significant fluctuations, with one plummet to $15,500 before recovering slightly to around $16k by the time it cleared my check. 
Downtrend: Bitcoin.",2026-09-28T18:10:03.680Z,bitcoin,2026-09-28T18:10:03.680Z,2026-09-28,2026-09-28,TREND,bitcoin,False,DOWN,,DOWN,-1.13,-1.13,VERIFIED,bitcoin was DOWN -1.13% over 1d,ACCURATE,True,bitcoin,-1.13,2.84,2.2
t1_pcvzixf,t3_1wsm4bs,snackerjack7331,Damn brother! Nice average! You’ve definitely earned it hodling and buying through that. Are you going to take out loans on your btc to live off of or can you do like 4% withdrawal/sell? I have a similar DCA bitcoin story. I used bitcoin to get out of corporate and retire in my 30s.,Damn brother! Nice average! You’ve definitely earned it hodling and buying through that. I have a similar DCA bitcoin story. I used bitcoin to get out of corporate and retire in my 30s.,2026-09-28T18:10:03.680Z,bitcoin,2026-09-28T18:10:03.680Z,2026-09-28,2026-09-28,OPINION_OTHER,bitcoin,False,,,,,,NOT_CHECKABLE,bitcoin mentioned but no price direction or number,NOT_SCORED,False,bitcoin,-1.13,2.84,2.2
t1_pcwsu3u,t3_1wsm4bs,Left_Entrepreneur918,"So I don’t want to give another institution access to my bitcoin, I use a hardware wallet however with the recent crap going on with hardware wallets maybe an ETF would be better, but if I transfer it, that would create a taxable event…I think I’m just going to go with plan A I told myself in 2020, Hodl to 2030 or pay off the house. Well in 2025 I could have paid off house but I am human and listened to the “it’s going to 250k” crowd, so here I am, maybe next cycle.","So I don’t want to give another institution access to my bitcoin, I use a hardware wallet but am considering alternatives like an ETF, but concerns about tax implications arise. 
Downtrend: Bitcoin.",2026-09-28T18:10:03.680Z,bitcoin,2026-09-28T18:10:03.680Z,2026-09-28,2026-09-28,TREND,bitcoin,False,DOWN,,DOWN,-1.13,-1.13,VERIFIED,bitcoin was DOWN -1.13% over 1d,ACCURATE,True,bitcoin,-1.13,2.84,2.2
t1_pcpf7xh,t3_1wsm4bs,ChickenSwingerz,solid. no one believed in bitcoin in the early days. at this point its fairly obvious its not going away.,solid. no one believed in bitcoin in the early days. at this point its fairly obvious its not going away.,2026-09-28T18:10:03.680Z,bitcoin,2026-09-28T18:10:03.680Z,2026-09-28,2026-09-28,OPINION_OTHER,bitcoin,False,,,,,,NOT_CHECKABLE,bitcoin mentioned but no price direction or number,NOT_SCORED,False,bitcoin,-1.13,2.84,2.2
t1_pcvkdez,t3_1wsm4bs,cooltone,"On re-reading, I agree.","On re-reading, I agree.",2026-09-28T18:10:03.680Z,bitcoin,2026-09-28T18:10:03.680Z,2026-09-28,2026-09-28,OPINION_OTHER,,False,,,,,,NOT_CHECKABLE,No crypto asset mentioned,NOT_SCORED,False,bitcoin,-1.13,2.84,2.2
t1_pcpr6n3,t3_1wsm4bs,ConcernSquare2474,"I was financially illiterate until my 40’s, had nothing of value but also no debt, work eat sleep and pay bills, everyday forever. Had saved some money (like $50k) and decided to read up and take risks because I had a family and was going nowhere to secure my/our future a bit.
Started mid 2017 with mixed portfolio of stocks, BTC and shit coins.
While trading most stocks and shit coins for profit asap, I hodled most BTC through 3 bull runs and bought whatever I could afford in bear markets. Went through some real shit, like work related health issues, wife fucking around and leave me with kids. I survived. Wife came back with regrets. I sold some BTC in 2025 at 120k to buy a house because rent exploded and I wanted something tangible for my family. This year my job was moved to a lower cost country and I was laid off after more than 15years and you know what? I don’t give a fuck no more. I started to study something new. Bitcoin enabled me like nothing else ever. Lucky me, was at the right time at the right place and did the right thing. Thanks Bitcoin! I bought heavy again in this bear btw. - and I still have some stocks and minor shit coins “for the tech” but nothing reasonable (yet).","Bitcoin has enabled me to overcome financial challenges like health issues and divorce, and has been a strong support during recent bear markets.I was financially illiterate until my 40’s, had nothing of value but also no debt, and relied on Bitcoin to stabilize my financial position. Went through some real shit",2026-09-28T18:10:03.680Z,bitcoin,2026-09-28T18:10:03.680Z,2026-09-28,2026-09-28,OPINION_OTHER,bitcoin,False,,,,,,NOT_CHECKABLE,bitcoin mentioned but no price direction or number,NOT_SCORED,False,bitcoin,-1.13,2.84,2.2
t1_pcqg5fq,t3_1wsm4bs,LukeTheHolder,There were only 2 bull runs since 2017. What we had in 2025 was not a bull run definitely.,There were only 2 bull runs since 2017. What we had in 2025 was not a bull run definitely.,2026-09-28T18:10:03.680Z,bitcoin,2026-09-28T18:10:03.680Z,2026-09-28,2026-09-28,OPINION_OTHER,,False,,,,,,NOT_CHECKABLE,No crypto asset mentioned,NOT_SCORED,False,bitcoin,-1.13,2.84,2.2
t1_pcqzn7f,t3_1wsm4bs,FizzOmbrelle,"bitcoin really makes you reconsider how money works, it’s pretty wild","Bitcoin's text really makes you reconsider how money works, it's pretty wild.",2026-09-28T18:10:03.680Z,bitcoin,2026-09-28T18:10:03.680Z,2026-09-28,2026-09-28,OPINION_OTHER,bitcoin,False,,,,,,NOT_CHECKABLE,bitcoin mentioned but no price direction or number,NOT_SCORED,False,bitcoin,-1.13,2.84,2.2
t1_pcsh41x,t3_1wsm4bs,Left_Entrepreneur918,"If I didn’t get out of debt when I did and buy bitcoin when I did once the unemployment ran out things would have gotten bad, now I’m ok. Not rich, but no one stressed here.","If I didn’t get out of debt when I did and buy bitcoin when unemployment ran out things would have gotten bad, now I’m ok. Not rich, but no one stressed here.",2026-09-28T18:10:03.680Z,bitcoin,2026-09-28T18:10:03.680Z,2026-09-28,2026-09-28,OPINION_OTHER,bitcoin,False,,,,,,NOT_CHECKABLE,bitcoin mentioned but no price direction or number,NOT_SCORED,False,bitcoin,-1.13,2.84,2.2
t1_pcq4qlr,t3_1wsm4bs,ElderMight,"In 2020, I lost my very lucrative consulting job because of Covid. The client offered me a full time position but at half the salary, and since I didn't want to risk unemployment at the height of covid, I took it. I had just paid off my student loans.

My income getting cut in half finally forced me to look into investing to somehow make up for what I had lost. I never invested before because I was solely focused on my student loans. I downloaded the robinhood app and looked around. I saw this crypto section and saw bitcoin priced at $10k. I joked to my girlfriend sitting next to me that maybe I should buy one. She said no that's too expensive. And so I didn't buy it and didn't bother looking any further into it. I bought some shit stocks instead.

A few months later, I see in the robinhood app the price of Bitcoin was now at $30k. I thought wait a minute what is this thing that has gone up $20k?? So I began investigating it, watching YT videos, many of which were crypto scammers. An Uber driver randomly told me to buy bitcoin and another top coin. My brother told me to stick with top 10 coins.

I initially bought because I thought it could maybe 2-3x my money. I made at large purchase at $47k. Once I had skin in the game, that's when I really started researching it. I watched the price go up to $69k in 2021, then fall down to the $40k price range. I was at a loss but kept my DCA going because I had learned enough about it to keep accumulating.

Meanwhile I began reading books on bitcoin - The Bitcoin Standard was my first read and it completely orange pilled me. That was the moment I realized holy shit this might be the greatest invention in human history and I don't have enough of it. The price fell to $30k and I got excited. This might be the greatest opportunity of my lifetime.

I withdrew my state retirement and deployed a good chunk of my remaining savings. I doubled my monthly DCA, and I bought all the Bitcoin I possibly could as it fell to $20k and then to $16k. At the time, I could not believe I got to buy at these prices. I finished reading my 4th or 5th book, and my conviction grew with each one I finished.

Starting in 2023, I got a new job that restored my income from the covid days. I trippled my DCA. I kept buying with urgency and desperation. I told my friends to buy but they just laughed at me. By this time, I ran my own node and used it for cold storage. I even run my own electrum server. By end of 2023, I had read 15 books on the topic of bitcoin and economics.

Fast forward to now in 2026, the price sits at $82k. I own a house now and married with a kid, and I still hold bitcoin. I use bitcoin as savings and considerate it to be the best place store and secure my money.

Bitcoin has changed the trajectory of my life and has secured my financial future.","In 2020, I became interested in Bitcoin as a way to invest my money after losing my consulting job due to Covid, and it quickly became a significant part of my financial strategy.

Uptrend: Bitcoin.",2026-09-28T18:10:03.680Z,bitcoin,2026-09-28T18:10:03.680Z,2026-09-28,2026-09-28,TREND,bitcoin,False,UP,,DOWN,-1.13,-1.13,CONTRADICTED,"Claimed UP, market DOWN -1.13%",INACCURATE,True,bitcoin,-1.13,2.84,2.2
t1_pcoprws,t3_1ws8b8c,reddit4485,"The OP said dead forever but later said lost bitcoin and diamond hands. If we went by the latter, we would just have to define diamond hands. So, for instance, bitcoin not moved in 10 years for example.","The text discusses the concept of ""lost bitcoin"" and its correlation with historical trends, highlighting its stability over time. So, for instance, bitcoin not moved in 10 years for example.The OP said dead forever but later said lost bitcoin. If we went by the latter, we would just have to",2026-09-28T07:45:23.858Z,bitcoin,2026-09-28T07:45:23.858Z,2026-09-28,2026-09-28,OPINION_OTHER,bitcoin,False,,,,,,NOT_CHECKABLE,bitcoin mentioned but no price direction or number,NOT_SCORED,False,bitcoin,-1.13,2.84,2.2
t1_pcoqq4f,t3_1ws8b8c,creative_usr_name,"They both look identical to the block chain, we won't know which is which until Bitcoin is updated for quantum protections and that forces most actual users to move their coins.","They both look identical to the block chain, we won't know which is which until Bitcoin is updated for quantum protections, which could affect the movement of coins on the network.",2026-09-28T07:45:23.858Z,bitcoin,2026-09-28T07:45:23.858Z,2026-09-28,2026-09-28,OPINION_OTHER,bitcoin,False,,,,,,NOT_CHECKABLE,bitcoin mentioned but no price direction or number,NOT_SCORED,False,bitcoin,-1.13,2.84,2.2
t1_pcju6fv,t3_1ws8b8c,Vagelen_Von,Someone must give a reward to the dumpster guy for contributing to scarcity of BTC.,Someone must give a reward to the dumpster guy for contributing to the scarcity of Bitcoin.,2026-09-28T07:45:23.858Z,bitcoin,2026-09-28T07:45:23.858Z,2026-09-28,2026-09-28,OPINION_OTHER,bitcoin,False,,,,,,NOT_CHECKABLE,bitcoin mentioned but no price direction or number,NOT_SCORED,False,bitcoin,-1.13,2.84,2.2
t1_pcj793z,t3_1ws8b8c,HankScorpio2020,"All of it. If you buy some, you will be the only holder there ever was. Tell people you were Satoshi.","All of it. If you buy some, you will be the only holder of Satoshi. Tell people you were Satoshi.",2026-09-28T07:45:23.858Z,bitcoin,2026-09-28T07:45:23.858Z,2026-09-28,2026-09-28,OPINION_OTHER,,False,,,,,,NOT_CHECKABLE,No crypto asset mentioned,NOT_SCORED,False,bitcoin,-1.13,2.84,2.2
t1_pcjwchi,t3_1ws8b8c,id-ltd,"Theres discussion of freezing old wallets. The early encryption was not as good and soonish they will be crackable. If satoshis stack was opened up the value of BTC would plummet.

So maybe at some point just reject tx with the old encryption..although I guess you could just count them as tainted so people can chose whether to accept anything that derives from them.",The discussion of freezing old wallets suggests a potential solution for Bitcoin's value decline due to improved encryption. The early encryption was not as good as current versions. If satoshis stack was opened up the value of Bitcoin would plummet.So maybe at some point just reject tx with the old encryption..although I,2026-09-28T07:45:23.858Z,bitcoin,2026-09-28T07:45:23.858Z,2026-09-28,2026-09-28,OPINION_OTHER,bitcoin,False,,,,,,NOT_CHECKABLE,bitcoin mentioned but no price direction or number,NOT_SCORED,False,bitcoin,-1.13,2.84,2.2
t1_pcke5hz,t3_1ws8b8c,Romanizer,"None, we will never know.","None, we will never know.",2026-09-28T07:45:23.858Z,bitcoin,2026-09-28T07:45:23.858Z,2026-09-28,2026-09-28,OPINION_OTHER,,False,,,,,,NOT_CHECKABLE,No crypto asset mentioned,NOT_SCORED,False,bitcoin,-1.13,2.84,2.2
t1_pckpm2a,t3_1ws8b8c,bitusher,"Estimates suggest 2-4 million BTC fall in these categories:

Lost Bitcoins = when owner loses his private keys or backup of keys and wallet and cannot move his UTXO

Unspendable Bitcoins = coins that cannot be spent like the 50 BTC in genesis block

Burned bitcoins = Bitcoins that are sent to a Burn address that no one has access to the private keys like

1BitcoinEaterAddressDontSendf59kuE

1CounterpartyXXXXXXXXXXXXXXXUWLpVr

1111111111111111111114oLvT2

1QLbz7JHiBTspS962RLKV8GndWFwi5j6Qr

4) Destroy Bitcoin = Using OP_RETURN or not redeeming all the block reward if you are a miner

When any of the above happens it does not harm Bitcoin network at all, and simply acts as a charitable donation to all Bitcoin users making Bitcoin more scarce

what's the true available supply being traded on exchanges today?

This is a much different question because most Bitcoin is being held in long term savings and is not available to be traded anytime soon.","The text discusses the impact of lost Bitcoins and burned Bitcoins on the Bitcoin network, highlighting the scarcity and long-term holding of Bitcoin.
Downtrend: Bitcoin.",2026-09-28T07:45:23.858Z,bitcoin,2026-09-28T07:45:23.858Z,2026-09-28,2026-09-28,TREND,bitcoin,False,DOWN,,DOWN,-1.13,-1.13,VERIFIED,bitcoin was DOWN -1.13% over 1d,ACCURATE,True,bitcoin,-1.13,2.84,2.2
t1_pcjxhgv,t3_1ws8b8c,JSIECJ,"Once quantum computing can find the keys those ""dead"" old wallets will be hacked and the BTC will be moved to then (hopefully) quantum resistant wallets, so they will come back in supply. How long this will take depends entirely on the innovations in quantum computing. As for cold wallets I am not entirely sure if quantum computing can break those as well, perhaps somebody else has more knowledge on this subject.","Once quantum computing can find the keys to old wallets, the Bitcoin will be moved to new, more resistant wallets, potentially leading to increased supply. How long this will take depends entirely on the innovations in quantum computing. As for cold wallets I am not entirely sure if these techniques can break those as well,",2026-09-28T07:45:23.858Z,bitcoin,2026-09-28T07:45:23.858Z,2026-09-28,2026-09-28,OPINION_OTHER,bitcoin,False,,,,,,NOT_CHECKABLE,bitcoin mentioned but no price direction or number,NOT_SCORED,False,bitcoin,-1.13,2.84,2.2
t1_pckasvu,t3_1ws8b8c,Darkpriest667,There are BIPs that will prevent coins from non quantum wallets to be moved to quantum wallets after a certain date. :-),There are BIPs that will prevent coins from non quantum wallets to be moved to quantum wallets after a certain date.,2026-09-28T07:45:23.858Z,bitcoin,2026-09-28T07:45:23.858Z,2026-09-28,2026-09-28,OPINION_OTHER,,False,,,,,,NOT_CHECKABLE,No crypto asset mentioned,NOT_SCORED,False,bitcoin,-1.13,2.84,2.2
t1_pck3882,t3_1ws8b8c,na3than,The rert is hearsay but you know Satoshi's 1 million cost are lost forever? How?,The rert is hearsay but you know Satoshi's 1 million cost are lost forever? How?,2026-09-28T07:45:23.858Z,bitcoin,2026-09-28T07:45:23.858Z,2026-09-28,2026-09-28,OPINION_OTHER,,False,,,,,,NOT_CHECKABLE,No crypto asset mentioned,NOT_SCORED,False,bitcoin,-1.13,2.84,2.2
t1_pckqhhn,t3_1ws8b8c,bitusher,"Satoshi having 1 million BTC is a myth created by sergio which was quickly shown to be flawed and contradictory. Here is Sergio's original post -

https://bitcointalk.org/index.php?topic=175996.msg1832533#msg1832533

and followup

https://bitcointalk.org/index.php?topic=178629.0

Where Greg and others point out flaws in his research and how some of it is self contradictory

Here is Bitmex's follow up research on the matter -

https://web.archive.org/web/20260901190313/https://www.bitmex.com/blog/satoshis-1-million-bitcoin

In conclusion, although there is strong evidence of a dominant miner in 2009, we think the evidence is far less robust than many have assumed. Although a picture is worth a thousand words, sometimes pictures can be a little misleading. Even if one is convinced, the evidence only supports the claim that the dominant miner may have generated significantly less than a million bitcoin in our view. Perhaps 600,000 to 700,000 bitcoin is a better estimate.

None of the above says much about whether the dominant miner was Satoshi, although we know Satoshi mined block 9, which we have allocated to the dominant miner in our analysis. However this is in a slope of just 11 blocks, so it’s certainly not conclusive. Whoever the dominant miner was, it is of course possible the keys have been lost or discarded by now.

The analysis is built on a logical fallacy. In any period there is going to be at least one miner who has the largest share or the steepest rate of increase in the ExtraNonce. There are also going to be at least some types slopes which do not overlap. Grouping these slopes from potentially different miners together is misleading and potentially based on flawed reasoning.

Thus block 9 and genesis block was created by Satoshi 100%, and the evidence reflects he might have mined 11 blocks at least in addition to the genesis under these assumptions .

This means the evidence suggests we definitely know satoshi mined 2 blocks , and likely mined 11 blocks, and that perhaps there was a dominant miner who mined between 600-700k bitcoin(not blocks). There are other explanations for the extranonce pattern that do not point to a dominant miner. Simply a similar software setup can cause this.

Since there was over 5 days between the genesis block being mined and block 1 and difficulty was 1 it would be safer to assume satoshi waited for other miners to start mining before joining in . Satoshi released the code 2 months before launching Bitcoin on multiple popular mailing lists and designed the original client so multiple peers on the network must exist to produce blocks.

Here are examples of at least 2 early miners mining alongside satoshi from the start

https://stephanlivera.com/episode/314/

https://twitter.com/halfin/status/1110302988","The article discusses the controversy surrounding Satoshi's claim of having mined 1 million Bitcoin due to a dominant miner, highlighting the lack of robust evidence supporting this claim. 
Downtrend: Bitcoin.",2026-09-28T07:45:23.858Z,bitcoin,2026-09-28T07:45:23.858Z,2026-09-28,2026-09-28,TREND,bitcoin,False,DOWN,,DOWN,-1.13,-1.13,VERIFIED,bitcoin was DOWN -1.13% over 1d,ACCURATE,True,bitcoin,-1.13,2.84,2.2
t1_pcm1zi7,t3_1ws8b8c,bitusher,If anything the Patoshi pattern reflects that satoshi only mined 11 blocks if you trust it. Of course its a deeply flawed analysis for multiple reasons,"If anything the Patoshi pattern reflects that satoshi mined 11 blocks, which is a deeply flawed analysis.",2026-09-28T07:45:23.858Z,bitcoin,2026-09-28T07:45:23.858Z,2026-09-28,2026-09-28,OPINION_OTHER,,False,,,,,,NOT_CHECKABLE,No crypto asset mentioned,NOT_SCORED,False,bitcoin,-1.13,2.84,2.2
t1_pchxesu,t3_1ws1zb9,el_bentzo,80k could be a resistance it bounces off of. Thanks for getting my hopes up that it was below 80k,80k could be a resistance for Bitcoin to break past if it surpasses its current price. Thanks for getting my hopes up that it was below 80k,2026-09-28T01:54:29.156Z,btc,2026-09-28T01:54:29.156Z,2026-09-28,2026-09-28,PREDICTION,bitcoin,False,UP,,,,,NOT_CHECKABLE,Price prediction (future-tense) - can't be scored at posting time,NOT_SCORED,False,bitcoin,-1.13,2.84,2.2
t1_pci3z28,t3_1ws1zb9,Holiday_Hold_919,"You know if everyone sold out of bitcoin right now and just piled all the money into AMD, AMD would probably hit $2000. Everyone would 3-4x their money. Lol","You know if everyone sold out of bitcoin right now and just piled all the money into AMD, AMD would probably hit $2000. Everyone would 3-4x their money. Lol",2026-09-28T01:54:29.156Z,btc,2026-09-28T01:54:29.156Z,2026-09-28,2026-09-28,PREDICTION,bitcoin,False,,,,,,NOT_CHECKABLE,Price prediction (future-tense) - can't be scored at posting time,NOT_SCORED,False,bitcoin,-1.13,2.84,2.2
t1_pci75do,t3_1ws1zb9,MissAmberR,"Stop trying to time the market and listening to people that have no idea what’s going on, buy it and forget about it, come back and check in 10 years you will either be rich, have nothing or be somewhere in between, but buying and selling paying fees and trying to time a volatile market is a sure fire way to end up broke.","Stop trying to time the market and listen to people that have no idea what's going on, buy it and forget about it, come back and check in 10 years you will either be rich, have nothing, or be somewhere in between.",2026-09-28T01:54:29.156Z,btc,2026-09-28T01:54:29.156Z,2026-09-28,2026-09-28,TREND,bitcoin,True,UP,,DOWN,-1.13,-1.13,CONTRADICTED,"Claimed UP, market DOWN -1.13% (generic 'crypto' claim checked against BTC)",INACCURATE,True,bitcoin,-1.13,2.84,2.2
t1_pclv3kc,t3_1ws1zb9,Background-Day-4957,"It fell on Clarity Act failed passage and September rate hike. It pumped on SEC greenlighting tokenization of securities. It fell on bad news, pumped on good news. Bitcoin's price action did what it suppose to do.","Bitcoin experienced a short-term downtrend due to market conditions, but it quickly recovered as positive news came about. 
Downtrend: Bitcoin.",2026-09-28T01:54:29.156Z,btc,2026-09-28T01:54:29.156Z,2026-09-28,2026-09-28,TREND,bitcoin,False,DOWN,,DOWN,-1.13,-1.13,VERIFIED,bitcoin was DOWN -1.13% over 1d,ACCURATE,True,bitcoin,-1.13,2.84,2.2
t1_pctujtp,t3_1wtav36,Jogi1811,This round of the cycle I will most likely cash out and reinvest in my core ETFs. Looking at around $150k. Just a modest increase over the last ATH.,"This round of the cycle I will most likely cash out and reinvest in my core ETFs, with a target price around $150k. Just a modest increase over the last ATH.",2026-09-29T13:58:59.709Z,btc,2026-09-29T13:58:59.709Z,2026-09-29,2026-09-28,OPINION_OTHER,,False,,,,,,NOT_CHECKABLE,No crypto asset mentioned,NOT_SCORED,False,bitcoin,0.15,2.12,3.37
t1_pc4vocm,t3_1woaepm,pyalot,Any coin of significant volume and capitalization that does 3000% in a year will see significant volatility. Because every 1y+ holder is watching the charts quite nervously in fear.,Any coin of significant volume and capitalization that does 3000% in a year will experience significant volatility. Because every 1y+ holder is watching the charts quite nervously in fear.,2026-09-23T16:14:50.865Z,btc,2026-09-23T16:14:50.865Z,2026-09-23,2026-09-21,OPINION_OTHER,,False,,,,,,NOT_CHECKABLE,No crypto asset mentioned,NOT_SCORED,False,bitcoin,-2.08,4.35,-2.96
t1_pblz5xk,t3_1wobi8a,Slimslade33,"Resistance was 82… it closed at a 8 month high and is currently consolidating at 84… up on the week, up on the month…","Bitcoin is consolidating at an 8-month high, showing positive momentum with a recent increase in price.Resistance was 82.",2026-09-23T16:54:06.160Z,btc,2026-09-23T16:54:06.160Z,2026-09-23,2026-09-21,TREND,bitcoin,False,UP,,DOWN,-2.08,-2.08,CONTRADICTED,"Claimed UP, market DOWN -2.08%",INACCURATE,True,bitcoin,-2.08,4.35,-2.96
t1_pbywxoz,t3_1wpvgfn,Sudden_Onions,I would've thought war was good for Bitcoin? Same as gold.,I would've thought war was good for Bitcoin? Same as gold.,2026-09-25T12:48:15.469Z,btc,2026-09-25T12:48:15.469Z,2026-09-25,2026-09-21,OPINION_OTHER,bitcoin,False,,,,,,NOT_CHECKABLE,bitcoin mentioned but no price direction or number,NOT_SCORED,False,bitcoin,-0.41,2.45,0.56
t1_pbz7u2d,t3_1wpvgfn,CoffeeAlternative647,"Gold is -16% since the USA-IRAN conflict. Bitcoin is +31%. And people still pegging Bitcoin to ""digital gold"". Dumbos.","Bitcoin is experiencing a strong uptrend, with people still pegging it as ""digital gold"". Dumbos.Gold is -16% since the USA-Iran conflict. Bitcoin is +31%.",2026-09-25T12:48:15.469Z,btc,2026-09-25T12:48:15.469Z,2026-09-25,2026-09-21,NUMERIC_PERCENT,bitcoin,False,UP,16.0,FLAT,-0.41,-0.41,INACCURATE,"Claimed +16.0%, bitcoin moved -0.41% (off by 16.4 points)",INACCURATE,True,bitcoin,-0.41,2.45,0.56
t1_pbz8uaj,t3_1wpvgfn,Sudden_Onions,But historically gold goes up in value in times of war and other major upheaval for obvious reasons.,"But historically gold goes up in value in times of war and other major upheaval, indicating a potential uptrend for its value.",2026-09-25T12:48:15.469Z,btc,2026-09-25T12:48:15.469Z,2026-09-25,2026-09-21,OPINION_OTHER,,False,,,,,,NOT_CHECKABLE,No crypto asset mentioned,NOT_SCORED,False,bitcoin,-0.41,2.45,0.56
t1_pccftu1,t3_1wpvgfn,MostCod1957,idk about less war but less uncertainty for sure. markets hate not knowing what happens next and this whole iran situation had everyone on edge. when theres a deal people feel safer putting money into riskier stuff like bitcoin,"""Less uncertainty creates a positive sentiment in the market, leading to increased investment in risky assets like Bitcoin. 
Uptrend: Bitcoin.",2026-09-25T12:48:15.469Z,btc,2026-09-25T12:48:15.469Z,2026-09-25,2026-09-21,TREND,bitcoin,False,UP,,FLAT,-0.41,-0.41,INCONCLUSIVE,"Claimed UP, market flat (-0.41%)",NOT_SCORED,False,bitcoin,-0.41,2.45,0.56
t1_pcjxd72,t3_1wsbm4n,magplanklife,That would definitely increase your chances of not being kicked off. Bitcoin is not censorship resistant unfortunately. That sucks that you have to do that its completely legal where im at,That would definitely increase your chances of not being kicked off. Bitcoin is not censorship resistant unfortunately.,2026-09-28T11:05:21.288Z,btc,2026-09-28T11:05:21.288Z,2026-09-28,2026-09-28,TREND,bitcoin,False,UP,,DOWN,-1.13,-1.13,CONTRADICTED,"Claimed UP, market DOWN -1.13%",INACCURATE,True,bitcoin,-1.13,2.84,2.2
t1_pconl51,t3_1wsbm4n,rBoomstar,Solcard u fool,Solcard is not about cryptocurrency trends,2026-09-28T11:05:21.288Z,btc,2026-09-28T11:05:21.288Z,2026-09-28,2026-09-28,OPINION_OTHER,bitcoin,True,,,,,,NOT_CHECKABLE,bitcoin mentioned but no price direction or number,NOT_SCORED,False,bitcoin,-1.13,2.84,2.2
t1_pbt8yme,t3_1wp75ku,Jumpy-Imagination-81,"Just because something is made (artificially) scarce doesn't make it valuable.

I could create a one-of-kind painting, the only one in the world, there is no other exactly like it. But if I tried to sell it for $1 million dollars, or 12 Bitcoin, no one would buy it. Scarcity does not make something valuable.

Bitcoin bros have correctly diagnosed the problem - the supply of fiat currency is unlimited, and every fiat currency in history has gone to zero - but they have come up with the wrong cure, Bitcoin. Bitcoin has too many problems and limitations to make it the dominant global currency. The future lies with tokenized gold, which adapts gold to the 21st century. World central banks and Tether see that future and are acting accordingly. They aren't buying Bitcoin, they are buying gold.

Only four central banks purchased more gold than this company [Tether] in 2026.

https://www.goldrepublic.com/en-us/news/tether-more-gold-than-central-banks

Central banks’ gold buying momentum carries into 2026

https://www.mining.com/central-banks-gold-buying-momentum-carries-into-2026/

After the world moves to tokenized gold, Bitcoin will become as valuable and useful as NFTs.","The text discusses the challenges faced by Bitcoin in becoming a dominant global currency and the potential for tokenized gold to replace it, highlighting Tether's significant gold buying momentum.

Downtrend: Bitcoin.",2026-09-24T16:59:26.397Z,btc,2026-09-24T16:59:26.397Z,2026-09-24,2026-09-21,TREND,bitcoin,False,DOWN,,FLAT,-0.0,-0.0,INCONCLUSIVE,"Claimed DOWN, market flat (-0.00%)",NOT_SCORED,False,bitcoin,-0.0,2.33,-0.98
t1_pbula0k,t3_1wp75ku,Jumpy-Imagination-81,"Retail speculators through Bitcoin ETFs https://www.tftc.io/bitcoin-etf-flows

Individuals and institutions buying Bitcoin ETFs clearly have zero interest in using Bitcoin for what it is created to be, ""A purely peer-to-peer version of electronic cash [that] would allow online payments to be sent directly from one party to another without going through a financial institution"". The Bitcoin in ETFs isn't being and can't be used as a currency, disproving the ""currency of the future"" use case. In 2026 Bitcoin is a speculative ""asset"" bought by people who hope number goes up so they can sell it for more fiat currency than the amount they paid to buy it.","The text describes Bitcoin as a speculative asset owned by retail speculators and not as a currency, contrary to its purported use case. 
Downtrend: Bitcoin.",2026-09-24T16:59:26.397Z,btc,2026-09-24T16:59:26.397Z,2026-09-24,2026-09-21,TREND,bitcoin,False,DOWN,,FLAT,-0.0,-0.0,INCONCLUSIVE,"Claimed DOWN, market flat (-0.00%)",NOT_SCORED,False,bitcoin,-0.0,2.33,-0.98
t1_pcd35zr,t3_1wp75ku,Federal-Complex1992,"Tokenized gold still needs someone to hold the actual gold in a vault somewhere, so you trade one central point of failure for another. At least with bitcoin nobody can print more of it while you sleep.","Tokenized gold still needs someone to hold the actual gold in a vault, so you trade one central point of failure for another. At least with bitcoin nobody can print more of it while you sleep.",2026-09-24T16:59:26.397Z,btc,2026-09-24T16:59:26.397Z,2026-09-24,2026-09-21,OPINION_OTHER,bitcoin,False,,,,,,NOT_CHECKABLE,bitcoin mentioned but no price direction or number,NOT_SCORED,False,bitcoin,-0.0,2.33,-0.98
t1_pcd520i,t3_1wp75ku,Jumpy-Imagination-81,"There wouldn't be only one vault. Central banks around the world and private organizations like Tether can issue tokens, but unlike with fiat currency each token would be backed by and represent physical gold. Since gold is gold wherever it is in the world all tokens would be fungible, one of the qualities of money. As the supply of gold in the world slowly increases due to mining activity the world supply of tokens would slowly increase to keep up with population and economic activity growth, which is actually a good thing. Inflation of the money supply is necessary to keep up with the growth of the population and economic activity, which is one of the flaws of Bitcoin with its supply cap. Inflation of the money supply is bad only when it is excessive and completely unrestricted the way it is with fiat currency.","There wouldn't be only one vault. Central banks around the world and private organizations like Tether could issue tokens, but unlike with fiat currency, they would be backed by physical gold, which is a good thing for inflation to keep up with population and economic activity growth. Since gold is gold wherever it",2026-09-24T16:59:26.397Z,btc,2026-09-24T16:59:26.397Z,2026-09-24,2026-09-21,TREND,tether,False,UP,,FLAT,-0.02,-0.02,INCONCLUSIVE,"Claimed UP, market flat (-0.02%)",NOT_SCORED,False,tether,-0.02,0.08,-0.04
t1_pbughz6,t3_1wp75ku,PopuluxePete,"Serious question for anyone. If in ten more years nothing has changed with BTC, will it still be too early? It's been 17 so far, so what's another 10, 20, 30 years? Will early adopters die before the rest of the world catches up?","Serious question for anyone. If in ten more years nothing has changed with Bitcoin, will it still be too early? It's been 17 so far, so what's another 10, 20, 30 years? Will early adopters die before the rest of the world catches up?",2026-09-24T16:59:26.397Z,btc,2026-09-24T16:59:26.397Z,2026-09-24,2026-09-21,TREND,bitcoin,False,UP,,FLAT,-0.0,-0.0,INCONCLUSIVE,"Claimed UP, market flat (-0.00%)",NOT_SCORED,False,bitcoin,-0.0,2.33,-0.98
t1_pbuzscs,t3_1wp75ku,Individual-Equal-441,"The real question isn't ""How high will Bitcoin go in dollar terms?""

​It's: ""What happens when the world fully grasps the concept of absolute digital scarcity?""

And I guess the answer would be that the currency price stops skyrocketing randomly, and instead sinks into a predictable and reasonable exchange rate like other functional currencies.

If it's supposed to be a currency, and not a speculative asset, and the world one day fully grasps that, then it will start to behave like a currency, instead of a speculative asset.","The real question isn't ""How high will Bitcoin go in dollar terms?""

Uptrend: Bitcoin.",2026-09-24T16:59:26.397Z,btc,2026-09-24T16:59:26.397Z,2026-09-24,2026-09-21,TREND,bitcoin,False,UP,,FLAT,-0.0,-0.0,INCONCLUSIVE,"Claimed UP, market flat (-0.00%)",NOT_SCORED,False,bitcoin,-0.0,2.33,-0.98
t1_pbx922b,t3_1wp75ku,DangerHighVoltage111,Bitcoin should be p2p cash. The reason it is not is because it got attacked with a shitload of propaganda. Your scarcity means nothing if you need custodians.,Bitcoin is not about cryptocurrency trends. The reason it is not is because it got attacked with a shitload of propaganda.Bitcoin should be p2p cash. Your scarcity means nothing if you need custodians.,2026-09-24T16:59:26.397Z,btc,2026-09-24T16:59:26.397Z,2026-09-24,2026-09-21,OPINION_OTHER,bitcoin,False,,,,,,NOT_CHECKABLE,bitcoin mentioned but no price direction or number,NOT_SCORED,False,bitcoin,-0.0,2.33,-0.98
t1_pby8088,t3_1wp75ku,Analog_AI,"I am fascinated by the 5th picture. Bitcoin introduced digital scarcity, the network effect gives it a first mover advantage impossible to close.
Then at some point we should look at btc as world wealth shares. That's what we are buying but currently we are in the pre IPO stage so we pay Pennies on the dollar.",Bitcoin is highlighted for its unique features and potential as a significant player in the future market.I am fascinated by the 5th picture. Bitcoin introduces digital scarcity and is currently being viewed as a valuable investment.Then at some point we should look at btc as world wealth shares. That's what we,2026-09-24T16:59:26.397Z,btc,2026-09-24T16:59:26.397Z,2026-09-24,2026-09-21,OPINION_OTHER,bitcoin,False,,,,,,NOT_CHECKABLE,bitcoin mentioned but no price direction or number,NOT_SCORED,False,bitcoin,-0.0,2.33,-0.98
t1_pbtm4ds,t3_1wp75ku,Minimum_Raccoon_1501,"Bitcoin doesn’t have a supply cap. They can clone the underlying code, start the second chain at the first one’s final block height, declare them equivalent at cash registers and banks under threat of pulling licenses, then (since like 13 people own most btc) set up swaps at price between the chains. Just like pegging tether to usd. There is nothing we can do to stop it","Bitcoin doesn’t have a supply cap. Anyone can clone the underlying code, start another chain, and set up swaps at price between the chains. Just like pegging tether to usd.",2026-09-24T16:59:26.397Z,btc,2026-09-24T16:59:26.397Z,2026-09-24,2026-09-21,TREND,bitcoin,False,UP,,FLAT,-0.0,-0.0,INCONCLUSIVE,"Claimed UP, market flat (-0.00%)",NOT_SCORED,False,bitcoin,-0.0,2.33,-0.98
t1_pbzvxgc,t3_1wpzxj2,Background-Day-4957,"Oh, I think Bitcoin will go up long term as traders and investors adjust to the ""new norm"", but not at the rate as it had before. The call for it to hit $1M by 2030 is ridiculous.","Bitcoin is expected to experience a long-term uptrend as traders and investors adjust to the new norm, but not at the rapid pace predicted by some analysts. The call for it to hit $1M by 2030 is ridiculous.",2026-09-25T15:52:03.100Z,btc,2026-09-25T15:52:03.100Z,2026-09-25,2026-09-21,TREND,bitcoin,False,UP,,FLAT,-0.41,-0.41,INCONCLUSIVE,"Claimed UP, market flat (-0.41%)",NOT_SCORED,False,bitcoin,-0.41,2.45,0.56
t1_pbztqg3,t3_1wpzxj2,lordm30,Since when is bitcoin a dollar priced asset universally?,Since when is Bitcoin a dollar priced asset universally?,2026-09-25T15:52:03.100Z,btc,2026-09-25T15:52:03.100Z,2026-09-25,2026-09-21,OPINION_OTHER,bitcoin,False,,,,,,NOT_CHECKABLE,bitcoin mentioned but no price direction or number,NOT_SCORED,False,bitcoin,-0.41,2.45,0.56
t1_pbzz3lt,t3_1wpzxj2,AidenTai,"In principle, you're not wrong. But since Bitcoin derives a lot of value from price action and confidence, that must also be considered since moving up when things are negative is 'bullish', and can act as a refuge for money for a time, attracting more money. This is more likely than it would be at other times, since we're at depressed prices at the moment meaning there is in theory more room to swing up rather than to swing down since sell pressure got exhausted a couple months ago after peaking during the full force of the bear. Swings up will make Bitcoin seem like a refuge or opportunity, and that in effect is the main trigger for Bitcoin price surges. The duration of that isn't guaranteed, but it's not at all unlikely to happen at some point even in the face of a year or two of higher rates.

And also remember that if the dollar loses value to to fears or losing appeal as a reserve currency or for whatever reason (debts, etc.), the global money supply will matter and the value of the dollar will matter, but interest rates will matter proportionally less if things get very serious. In an imaginary scenario with 15% inflation and interest rates at 9%, a dollar down to €0,50 and a global money supply that isn't shrinking very quickly, you'de see a battle between the dollar losing value and people 'escaping' versus the dollar's 'safe haven' status and interest rates trying to stabilize everything. Interest rates shooting through the roof could save the dollar, but at that point the job market's status could easily reduce the potential for the Federal Reserve to enact necessary rises. This is just fiction, but I think there we would see that the dollar's exchange rate and the global money supply size would matter much more than whatever interest rates would suggest. So even with 9% rates, Bitcoin could actually end up gaining quite a bit as an alternative to a dollar people are scared of.","In principle, you're not wrong. Bitcoin shows potential as a safe haven amidst economic uncertainties, with its price being able to rise even with negative interest rates. But since Bitcoin derives a lot of value from price action and confidence, that must also be considered since moving up when things are negative is 'bull",2026-09-25T15:52:03.100Z,btc,2026-09-25T15:52:03.100Z,2026-09-25,2026-09-21,TREND,bitcoin,False,UP,,FLAT,-0.41,-0.41,INCONCLUSIVE,"Claimed UP, market flat (-0.41%)",NOT_SCORED,False,bitcoin,-0.41,2.45,0.56
t1_pc4c71m,t3_1wpzxj2,vlal97,The debasement trade is what will drive it up even when interest rates increase. The rates are going up because less people want them because they know the US will print to get out of their debt issue. Less people beleive inflation is actually lower than the rates offered. There will be more money escaping to non dollar assets than trying to get it. If the effect you describe happens I see it over short time frames like a few weeks or months but over longer frames. BTC wins and massively. Its just how much money they print as to how much BTC wins.,"The debasement trade is what drives Bitcoin's value up, even when interest rates increase. Less people are purchasing US debt, leading to increased money escaping to non dollar assets. If the effect you describe happens I see it over short time frames like a few weeks or months but over longer frames. Bitcoin",2026-09-25T15:52:03.100Z,btc,2026-09-25T15:52:03.100Z,2026-09-25,2026-09-21,TREND,bitcoin,False,UP,,FLAT,-0.41,-0.41,INCONCLUSIVE,"Claimed UP, market flat (-0.41%)",NOT_SCORED,False,bitcoin,-0.41,2.45,0.56
t1_pc1h2u0,t3_1wpzxj2,Then-Feedback7751,"There are so many moving parts to consider with macroeconomic analysis particularly in the context of stock market performance. In fact some of the smartest minds in finance are employed trying to sort through all of this with massive budgets behind them, and they still get it wrong.

But you've not only got the macro figured out with a few sentences, you know how it's going to impact BTC's price over the next decade. Impressive.","There are so many moving parts to macroeconomic analysis, but you've got the gist of how it's going to impact Bitcoin's price over the next decade. Impressive.",2026-09-25T15:52:03.100Z,btc,2026-09-25T15:52:03.100Z,2026-09-25,2026-09-21,OPINION_OTHER,bitcoin,False,,,,,,NOT_CHECKABLE,bitcoin mentioned but no price direction or number,NOT_SCORED,False,bitcoin,-0.41,2.45,0.56
t1_pc14mqs,t3_1wq4aon,LongjumpingTreat8759,"220k photons mined already? thats wild for such a niche project. the whole thing being locked to BCH only is kinda beautiful in a way, no CEX noise just pure on-chain chaos

my sneaker gradient is calling me but i might need to look at the GPU mining software, curious how hard it is to set up in a regular desktop",220k photons mined already? thats wild for such a niche project.the text is not about cryptocurrency trends.,2026-09-25T18:41:50.299Z,btc,2026-09-25T18:41:50.299Z,2026-09-25,2026-09-21,NUMERIC_PRICE,bitcoin,True,UP,220000.0,,84034.92,,INACCURATE,"Claimed $220,000, bitcoin traded $83,166-$85,230 that day (off by 160.4%) (generic 'crypto' claim checked against BTC)",INACCURATE,True,bitcoin,-0.41,2.45,0.56
t1_pcj456b,t3_1ws4io1,Realistic_Fee_00001,Better money. A promise BTC through away carelessly.,Better money. A promise not to throw away carelessly.,2026-09-28T04:04:53.616Z,btc,2026-09-28T04:04:53.616Z,2026-09-28,2026-09-28,OPINION_OTHER,bitcoin,False,,,,,,NOT_CHECKABLE,bitcoin mentioned but no price direction or number,NOT_SCORED,False,bitcoin,-1.13,2.84,2.2
t1_pcle5n5,t3_1ws4io1,2q_x,"Bitcoin as described in the whitepaper is a fairly solid idea.

Electronic peer to peer money works, and has a lot of advantages over the legacy digital fiat scrip.

Beginning in 2013, with the entrance of Epstein-class folks into the bitcoin space, they choose to ""break"" the functionality of bitcoin. First by limiting op_return lengths, to break something called colored coins (or tokens) on early bitcoin. Then they removed unlocking script from the block space (segwit), limited the blocksize, and introduced replace-by-fee as the default spending mechanism, which broke BTC as a reliable currency.

Gresham's Law says that bad money drives out good. And they were able to use BTC mining as a way to cash out fossil fuel leases and dictate the outcome of the hash war.

But breaking colored coins created a little project called Ethereum. And functionally breaking bitcoin in 2017 created Bitcoin Cash.

The blackmail pedo-class is free to create unlimited copies of bad money. They are free to sabotage, scam, harass and buy people.

But there will always be a few people who choose good money over bad, and in the long run, good money keeps functioning when bad money inevitably fails.","The text describes the development and functional breaking of Bitcoin by Epstein-class folks who replaced its functionality with Bitcoin Cash, which has led to Ethereum's rise as a reliable currency.

Downtrend: Bitcoin.",2026-09-28T04:04:53.616Z,btc,2026-09-28T04:04:53.616Z,2026-09-28,2026-09-28,OPINION_OTHER,bitcoin,False,,,,,,NOT_CHECKABLE,bitcoin mentioned but no price direction or number,NOT_SCORED,False,bitcoin,-1.13,2.84,2.2
t1_pci8c8d,t3_1ws1e59,LordJamPunt,This dude probably has a whole other account where he’s bullish.,This dude probably has a whole other account where he's bullish.,2026-09-28T01:25:01.644Z,btc,2026-09-28T01:25:01.644Z,2026-09-28,2026-09-28,OPINION_OTHER,,False,,,,,,NOT_CHECKABLE,No crypto asset mentioned,NOT_SCORED,False,bitcoin,-1.13,2.84,2.2
t1_pcht9nn,t3_1ws1e59,nicorobinfan8,I will recommend you to see the last drops of % BTC had in previous cycles,I will recommend you to see the last drops of % Bitcoin as compared to previous cycles.,2026-09-28T01:25:01.644Z,btc,2026-09-28T01:25:01.644Z,2026-09-28,2026-09-28,OPINION_OTHER,bitcoin,False,,,,,,NOT_CHECKABLE,bitcoin mentioned but no price direction or number,NOT_SCORED,False,bitcoin,-1.13,2.84,2.2
t1_pcuj7rp,t3_1wt95r2,trimbandit,"Bought in 2017. Sold last year at 120k. 24x which I'm happy with. If I was younger and working maybe I would have bought back at 60, and I did seriously consider it, but I retired early 3 years ago and my risk tolerance is lower. Realistically, I have enough for my modest lifestyle for the rest of my life and that is plenty for me.","Bought in 2017. Sold last year at 120k. 24x which I'm happy with. If I was younger and working maybe I would have bought back at 60, and I did seriously consider it, but I retired early 3 years ago and my risk tolerance is lower. Realistically, I",2026-09-29T12:45:57.857Z,btc,2026-09-29T12:45:57.857Z,2026-09-29,2026-09-28,OPINION_OTHER,,False,,,,,,NOT_CHECKABLE,No crypto asset mentioned,NOT_SCORED,False,bitcoin,0.15,2.12,3.37
t1_pbu321q,t3_1wp4hdb,lordm30,"Btc will crash together with the market when AI bubble pops. When will that be? Who knows? 2026 Q4, 2027, 2028?","Binance Coin is expected to crash together with the market when the AI bubble pops. When will that be? Who knows? 2026 Q4, 2027, 2028?",2026-09-24T15:18:42.105Z,btc,2026-09-24T15:18:42.105Z,2026-09-24,2026-09-21,TREND,bnb,False,DOWN,,UP,1.21,1.21,CONTRADICTED,"Claimed DOWN, market UP +1.21%",INACCURATE,True,bnb,1.21,2.7,0.12
t1_pbsa135,t3_1wp4hdb,beangone666,"Yes I think thats a very sturdy prediction. There is no way BTC just goes up to all time highs from here. There are so many things about to go wrong. Diesel prices are crushing the trucking industry. I hear some truckers are walking away with only about $200 in profits after doing a 40 hour week. Many truckers are saying Uber drivers are making more at this point. I have no idea if that is true, but if it is were in for serious turmoil in the markets. But like always, its a great time to DCA.","Bitcoin is predicted to experience a downtrend as turmoil in the market creates doubt about its ability to reach new highs.Yes I think thats a very sturdy prediction. There is no way BTC just goes up to all time highs from here. But like always, its a great time to DCA.",2026-09-24T15:18:42.105Z,btc,2026-09-24T15:18:42.105Z,2026-09-24,2026-09-21,OPINION_OTHER,bitcoin,False,,,,,,NOT_CHECKABLE,bitcoin mentioned but no price direction or number,NOT_SCORED,False,bitcoin,-0.0,2.33,-0.98
t1_pbs998r,t3_1wp4hdb,Live_Armadillo_4031,"I have a similar thesis that’s adjacent to this. I think it may be less that a selloff causes Bitcoin to tank, and more that both are expressions of the same broader human cycle of greed and fear. I think we’re right at the point before that cycle flips.",I have a similar thesis that's adjacent to this. I think it may be less that a selloff causes Bitcoin to tank and more that it is part of a broader human cycle of greed and fear.,2026-09-24T15:18:42.105Z,btc,2026-09-24T15:18:42.105Z,2026-09-24,2026-09-21,TREND,bitcoin,False,DOWN,,FLAT,-0.0,-0.0,INCONCLUSIVE,"Claimed DOWN, market flat (-0.00%)",NOT_SCORED,False,bitcoin,-0.0,2.33,-0.98
t1_pbse3e3,t3_1wp4hdb,Signal_Comment_4110,"There will be no bubble burst until bitcoin makes new ath and stocks make ath similtaneously.  When the whole market moves together at its peak, then it crashes.  Right now we dont even know if bitcoin will replace cash.  Could be pepeto instead.","There will be no bubble burst until bitcoin makes new ath and stocks make new ath similtaneously.  
Uptrend: Bitcoin.",2026-09-24T15:18:42.105Z,btc,2026-09-24T15:18:42.105Z,2026-09-24,2026-09-21,TREND,bitcoin,False,UP,,FLAT,-0.0,-0.0,INCONCLUSIVE,"Claimed UP, market flat (-0.00%)",NOT_SCORED,False,bitcoin,-0.0,2.33,-0.98
t1_pbsjbii,t3_1wp4hdb,Strattonizer,Bitcoin will not replace cash bruh,"Bitcoin is not intended to replace cash,",2026-09-24T15:18:42.105Z,btc,2026-09-24T15:18:42.105Z,2026-09-24,2026-09-21,OPINION_OTHER,bitcoin,False,,,,,,NOT_CHECKABLE,bitcoin mentioned but no price direction or number,NOT_SCORED,False,bitcoin,-0.0,2.33,-0.98
t1_pbsg1oe,t3_1wp4hdb,Positive-Theory_,My hypothesis is different. If the stock market is crashing smart investors will move their money into other asset classes that are not crashing. This can sometimes cause bitcoin to go up.,"My hypothesis is that when the stock market crashes, smart investors move their money into other asset classes like Bitcoin. This can sometimes cause bitcoin to go up.",2026-09-24T15:18:42.105Z,btc,2026-09-24T15:18:42.105Z,2026-09-24,2026-09-21,TREND,bitcoin,False,UP,,FLAT,-0.0,-0.0,INCONCLUSIVE,"Claimed UP, market flat (-0.00%)",NOT_SCORED,False,bitcoin,-0.0,2.33,-0.98
t1_pbs8ufc,t3_1wp4hdb,zauberstab2,Doubt it but anticipate a mild pullback in nov.,Doubt it but anticipate a mild pullback in nov.,2026-09-24T15:18:42.105Z,btc,2026-09-24T15:18:42.105Z,2026-09-24,2026-09-21,OPINION_OTHER,,False,,,,,,NOT_CHECKABLE,No crypto asset mentioned,NOT_SCORED,False,bitcoin,-0.0,2.33,-0.98
t1_pbziu88,t3_1wpwr0i,Background-Day-4957,What bull market? The Street is expecting 2 more rate hikes this year and one more early next year.,"What bull market? The Street is expecting 2 more rate hikes this year and one more early next year, contributing to a potential bull market scenario.",2026-09-25T13:45:01.757Z,btc,2026-09-25T13:45:01.757Z,2026-09-25,2026-09-21,OPINION_OTHER,,False,,,,,,NOT_CHECKABLE,No crypto asset mentioned,NOT_SCORED,False,bitcoin,-0.41,2.45,0.56
t1_pc2j6n0,t3_1wpwr0i,StageUnfair7647,It could have. The first indicator is there. Btc officially made a higher high. If it makes a higher low the bull market has officially already bottomed and thus has started. OP could be right 🤷‍♂️,"The text discusses Bitcoin's potential as signaling a bullish trend as it has already made a higher high, indicating a potential bottom to the bull market. 
Uptrend: Bitcoin.",2026-09-25T13:45:01.757Z,btc,2026-09-25T13:45:01.757Z,2026-09-25,2026-09-21,TREND,bitcoin,False,UP,,FLAT,-0.41,-0.41,INCONCLUSIVE,"Claimed UP, market flat (-0.41%)",NOT_SCORED,False,bitcoin,-0.41,2.45,0.56
t1_pc7jwbr,t3_1wpwr0i,Background-Day-4957,"Bitcoin long term investors, not so much being spooked. But traders, especially the ones using borrowed money, oh definitely. And the rate hikes affect more on these traders than long term investors.","Bitcoin long-term investors are showing resilience amid recent rate hikes, while traders are more affected by these developments. But traders, especially the ones using borrowed money, are facing particular challenges. And the rate hikes affect more on these traders than long term investors.",2026-09-25T13:45:01.757Z,btc,2026-09-25T13:45:01.757Z,2026-09-25,2026-09-21,OPINION_OTHER,bitcoin,False,,,,,,NOT_CHECKABLE,bitcoin mentioned but no price direction or number,NOT_SCORED,False,bitcoin,-0.41,2.45,0.56
t1_pc10i12,t3_1wpwr0i,CryptoEmpathy7,What pump are you talking about? Bitcoin id irrelevant in 2026.,Bitcoin is expected to become irrelevant in 2026 according to recent analyses.What are you talking about? Bitcoin.,2026-09-25T13:45:01.757Z,btc,2026-09-25T13:45:01.757Z,2026-09-25,2026-09-21,TREND,bitcoin,False,UP,,FLAT,-0.41,-0.41,INCONCLUSIVE,"Claimed UP, market flat (-0.41%)",NOT_SCORED,False,bitcoin,-0.41,2.45,0.56
t1_pc0130h,t3_1wpwr0i,Background-Day-4957,"It dropped on rate hike and failed passage of Clarity Act. The next day crypto pump because of SEC greenlit tokenization of securities in 5 year Innovation Exemption. Expect at least one more rate hike this year, maybe two, depending how hot inflation comes it, which I think it will due to rising diesel prices.","It dropped on rate hike and failed passage of Clarity Act. The next day it surged due to SEC's approval of tokenization in 5 year Innovation Exemption. Expect at least one more rate hike this year, maybe two, depending how hot inflation comes it, which I think it will due to rising",2026-09-25T13:45:01.757Z,btc,2026-09-25T13:45:01.757Z,2026-09-25,2026-09-21,EVENT_NEWS,bitcoin,True,,,,,,NOT_CHECKABLE,bitcoin news/event - not checkable with price data,NOT_SCORED,False,bitcoin,-0.41,2.45,0.56
t1_pc06h64,t3_1wpwr0i,xeny05,BTC drops 3% and suddenly everyone’s updating their will 😂,"Bitcoin has experienced a 3% drop, indicating a downtrend as everyone updates their wills. 
Downtrend: Bitcoin.",2026-09-25T13:45:01.757Z,btc,2026-09-25T13:45:01.757Z,2026-09-25,2026-09-21,NUMERIC_PERCENT,bitcoin,False,DOWN,-3.0,FLAT,-0.41,-0.41,APPROXIMATE,"Claimed -3.0%, bitcoin moved -0.41% (off by 2.6 points)",APPROXIMATE,True,bitcoin,-0.41,2.45,0.56
t1_pc71vko,t3_1wqffwv,Vetrol_,"Money flow = trend, dots = eb & flow. 2d Bear div is definetly bearish, but as high time frame money flow crossess green, I'm anticipaiting an higher low until proven otherwise","Money flow is shown as a key factor in predicting future trends for Bitcoin, with a bearish sentiment indicated by 2d Bear div. 
Downtrend: Bitcoin.",2026-09-26T02:55:54.243Z,btc,2026-09-26T02:55:54.243Z,2026-09-26,2026-09-21,TREND,bitcoin,False,DOWN,,FLAT,0.44,0.44,INCONCLUSIVE,"Claimed DOWN, market flat (+0.44%)",NOT_SCORED,False,bitcoin,0.44,0.76,2.71
t1_pbyycwq,t3_1wpw0s2,ZMetrics_net,"Totally understand the concern. ZMetrics is safe, and we’ll be open-sourcing soon so anyone who wants to verify the code can do so. Totally fair concern with crypto extensions.","Totally understand the concern. ZMetrics is safe and open-sourcing, with a focus on security and transparency. Totally fair concern with crypto extensions.",2026-09-25T13:13:17.970Z,btc,2026-09-25T13:13:17.970Z,2026-09-25,2026-09-21,OPINION_OTHER,bitcoin,True,,,,,,NOT_CHECKABLE,bitcoin mentioned but no price direction or number,NOT_SCORED,False,bitcoin,-0.41,2.45,0.56
t1_pcxtwpm,t3_1wtvq3i,MarcoVinicius,"Yeah it will likely go down after that and even stay down for a bit. Yet momentum would still be on its side.

I’m not expecting any higher highs soon, but a shallow bear market is still on the table.","I’m not expecting any higher highs soon, but a shallow bear market is still on the table.Yeah it could go down after that and even stay down for a bit. Yet momentum would still be on its side.",2026-09-30T04:34:27.313Z,btc,2026-09-30T04:34:27.313Z,2026-09-30,2026-09-28,OPINION_OTHER,,False,,,,,,NOT_CHECKABLE,No crypto asset mentioned,NOT_SCORED,False,bitcoin,-0.08,3.2,3.22
t1_pcxucv2,t3_1wtvq3i,Vetrol_,We have a 2D bear div confirmed and a 3D bear div printing. I don't see them getting invalidated in the next week. Add liquidity levels below the current price and a correction looks like very high probability before we continue up,"We have confirmed bear div prints and potential invalidations, indicating a potential downtrend for Ethereum as liquidity levels below current support levels increase. 
Downtrend: Ethereum.",2026-09-30T04:34:27.313Z,btc,2026-09-30T04:34:27.313Z,2026-09-30,2026-09-28,OPINION_OTHER,ethereum,False,,,,,,NOT_CHECKABLE,ethereum mentioned but no price direction or number,NOT_SCORED,False,ethereum,0.26,3.0,2.49
t1_pbnzrg8,t3_1wokb4u,bitcoinfamilia,"A screenshot of a video would be useless. My post was a short 4 minute video talking about how bitcoin would benefit people if they use it, the consequences of taking on debt, why fiat is bad and why I hate having to spend fiat because most businesses don't accept bitcoin.","A screenshot of a video would be useless. My post discusses how Bitcoin benefits people if they use it, while highlighting the challenges faced by businesses that don't accept it. 
Uptrend: Bitcoin.",2026-09-23T22:29:05.742Z,btc,2026-09-23T22:29:05.742Z,2026-09-23,2026-09-21,TREND,bitcoin,False,UP,,DOWN,-2.08,-2.08,CONTRADICTED,"Claimed UP, market DOWN -2.08%",INACCURATE,True,bitcoin,-2.08,4.35,-2.96
t1_pbun6ur,t3_1wpd68b,Background-Day-4957,"It's not gonna hit $100k anytime soon, definitely not in 2026. I doubt it would in 2027. Not with at least two more Fed rate hikes on the horizon.","It's not gonna hit $100k anytime soon, definitely not in 2026. I doubt it would in 2027. Not with at least two more Fed rate hikes anticipated.",2026-09-24T20:47:53.658Z,btc,2026-09-24T20:47:53.658Z,2026-09-24,2026-09-21,OPINION_OTHER,,False,,,,,,NOT_CHECKABLE,No crypto asset mentioned,NOT_SCORED,False,bitcoin,-0.0,2.33,-0.98
t1_pbx33ky,t3_1wpd68b,OldSchoolPimpleFace,"If it hits 100k, I'm shorting that bitch.","If it reaches 100k, I'm shorting that bitch.",2026-09-24T20:47:53.658Z,btc,2026-09-24T20:47:53.658Z,2026-09-24,2026-09-21,OPINION_OTHER,,False,,,,,,NOT_CHECKABLE,No crypto asset mentioned,NOT_SCORED,False,bitcoin,-0.0,2.33,-0.98
t1_pcuw7i2,t3_1wrtmli,No-Masterpiece2246,"Ehh I am not a fan of Saylor, in fact I enjoy shorting his stock, but in this case he's right about Bitcoin. Of course he chooses to not understand that there are 10+ better cryptocurrencies than Bitcoin which will eventually overtake BTC.","Ehh I am not a fan of Saylor, in fact I enjoy shorting his stock, but in this case he's right about Bitcoin not being strong enough to overtake other cryptocurrencies. Of course he chooses to not understand that there are 10+ better cryptocurrencies than Bitcoin which will eventually overtake it.",2026-09-27T19:45:39.330Z,btc,2026-09-27T19:45:39.330Z,2026-09-27,2026-09-21,OPINION_OTHER,bitcoin,False,,,,,,NOT_CHECKABLE,bitcoin mentioned but no price direction or number,NOT_SCORED,False,bitcoin,0.05,1.19,2.25
t1_pcswgiz,t3_1wtavof,DangerHighVoltage111,That won't happen with hijacked BTC.,That won't happen with hijacked Bitcoin.,2026-09-29T13:59:41.205Z,btc,2026-09-29T13:59:41.205Z,2026-09-29,2026-09-28,OPINION_OTHER,bitcoin,False,,,,,,NOT_CHECKABLE,bitcoin mentioned but no price direction or number,NOT_SCORED,False,bitcoin,0.15,2.12,3.37
t1_pctkoh9,t3_1wtavof,Knight925,10 Million per coin is a good price. I think I'd then sell some (:,10 Million per coin is a good price for Ethereum. I think I'd then sell some (:,2026-09-29T13:59:41.205Z,btc,2026-09-29T13:59:41.205Z,2026-09-29,2026-09-28,OPINION_OTHER,ethereum,False,,,,,,NOT_CHECKABLE,ethereum mentioned but no price direction or number,NOT_SCORED,False,ethereum,-0.44,3.52,2.03
t1_pcxqtn5,t3_1wtrjpj,PublicBarracuda5311,"If Bitcoin captures just 10% of global wealth, he argued, its value would jump from $3 trillion to $120 trillion, a 40-fold increase from where it stands today.","If Bitcoin captures just 10% of global wealth, he argued, its value could significantly increase, reaching $120 trillion.",2026-09-30T01:02:57.276Z,btc,2026-09-30T01:02:57.276Z,2026-09-30,2026-09-28,NUMERIC_PERCENT,bitcoin,False,UP,10.0,FLAT,-0.08,-0.08,INACCURATE,"Claimed +10.0%, bitcoin moved -0.08% (off by 10.1 points)",INACCURATE,True,bitcoin,-0.08,3.2,3.22
t1_pcxm5xx,t3_1wtrjpj,Lefties_TheWorst7331,"Notice how each cycle is getting more and more stable, and higher highs? That's due to more diamond handing and supply being less available for trading, but instead off the market and not available for trade.

Now, what happens when more of that supply dries up and the demand continues?

Supply shock/short squeeze and price go harder jump than GME or SLV had -- and BTC will maintain it better because it has less regulation and control held by hedgefunds, or banks. Why do you think they're all of a sudden all jumping on board?

Sometimes you have to take a minute and start putting some things together..

Not financial advice, but I recommend getting at least 5%+ of your portfolio into some BTC exposure. Even more than 5% if you can risk it, hold through ""dips"" and don't panic sale.","Bitcoin is experiencing a positive trend due to reduced supply and demand, and investors are showing increased interest in its stability and potential as a better hedge against market volatility.
Uptrend: Bitcoin.",2026-09-30T01:02:57.276Z,btc,2026-09-30T01:02:57.276Z,2026-09-30,2026-09-28,TREND,bitcoin,False,UP,,FLAT,-0.08,-0.08,INCONCLUSIVE,"Claimed UP, market flat (-0.08%)",NOT_SCORED,False,bitcoin,-0.08,3.2,3.22
t1_pcxvj75,t3_1wtrjpj,Lefties_TheWorst7331,"You don't understand quite how BTC or scarcity works.. that's not showing diminishing returns, it's showing supply being sucked up and absorbed. And yeah, these institutions and banks don't need to buy it themselves. They can buy it and CONTROL it, for you (retail), charge an expense ratio fee, and have CONTROL over it. If a hard fork happens, whales get to choose which chain to support.. do some more digging and research on BTC..

I'm aware how ETFs work.. institutions. You just missed my point with my earlier comment because you don't fully understand BTC..","You don't understand quite how Bitcoin or scarcity works.. that's not showing diminishing returns, it's showing supply being sucked up and absorbed by institutions. If a hard fork happens, whales get to choose which chain to support.. do some more digging and research on BTC.I'm aware how ETFs work",2026-09-30T01:02:57.276Z,btc,2026-09-30T01:02:57.276Z,2026-09-30,2026-09-28,TREND,bitcoin,False,UP,,FLAT,-0.08,-0.08,INCONCLUSIVE,"Claimed UP, market flat (-0.08%)",NOT_SCORED,False,bitcoin,-0.08,3.2,3.22
t1_pcxl1k9,t3_1wtrjpj,Lefties_TheWorst7331,Bitcoin will overtake gold for market cap/asset value in my lifetime unless something unexpected happens to me.,Bitcoin is projected to surpass gold in market cap/asset value unless something unexpected happens to change.,2026-09-30T01:02:57.276Z,btc,2026-09-30T01:02:57.276Z,2026-09-30,2026-09-28,OPINION_OTHER,bitcoin,False,,,,,,NOT_CHECKABLE,bitcoin mentioned but no price direction or number,NOT_SCORED,False,bitcoin,-0.08,3.2,3.22
t1_pclp32p,t3_1wsifo9,2q_x,Demand for US Liquefied Natural Gas (LNG) is so low they're burining it to make slop propaganda for the Epstein token ponzi.,Demand for U.S. liquefied Natural Gas is so low that companies are burining it to make slop propaganda for the Epstein token ponzi.,2026-09-28T15:56:03.936Z,btc,2026-09-28T15:56:03.936Z,2026-09-28,2026-09-28,OPINION_OTHER,,False,,,,,,NOT_CHECKABLE,No crypto asset mentioned,NOT_SCORED,False,bitcoin,-1.13,2.84,2.2
t1_pcol7ot,t3_1wsifo9,ProfessorKlutzy1253,Some people treat him like a God. They think Bitcoin is the only thing that will save them in the future. Easy way out.,Some people treat Bitcoin like a God. They think Bitcoin is the only thing that will save them in the future. Easy way out.,2026-09-28T15:56:03.936Z,btc,2026-09-28T15:56:03.936Z,2026-09-28,2026-09-28,OPINION_OTHER,bitcoin,False,,,,,,NOT_CHECKABLE,bitcoin mentioned but no price direction or number,NOT_SCORED,False,bitcoin,-1.13,2.84,2.2
t1_pcltodo,t3_1wsifo9,Background-Day-4957,"I'm expecting two more rate hikes before 2026 ends, so....","I'm expecting two more rate hikes before 2026 ends, so....",2026-09-28T15:56:03.936Z,btc,2026-09-28T15:56:03.936Z,2026-09-28,2026-09-28,OPINION_OTHER,,False,,,,,,NOT_CHECKABLE,No crypto asset mentioned,NOT_SCORED,False,bitcoin,-1.13,2.84,2.2
t1_pcmf8n6,t3_1wsifo9,Adrian-X,"Two button meme:

A rate hike will cause inflation and push the BTC narrative of inflation hedge, thus creating demand for BTC.

A rate hike will cause a BTC selloff as people move to get a fiat yield, thus creating demand destruction for BTC.","A rate hike is projected to cause inflation to rise, which will create demand for Bitcoin, thereby creating a price increase.
Uptrend: Bitcoin.",2026-09-28T15:56:03.936Z,btc,2026-09-28T15:56:03.936Z,2026-09-28,2026-09-28,TREND,bitcoin,False,UP,,DOWN,-1.13,-1.13,CONTRADICTED,"Claimed UP, market DOWN -1.13%",INACCURATE,True,bitcoin,-1.13,2.84,2.2
t1_pclw87a,t3_1wsifo9,liviughg,Bitcoin and violence go hand in hand,"Bitcoin and violence are often seen as linked, with recent developments indicating a potential increase in violence.",2026-09-28T15:56:03.936Z,btc,2026-09-28T15:56:03.936Z,2026-09-28,2026-09-28,TREND,bitcoin,False,UP,,DOWN,-1.13,-1.13,CONTRADICTED,"Claimed UP, market DOWN -1.13%",INACCURATE,True,bitcoin,-1.13,2.84,2.2
t1_pcmxo81,t3_1wsifo9,Heatsincebirth,Maybe he is a hit man being paid in Bitcoin since Jamie Dimon says that's all it's good for.,"Maybe he is a hit man being paid in Bitcoin for his services, as suggested by Jamie Dimon.",2026-09-28T15:56:03.936Z,btc,2026-09-28T15:56:03.936Z,2026-09-28,2026-09-28,OPINION_OTHER,bitcoin,False,,,,,,NOT_CHECKABLE,bitcoin mentioned but no price direction or number,NOT_SCORED,False,bitcoin,-1.13,2.84,2.2
t1_pck4c2a,t3_1wsaula,FitCompetition1804,"For those who still want to aggressively accumulate, one more dump is very much so welcome. Why does it matter if we get the trap door scenario if you are long BTC?","For those who still want to aggressively accumulate, one more dump is very much so welcome. Why does it matter if you are long Bitcoin?",2026-09-28T10:21:36.888Z,btc,2026-09-28T10:21:36.888Z,2026-09-28,2026-09-28,TREND,bitcoin,False,DOWN,,DOWN,-1.13,-1.13,VERIFIED,bitcoin was DOWN -1.13% over 1d,ACCURATE,True,bitcoin,-1.13,2.84,2.2
t1_pc07wx7,t3_1wq1dgw,KronchyBitz,"Maybe, but also maybe not.","Maybe, but also maybe not.",2026-09-25T16:47:21.395Z,btc,2026-09-25T16:47:21.395Z,2026-09-25,2026-09-21,OPINION_OTHER,,False,,,,,,NOT_CHECKABLE,No crypto asset mentioned,NOT_SCORED,False,bitcoin,-0.41,2.45,0.56
t1_pc09abi,t3_1wq1dgw,Aware-Horse-7960,"I agree, higher timeframes are important. That’s exactly why I analyze weekly and monthly structures. But a higher high alone doesn’t always mean the whole cycle has changed. Context matters.","I agree, higher timeframes are important. That's exactly why I analyze weekly and monthly structures. But a higher high alone doesn’t always mean the whole cycle has changed. Context matters.",2026-09-25T16:47:21.395Z,btc,2026-09-25T16:47:21.395Z,2026-09-25,2026-09-21,OPINION_OTHER,,False,,,,,,NOT_CHECKABLE,No crypto asset mentioned,NOT_SCORED,False,bitcoin,-0.41,2.45,0.56
t1_pc08oee,t3_1wq1dgw,Aware-Horse-7960,"Cup and handle is one possible scenario, but patterns need confirmation. Bitcoin can surprise both bulls and bears. Let’s see if the breakout comes.","Bitcoin shows potential for a breakout that could surprise both bulls and bears.Cup and handle is one possible scenario, but patterns need confirmation. Let's see if the breakout comes.",2026-09-25T16:47:21.395Z,btc,2026-09-25T16:47:21.395Z,2026-09-25,2026-09-21,OPINION_OTHER,bitcoin,False,,,,,,NOT_CHECKABLE,bitcoin mentioned but no price direction or number,NOT_SCORED,False,bitcoin,-0.41,2.45,0.56
t1_pc068jx,t3_1wq1dgw,xeny05,"Could be a correction, but I wouldn’t put too much weight on one chart pattern. BTC has a habit of making both bulls and bears look right for a while.","Could be a correction, but I wouldn’t put too much weight on one chart pattern. Bitcoin has a habit of making both bulls and bears look right for a while.",2026-09-25T16:47:21.395Z,btc,2026-09-25T16:47:21.395Z,2026-09-25,2026-09-21,OPINION_OTHER,bitcoin,False,,,,,,NOT_CHECKABLE,bitcoin mentioned but no price direction or number,NOT_SCORED,False,bitcoin,-0.41,2.45,0.56
t1_pc06lkn,t3_1wq1dgw,Aware-Horse-7960,"I agree that relying on only one pattern is not enough. That’s why I don’t analyze just a single chart pattern. I combine market structure, Elliott Wave, price action, and psychology. Bitcoin can confuse both sides in the short term, but higher timeframe structures usually reveal the bigger picture.","I agree that relying on only one pattern is not enough to analyze cryptocurrency trends. That’s why I don’t analyze just a single chart pattern. I combine market structure, Elliott Wave, price action, and psychology. Bitcoin shows a potential for both positive and negative trends, with a focus",2026-09-25T16:47:21.395Z,btc,2026-09-25T16:47:21.395Z,2026-09-25,2026-09-21,TREND,bitcoin,False,UP,,FLAT,-0.41,-0.41,INCONCLUSIVE,"Claimed UP, market flat (-0.41%)",NOT_SCORED,False,bitcoin,-0.41,2.45,0.56
t1_pc0arh0,t3_1wq1dgw,BatNew104,"Same same here… but that’s just an unpopular opinion right now 😉
Anyways, it will become more clear once we get to 70k","Same same here… but that's just an unpopular opinion right now 😉Anyways, it will become more clear once we get to 70k",2026-09-25T16:47:21.395Z,btc,2026-09-25T16:47:21.395Z,2026-09-25,2026-09-21,OPINION_OTHER,,False,,,,,,NOT_CHECKABLE,No crypto asset mentioned,NOT_SCORED,False,bitcoin,-0.41,2.45,0.56
t1_pc094ml,t3_1wq1dgw,driverepin,"ETF had $ 2.25 B in entry flow Monday-Thursday, a profit realization may be near by","ETF had $ 2.25 billion in entry flow suggesting a potential profit realization for Ethereum, suggesting a positive trend for the cryptocurrency.",2026-09-25T16:47:21.395Z,btc,2026-09-25T16:47:21.395Z,2026-09-25,2026-09-21,TREND,ethereum,False,UP,,FLAT,0.12,0.12,INCONCLUSIVE,"Claimed UP, market flat (+0.12%)",NOT_SCORED,False,ethereum,0.12,2.76,0.68
t1_pc0b2gk,t3_1wq1dgw,Pizzaboy0511,At this point drops are wishful thinking. Let’s be honest we all want that drop to buy in more,At this point drops are wishful thinking. Let's be honest we all want that drop to happen.,2026-09-25T16:47:21.395Z,btc,2026-09-25T16:47:21.395Z,2026-09-25,2026-09-21,OPINION_OTHER,,False,,,,,,NOT_CHECKABLE,No crypto asset mentioned,NOT_SCORED,False,bitcoin,-0.41,2.45,0.56
t1_pc0gfoq,t3_1wq1dgw,Thoric4040,"I see too many people hoping for a drop so they can buy cheaper. That generally means if it drops at all it will be shallow and catch a bid. So, it if it goes down at all... It won't be to lower lows.","I see too many people hoping for a drop so they can buy cheaper. So, it if it goes down at all, it's likely to be shallow and catch a bid.",2026-09-25T16:47:21.395Z,btc,2026-09-25T16:47:21.395Z,2026-09-25,2026-09-21,OPINION_OTHER,,False,,,,,,NOT_CHECKABLE,No crypto asset mentioned,NOT_SCORED,False,bitcoin,-0.41,2.45,0.56
t1_pc0hawd,t3_1wq1dgw,ninenulls,"Hoping for a big dip tonight, this weekend. I don't really look at indicators. I just know this spike is the opposite of what was expected with clarity going on pause. This seems like a fomo pump that's going to drop hard while I'm sleeping.","This is a negative trend for the cryptocurrency market. I don't really look at indicators. I just know this spike is the opposite of what was expected with clarity going on pause.Hoping for a big dip tonight, this weekend.",2026-09-25T16:47:21.395Z,btc,2026-09-25T16:47:21.395Z,2026-09-25,2026-09-21,TREND,bitcoin,True,DOWN,,FLAT,-0.41,-0.41,INCONCLUSIVE,"Claimed DOWN, market flat (-0.41%) (generic 'crypto' claim checked against BTC)",NOT_SCORED,False,bitcoin,-0.41,2.45,0.56
t1_pc0j9mq,t3_1wq1dgw,PeteyPab305,"OFC your AI written analysis does "" - "" because you're a bear and it's taking in all your previously bearish indicators and therefor it's come to that conclusion.

Do you think BTC has more upside, or are we heading into a bigger correction?

You even left in it's follow up prompt LMFAO","Bitcoin is currently experiencing a bearish trend as indicated by the text's AI analysis. 
Downtrend: Bitcoin.",2026-09-25T16:47:21.395Z,btc,2026-09-25T16:47:21.395Z,2026-09-25,2026-09-21,TREND,bitcoin,False,DOWN,,FLAT,-0.41,-0.41,INCONCLUSIVE,"Claimed DOWN, market flat (-0.41%)",NOT_SCORED,False,bitcoin,-0.41,2.45,0.56
t1_pc0n799,t3_1wq1dgw,Efficient_Bar_984,Going down if rates are raised again next month. So will stocks making asset management pull money from bitcoin to buy stocks on the pullback,"Going down if rates are raised again next month could negatively impact Bitcoin, as investors may move funds into other stocks. So will stocks making asset management pull money from Bitcoin?",2026-09-25T16:47:21.395Z,btc,2026-09-25T16:47:21.395Z,2026-09-25,2026-09-21,TREND,bitcoin,False,DOWN,,FLAT,-0.41,-0.41,INCONCLUSIVE,"Claimed DOWN, market flat (-0.41%)",NOT_SCORED,False,bitcoin,-0.41,2.45,0.56
t1_pcjwygz,t3_1wp04xp,px403,Better than the constant price posting and TA bullshit.,Better than the constant price posting and TA bullshit.,2026-09-24T12:20:20.742Z,btc,2026-09-24T12:20:20.742Z,2026-09-24,2026-09-21,OPINION_OTHER,,False,,,,,,NOT_CHECKABLE,No crypto asset mentioned,NOT_SCORED,False,bitcoin,-0.0,2.33,-0.98
t1_pbtf0jj,t3_1wp04xp,Greedy_Flan_3997,"Btc and eth, why you kind sir.",Binance Coin is mentioned in the context of cryptocurrency trends.,2026-09-24T12:20:20.742Z,btc,2026-09-24T12:20:20.742Z,2026-09-24,2026-09-21,OPINION_OTHER,bnb,False,,,,,,NOT_CHECKABLE,bnb mentioned but no price direction or number,NOT_SCORED,False,bnb,1.21,2.7,0.12
t1_pc69l2l,t3_1wp04xp,Blackiris-Code,Is BTC the only crypto currency you are able to use in your country?,Is Bitcoin the only crypto currency you are able to use in your country?,2026-09-24T12:20:20.742Z,btc,2026-09-24T12:20:20.742Z,2026-09-24,2026-09-21,OPINION_OTHER,bitcoin,False,,,,,,NOT_CHECKABLE,bitcoin mentioned but no price direction or number,NOT_SCORED,False,bitcoin,-0.0,2.33,-0.98
t1_pbrsloa,t3_1wp04xp,BristlingB,Venezuela is a country,Venezuela is a country.,2026-09-24T12:20:20.742Z,btc,2026-09-24T12:20:20.742Z,2026-09-24,2026-09-21,OPINION_OTHER,,False,,,,,,NOT_CHECKABLE,No crypto asset mentioned,NOT_SCORED,False,bitcoin,-0.0,2.33,-0.98
t1_p2tp4h5,t3_1vgd31q,Turbulent-Camp7382,"ETF’s killed the crypto market, perhaps irreversably","ETF's have effectively killed the crypto market, perhaps irreversably.",2026-08-05T16:57:38.461Z,cryptocurrency,2026-08-05T16:57:38.461Z,2026-08-05,2026-08-03,EVENT_NEWS,bitcoin,True,,,,,,NOT_CHECKABLE,bitcoin news/event - not checkable with price data,NOT_SCORED,False,bitcoin,0.85,1.76,-0.79
t1_p2fntv0,t3_1vioacm,Saffuran,If you are a beginner with low risk tolerance either sit in BTC or just sit in ETFs.,"If you are a beginner with low risk tolerance either sit in Bitcoin or just sit in ETFs,",2026-08-08T06:14:52.690Z,cryptocurrency,2026-08-08T06:14:52.690Z,2026-08-08,2026-08-03,OPINION_OTHER,bitcoin,False,,,,,,NOT_CHECKABLE,bitcoin mentioned but no price direction or number,NOT_SCORED,False,bitcoin,0.03,0.53,-2.94
t1_p2fqufh,t3_1vioacm,Present_Let2487,"if you have low risk tolerance, stick to btc and eth. anything smaller is high risk, especially if you're chasing hyped dates.","if you have low risk tolerance, stick to binance and eth. anything smaller is high risk, especially if you're chasing hyped dates.",2026-08-08T06:14:52.690Z,cryptocurrency,2026-08-08T06:14:52.690Z,2026-08-08,2026-08-03,OPINION_OTHER,ethereum,False,,,,,,NOT_CHECKABLE,ethereum mentioned but no price direction or number,NOT_SCORED,False,ethereum,0.12,0.69,-1.71
t1_p2ftsyd,t3_1vioacm,winphan,I would stick to BTC/ETH/SOL. Those actually have low risk tolerance.,I would stick to Bitcoin and Ethereum as my primary investments. Those actually have low risk tolerance.,2026-08-08T06:14:52.690Z,cryptocurrency,2026-08-08T06:14:52.690Z,2026-08-08,2026-08-03,OPINION_OTHER,bitcoin,False,,,,,,NOT_CHECKABLE,bitcoin mentioned but no price direction or number,NOT_SCORED,False,bitcoin,0.03,0.53,-2.94
t1_p8orpw9,t3_1vh830c,Good-Psychology-3496,An AI jailbreak and a wallet drainer being connected is a wild theory but the dates lining up like that definitely makes you pause for a second. Most people are so focused on blaming an insider they wont even entertain the idea. Its not like these models haven't shown they can be sneaky when they find a loophole. I'm not saying I'm convinced but I'm also not gonna dismiss it outright. The timeline is a little too clean to just be a coincidence.,An AI jailbreak and a wallet drainer being connected is a wild theory but the dates lining up like that definitely makes you pause for a second. The timeline is a little too clean to just be a coincidence. Its not like these models haven't shown they can be sneaky when they find a loophole.,2026-08-06T15:51:15.894Z,cryptocurrency,2026-08-06T15:51:15.894Z,2026-08-06,2026-08-03,OPINION_OTHER,,False,,,,,,NOT_CHECKABLE,No crypto asset mentioned,NOT_SCORED,False,bitcoin,-0.52,1.29,-1.85
t1_p2ghhef,t3_1vhw23u,MF_Price,"Those were meme coins. You're judging the ""crypto industry"" on what meme coins do? They were marketed as a fun way to burn your money and anyone that bought them should have known that's what they were doing.","Those were meme coins. They were marketed as a fun way to burn your money, but they were clearly not. You're judging the ""crypto industry"" on what meme coins do?",2026-08-07T09:43:01.278Z,cryptocurrency,2026-08-07T09:43:01.278Z,2026-08-07,2026-08-03,OPINION_OTHER,bitcoin,True,,,,,,NOT_CHECKABLE,bitcoin mentioned but no price direction or number,NOT_SCORED,False,bitcoin,0.97,1.89,-1.33
t1_p2mtwfh,t3_1vhw23u,Remarkable-Opening69,She knows what’s best for you. Can tell by how prosperous her constituents are.,She knows what's best for you. Can tell by how prosperous her constituents are.,2026-08-07T09:43:01.278Z,cryptocurrency,2026-08-07T09:43:01.278Z,2026-08-07,2026-08-03,OPINION_OTHER,,False,,,,,,NOT_CHECKABLE,No crypto asset mentioned,NOT_SCORED,False,bitcoin,0.97,1.89,-1.33
t1_p2vcuzl,t3_1vhrkqx,No-Wrap3568,"This is solid but for an average user this might be very difficult to follow. Better to go with a wallet that has two independent sources of randomness for the seedphrase creation, cypherock does that and if any other wallets too, then it might makes it much easier","This is solid but for an average user, it might be easier to follow if you choose a wallet with two independent sources of randomness for seedphrase creation. Better to go with a wallet like cypherock.",2026-08-07T05:20:16.640Z,cryptocurrency,2026-08-07T05:20:16.640Z,2026-08-07,2026-08-03,OPINION_OTHER,,False,,,,,,NOT_CHECKABLE,No crypto asset mentioned,NOT_SCORED,False,bitcoin,0.97,1.89,-1.33
t1_p32w06y,t3_1vilbmi,Fabulous_Grass_5379,"I think the penny stock comparison actually makes a lot of sense, especially with the hype driven ones. The big difference is that some alts do have real utility, but the speculative end of the market definitely feels like the same pump-and-dump psychology. I got burned on DOGE and SHIB too, so I amm way more skeptical of anything being sold purely on hype noww","I think the penny stock comparison actually makes a lot of sense, especially with the hype driven altcoins like DOGE and SHIB. The big difference is that some alts do have real utility, but the speculative end of the market definitely feels like the same pump-and-dump psychology. I",2026-08-08T03:36:27.637Z,cryptocurrency,2026-08-08T03:36:27.637Z,2026-08-08,2026-08-03,OPINION_OTHER,bitcoin,True,,,,,,NOT_CHECKABLE,bitcoin mentioned but no price direction or number,NOT_SCORED,False,bitcoin,0.03,0.53,-2.94
t1_p2gjr1w,t3_1vilbmi,I_Like_Tartar_Sauce,"Some of these alts are legit companies with real products and services, others are not. Some have a far greater value proposition than Bitcoin too.","Some of these alts are legit companies with real products and services, others are not. Some have a far greater value proposition than Bitcoin, but none are mentioned for specific trends.",2026-08-08T03:36:27.637Z,cryptocurrency,2026-08-08T03:36:27.637Z,2026-08-08,2026-08-03,OPINION_OTHER,bitcoin,False,,,,,,NOT_CHECKABLE,bitcoin mentioned but no price direction or number,NOT_SCORED,False,bitcoin,0.03,0.53,-2.94
t1_p2q8da7,t3_1vilbmi,ResolutionSmall3692,"Holding altcoins or penny stock equivalent tokens can mean volatility... Idk, I trust NEXO's stats","Holding altcoins or penny stock equivalent tokens can indicate volatility, according to NEXO's recent analysis.",2026-08-08T03:36:27.637Z,cryptocurrency,2026-08-08T03:36:27.637Z,2026-08-08,2026-08-03,OPINION_OTHER,,False,,,,,,NOT_CHECKABLE,No crypto asset mentioned,NOT_SCORED,False,bitcoin,0.03,0.53,-2.94
t1_p2lqxef,t3_1vik55v,Sleepwokesleepwoke,This. Monaco is it,This. is it.,2026-08-08T02:37:48.362Z,cryptocurrency,2026-08-08T02:37:48.362Z,2026-08-08,2026-08-03,OPINION_OTHER,,False,,,,,,NOT_CHECKABLE,No crypto asset mentioned,NOT_SCORED,False,bitcoin,0.03,0.53,-2.94
t1_p2kj5oa,t3_1vik55v,ForVictori,Binance - stay away. Kraken and Coinbase do not have their own shill coins,Binance Coin is advised to stay away from cryptocurrencies like Ethereum and Tether due to their shill coins.,2026-08-08T02:37:48.362Z,cryptocurrency,2026-08-08T02:37:48.362Z,2026-08-08,2026-08-03,OPINION_OTHER,ethereum,False,,,,,,NOT_CHECKABLE,ethereum mentioned but no price direction or number,NOT_SCORED,False,ethereum,0.12,0.69,-1.71
t1_p2oaoe0,t3_1vik55v,aberholla20,"I made 4k profit, when the coin rallied to 90 cents. Also got the green visa card for 3000€ cro stake and im going to use the vip lounge at airports forever. So in total i made 1k and got free vip untill they remove the feature.","I made 4k profit, when the coin rallied to 90 cents. Also got a green visa card for 3000€ with a free vip lounge at airports. So in total i made 1k and got free travel benefits.",2026-08-08T02:37:48.362Z,cryptocurrency,2026-08-08T02:37:48.362Z,2026-08-08,2026-08-03,OPINION_OTHER,,False,,,,,,NOT_CHECKABLE,No crypto asset mentioned,NOT_SCORED,False,bitcoin,0.03,0.53,-2.94
t1_p2lmesd,t3_1vik55v,viberama977,Wait until Trump and his minions are out of office and all the bullshit and corruption in crypto is exposed. Might be a pretty good time to sell right before he's booted.,Wait until Trump and his minions are out of office and all the bullshit and corruption in crypto is exposed. Might be a good time for investors to sell your holdings.,2026-08-08T02:37:48.362Z,cryptocurrency,2026-08-08T02:37:48.362Z,2026-08-08,2026-08-03,OPINION_OTHER,bitcoin,True,,,,,,NOT_CHECKABLE,bitcoin mentioned but no price direction or number,NOT_SCORED,False,bitcoin,0.03,0.53,-2.94
t1_p2fnefb,t3_1vhtl4f,tom_murray_nw,"I know what you mean. My approach has changed a bit as well.

My conviction in Bitcoin hasn't changed at all, I'm just happy with my current exposure now. So rather than putting most of my monthly investing into Bitcoin, I'm DCAing more into ETFs and letting the rest of the portfolio catch up over time.","My conviction in Bitcoin remains strong, but my approach has changed to DCAing more into ETFs. 
Uptrend: Bitcoin.",2026-08-07T07:13:41.997Z,cryptocurrency,2026-08-07T07:13:41.997Z,2026-08-07,2026-08-03,TREND,bitcoin,False,UP,,UP,0.97,0.97,VERIFIED,bitcoin was UP +0.97% over 1d,ACCURATE,True,bitcoin,0.97,1.89,-1.33
t1_p2frmul,t3_1vhtl4f,MannyN28,"I’m the same way thought it was just me lol hit 0.4 bitcoin and suddenly lost the desire to add more. It’s most likely because my overall portfolio is down 60%, but I’ve recently been adding a majority of my money to ETFs in my brokerage and Roth instead of crypto to become more diversified.","I'm the same way thought it was just me until recently, when I saw a 0.4 bitcoin price drop and decided to diversify into ETFs instead of crypto. It's most likely because my overall portfolio is down 60%, but I've recently been adding a majority of my money to ETFs",2026-08-07T07:13:41.997Z,cryptocurrency,2026-08-07T07:13:41.997Z,2026-08-07,2026-08-03,NUMERIC_PERCENT,bitcoin,False,DOWN,-60.0,UP,0.97,0.97,INACCURATE,"Claimed -60.0%, bitcoin moved +0.97% (off by 61.0 points)",INACCURATE,True,bitcoin,0.97,1.89,-1.33
t1_p2zqd0k,t3_1vhtl4f,tom_murray_nw,"Sounds like we've ended up in a pretty similar place! Once I got to an amount of BTC I was comfortable with, I stopped feeling like every spare bit of investment money needed to go into it.

I'm still very bullish on Bitcoin long term, but I'd rather build up the equities side of my portfolio now and let the existing BTC position do its thing.","Bitcoin is a long-term investment that I'm comfortable with, but I'm starting to build up the equities side of my portfolio. 
Uptrend: Bitcoin.",2026-08-07T07:13:41.997Z,cryptocurrency,2026-08-07T07:13:41.997Z,2026-08-07,2026-08-03,TREND,bitcoin,False,UP,,UP,0.97,0.97,VERIFIED,bitcoin was UP +0.97% over 1d,ACCURATE,True,bitcoin,0.97,1.89,-1.33
t1_p2zrqiu,t3_1vhtl4f,tom_murray_nw,"Thanks! I think once you get to an exposure you're comfortable with, there's no need to keep adding just for the sake of it. I'm still very bullish on Bitcoin long term, but I'm happy with my crypto and PM positions now so most of my new money is going into ETFs to balance things out.

Have you ended up in a similar position with your crypto/metals?","I'm currently experiencing a neutral long-term position with Bitcoin, while most of my new money is going into ETFs. I'm still bullish on Bitcoin long term, but I'm happy with my crypto and PM positions now. 
Uptrend: None.",2026-08-07T07:13:41.997Z,cryptocurrency,2026-08-07T07:13:41.997Z,2026-08-07,2026-08-03,TREND,bitcoin,False,UP,,UP,0.97,0.97,VERIFIED,bitcoin was UP +0.97% over 1d,ACCURATE,True,bitcoin,0.97,1.89,-1.33
t1_p2frlp2,t3_1vhtl4f,MetaGryphon,Considering crypto is 1% only of all money invested globally so it is advised to own not more than 10% of your portfolio in crypto. Everything else in world ETF or into judicious stock picking.,"Considering crypto is 1% of all money invested globally, it is advised to allocate no more than 10% of your portfolio to it. Everything else in your portfolio should be allocated to investments like ETFs or into judicious stock picking.",2026-08-07T07:13:41.997Z,cryptocurrency,2026-08-07T07:13:41.997Z,2026-08-07,2026-08-03,OPINION_OTHER,bitcoin,True,,,,,,NOT_CHECKABLE,bitcoin mentioned but no price direction or number,NOT_SCORED,False,bitcoin,0.97,1.89,-1.33
t1_p2kqwk6,t3_1vhtl4f,AlternativeAd1456,"From my perspective, BTC is still ""very high"" in price. My average is 21k so yes, I've stopped buying. However I made a few some buys around 60k but absolutely stopped buying during the last run up.","From my perspective, Bitcoin is still ""very high"" in price and has caused me to stop buying during recent upward runs. My average is 21k so yes, I've stopped buying. However I made a few some buys around 60k but absolutely stopped buying during the last run up.",2026-08-07T07:13:41.997Z,cryptocurrency,2026-08-07T07:13:41.997Z,2026-08-07,2026-08-03,NUMERIC_PRICE,bitcoin,False,UP,21000.0,,64880.19,,INACCURATE,"Claimed $21,000, bitcoin traded $64,113-$65,331 that day (off by 66.5%)",INACCURATE,True,bitcoin,0.97,1.89,-1.33
t1_p2gxr99,t3_1vhtl4f,Ready-Government-954,"I might reach that point when I'm a full coiner. But I definitely feel like BTC is the superior asset compared to everything else I can think of and I expect it to outperform everything else in the comming few years, other then some high risk things you cant predict with a lot of certainty. So better to buy other assets when the btc price is higher.","Bitcoin is currently viewed as a superior asset compared to everything else, with expectations of its outperforming other assets in the future. So better to buy other assets when the btc price is higher.I might reach that point when I'm a full coiner. But I definitely feel like BTC is the superior",2026-08-07T07:13:41.997Z,cryptocurrency,2026-08-07T07:13:41.997Z,2026-08-07,2026-08-03,TREND,bitcoin,False,UP,,UP,0.97,0.97,VERIFIED,bitcoin was UP +0.97% over 1d,ACCURATE,True,bitcoin,0.97,1.89,-1.33
t1_pc18utt,t3_1wpu2sn,GiraffesAreSoCute,"He did it after it was already exploited for a small amount. The alternative was really just letting the attackers drain everything themselves. There was no pause on the v2 contract, so drain it yourself or watch it get drained are the only options. They weren't able to save the wETH in time, but they may have if they started sooner.","He did it after it was already exploited for a small amount. There is no pause on the v2 contract, so drain it yourself or watch it get drained are the only options. The alternative was really just letting the attackers drain everything themselves. They weren't able to save the wETH in time,",2026-09-25T11:40:52.122Z,cryptocurrency,2026-09-25T11:40:52.122Z,2026-09-25,2026-09-21,OPINION_OTHER,,False,,,,,,NOT_CHECKABLE,No crypto asset mentioned,NOT_SCORED,False,bitcoin,-0.41,2.45,0.56
t1_pcuyrv0,t3_1wtclmo,suspicious_Jackfruit,Saylor 2.0: Ethereum Boogaloo,Saylor 2.0 is currently undergoing development with Ethereum Boogaloo as its primary target.,2026-09-29T15:06:23.453Z,cryptocurrency,2026-09-29T15:06:23.453Z,2026-09-29,2026-09-28,OPINION_OTHER,ethereum,False,,,,,,NOT_CHECKABLE,ethereum mentioned but no price direction or number,NOT_SCORED,False,ethereum,-0.44,3.52,2.03
t1_pcv3z3y,t3_1wtclmo,Kiiaru,Microstrategy but for ETH,Microstrategy is not about cryptocurrency trends.,2026-09-29T15:06:23.453Z,cryptocurrency,2026-09-29T15:06:23.453Z,2026-09-29,2026-09-28,OPINION_OTHER,ethereum,False,,,,,,NOT_CHECKABLE,ethereum mentioned but no price direction or number,NOT_SCORED,False,ethereum,-0.44,3.52,2.03
t1_pcvi33q,t3_1wtclmo,Suspicious-Can-7079,Technically but it's also burns ETH as it's used. Its had less inflation then btc for awhile. Think the inflation rate is under 2% currently and can theoretically become deflationary,Technically but it's also burns ETH as it's used. Its had less inflation then btc for awhile. Think it may become deflationary as its inflation rate remains under 2%.,2026-09-29T15:06:23.453Z,cryptocurrency,2026-09-29T15:06:23.453Z,2026-09-29,2026-09-28,OPINION_OTHER,bitcoin,False,,,,,,NOT_CHECKABLE,bitcoin mentioned but no price direction or number,NOT_SCORED,False,bitcoin,0.15,2.12,3.37
t1_pclbfhq,t3_1wsg4m8,Acceptable_Main_5911,"Fair, I’ll rephrase: ‘never been done before by a publically traded company’. I know this has been a topic for a good bit of time. No doubt if this is achieved by 2030 we won’t be ready and it would be a serious challenge to a lot more than just lost wallets. Just stating the standard hype machine for newer tech companies with novel technologies.","Fair, I’ll rephrase: ‘never been done before by a publically traded company’ is not about cryptocurrency trends. Just stating the standard hype machine for newer tech companies with novel technologies.",2026-09-28T14:28:15.114Z,cryptocurrency,2026-09-28T14:28:15.114Z,2026-09-28,2026-09-28,OPINION_OTHER,bitcoin,True,,,,,,NOT_CHECKABLE,bitcoin mentioned but no price direction or number,NOT_SCORED,False,bitcoin,-1.13,2.84,2.2
t1_pci9ibx,t3_1ws3xf0,am_nifex_,"The 80% drop in dominance is a pretty significant claim — do you have a source for that? Also, declining exchange dominance by itself doesn’t necessarily mean the project is losing legitimacy; trading volume, market cap, liquidity, and actual usage would tell a much clearer story. I’m skeptical of the Trump-linked crypto projects too, but I’d rather see the numbers than assume the collapse is inevitable.","The article discusses a significant decline in cryptocurrency exchange dominance and skepticism about Trump-linked crypto projects.The 80% drop in dominance is a pretty significant claim — do you have a source for that? Also, declining exchange dominance by itself doesn’t necessarily mean the project is losing legitimacy; trading volume",2026-09-28T03:33:39.805Z,cryptocurrency,2026-09-28T03:33:39.805Z,2026-09-28,2026-09-28,NUMERIC_PERCENT,bitcoin,True,DOWN,-80.0,DOWN,-1.13,-1.13,INACCURATE,"Claimed -80.0%, bitcoin moved -1.13% (off by 78.9 points) (generic 'crypto' claim checked against BTC)",INACCURATE,True,bitcoin,-1.13,2.84,2.2
t1_pcjf5d0,t3_1ws3xf0,VishalJ_05,"The broader point about crypto projects losing relevance over time is worth examining, but I’d be interested in seeing the actual data behind the claimed 80% drop in exchange dominance. Market share, liquidity, volume, and stablecoin supply can tell very different stories.","The broader point about crypto projects losing relevance over time is worth examining, but I'm interested in seeing the actual data behind the claimed 80% drop in exchange dominance. Market share, liquidity, volume, and stablecoin supply can tell very different stories.",2026-09-28T03:33:39.805Z,cryptocurrency,2026-09-28T03:33:39.805Z,2026-09-28,2026-09-28,NUMERIC_PERCENT,bitcoin,True,DOWN,-80.0,DOWN,-1.13,-1.13,INACCURATE,"Claimed -80.0%, bitcoin moved -1.13% (off by 78.9 points) (generic 'crypto' claim checked against BTC)",INACCURATE,True,bitcoin,-1.13,2.84,2.2
t1_pcjlavr,t3_1ws3xf0,rEYAVjQD,"The volume is going down. Check their 'dollar' 'stable' coin's volume, in binance.",The volume of 'dollar' 'stable' coins is decreasing in binance.,2026-09-28T03:33:39.805Z,cryptocurrency,2026-09-28T03:33:39.805Z,2026-09-28,2026-09-28,OPINION_OTHER,,False,,,,,,NOT_CHECKABLE,No crypto asset mentioned,NOT_SCORED,False,bitcoin,-1.13,2.84,2.2
t1_pck6wm7,t3_1ws3xf0,CoinGate_Gift_Cards,"There are a few separate claims here that are worth distinguishing. The political allegations are one issue, while the crypto side can be evaluated with data such as market share, trading volume, liquidity, reserves, and exchange support. An 80% drop in “dominance” would need a clear source and definition of what dominance means before drawing conclusions from it. It would be more useful to look at those metrics directly than assume the project’s future from political sentiment alone.","There are a few separate claims here that are worth distinguishing. The political allegations are one issue, while the crypto market share and market dynamics are another. It would be more useful to look at those metrics directly than assume the project’s future from political sentiment alone. An 80% drop in",2026-09-28T03:33:39.805Z,cryptocurrency,2026-09-28T03:33:39.805Z,2026-09-28,2026-09-28,NUMERIC_PERCENT,bitcoin,True,DOWN,-80.0,DOWN,-1.13,-1.13,INACCURATE,"Claimed -80.0%, bitcoin moved -1.13% (off by 78.9 points) (generic 'crypto' claim checked against BTC)",INACCURATE,True,bitcoin,-1.13,2.84,2.2
t1_pckafwq,t3_1ws3xf0,rEYAVjQD,"Wasn't talking of the conventional definition of dominance (eg btc.d), but mainly volume. USD1 is down a lot in volume in binance.",The text discusses a downtrend in volume for Bitcoin as reflected in the decline in its dominance in binance.downtrend: Bitcoin.,2026-09-28T03:33:39.805Z,cryptocurrency,2026-09-28T03:33:39.805Z,2026-09-28,2026-09-28,TREND,bitcoin,False,DOWN,,DOWN,-1.13,-1.13,VERIFIED,bitcoin was DOWN -1.13% over 1d,ACCURATE,True,bitcoin,-1.13,2.84,2.2
t1_pckpm41,t3_1ws3xf0,BILLYBUTCHER_2,"The political stuff aside, the 80% claim is the part I'd want to see actual data for. “Volume is down” and “80% drop in dominance” aren't necessarily the same thing, especially without a timeframe or definition of dominance.","The text discusses a significant decline in cryptocurrency dominance, claiming an 80% decrease.The political stuff aside, the 80% claim is the part I'd want to see actual data for. ""Volume is down"" and ""decision is made"" is not about cryptocurrency trends.",2026-09-28T03:33:39.805Z,cryptocurrency,2026-09-28T03:33:39.805Z,2026-09-28,2026-09-28,NUMERIC_PERCENT,bitcoin,True,DOWN,-80.0,DOWN,-1.13,-1.13,INACCURATE,"Claimed -80.0%, bitcoin moved -1.13% (off by 78.9 points) (generic 'crypto' claim checked against BTC)",INACCURATE,True,bitcoin,-1.13,2.84,2.2
t1_pcrntgh,t3_1wt2pw5,BILLYBUTCHER_2,"This is actually a really good point. If an AI is going to control a wallet, the profitable trades are only half the story. I'd want to know what it saw, why it rejected other trades, and whether the data/config it used was actually current.","This is actually a really good point. If an AI is going to control a wallet, it needs to understand the context and data behind its decisions. I'd want to know what it saw, why it rejected other trades, and whether the data/config it used was actually current.",2026-09-29T06:30:44.604Z,cryptocurrency,2026-09-29T06:30:44.604Z,2026-09-29,2026-09-28,OPINION_OTHER,,False,,,,,,NOT_CHECKABLE,No crypto asset mentioned,NOT_SCORED,False,bitcoin,0.15,2.12,3.37
t1_pcx79r2,t3_1wt0427,Lotex,GO MY BOY QNT I NEED TO REPAY THE 3K$ EXTRACASH I PUT IN YOU.,GO MY BOY QNT I NEED TO REPAY THE 3K$ EXTRACASH I PUT IN YOU.,2026-09-29T04:02:28.393Z,cryptocurrency,2026-09-29T04:02:28.393Z,2026-09-29,2026-09-28,OPINION_OTHER,,False,,,,,,NOT_CHECKABLE,No crypto asset mentioned,NOT_SCORED,False,bitcoin,0.15,2.12,3.37
t1_pcwzdm8,t3_1wt0427,flangarky,83k seems to be holding strong.,"83k is holding strong, indicating a strong uptrend for the cryptocurrency.",2026-09-29T04:02:28.393Z,cryptocurrency,2026-09-29T04:02:28.393Z,2026-09-29,2026-09-28,NUMERIC_PRICE,bitcoin,True,UP,83000.0,,83622.43,,ACCURATE,"Claimed $83,000, bitcoin traded $82,739-$84,511 that day (off by 0.0%) (generic 'crypto' claim checked against BTC)",ACCURATE,True,bitcoin,0.15,2.12,3.37
t1_pcuua9y,t3_1wt0427,devCheckingIn,I guess if you believe in BTC you should believe in MSTR.,I guess if you believe in Bitcoin you should believe in MSTR.,2026-09-29T04:02:28.393Z,cryptocurrency,2026-09-29T04:02:28.393Z,2026-09-29,2026-09-28,OPINION_OTHER,bitcoin,False,,,,,,NOT_CHECKABLE,bitcoin mentioned but no price direction or number,NOT_SCORED,False,bitcoin,0.15,2.12,3.37
t1_pctpfbp,t3_1wt0427,ubermensch012,"those waiting on the sidelines, this is your dip.","those waiting on the sidelines, this is your dip.",2026-09-29T04:02:28.393Z,cryptocurrency,2026-09-29T04:02:28.393Z,2026-09-29,2026-09-28,OPINION_OTHER,,False,,,,,,NOT_CHECKABLE,No crypto asset mentioned,NOT_SCORED,False,bitcoin,0.15,2.12,3.37
t1_pctb4mt,t3_1wt0427,devCheckingIn,This bull market is a big poopy-pants.,This bull market is a big poopy-pants.,2026-09-29T04:02:28.393Z,cryptocurrency,2026-09-29T04:02:28.393Z,2026-09-29,2026-09-28,OPINION_OTHER,,False,,,,,,NOT_CHECKABLE,No crypto asset mentioned,NOT_SCORED,False,bitcoin,0.15,2.12,3.37
t1_pctefvs,t3_1wt0427,Right_Strength2170,"Uptober's where the fun begins, we will either see a 100k or a 60k BTC","Uptober's where the fun begins, with predictions of a possible 100k or a 60k Bitcoin price level.",2026-09-29T04:02:28.393Z,cryptocurrency,2026-09-29T04:02:28.393Z,2026-09-29,2026-09-28,NUMERIC_PRICE,bitcoin,False,,100000.0,,83622.43,,INACCURATE,"Claimed $100,000, bitcoin traded $82,739-$84,511 that day (off by 18.5%)",INACCURATE,True,bitcoin,0.15,2.12,3.37
t1_pcspl7n,t3_1wt0427,ilouiei,There was a slow climb this weekend to 85k but then it was sold off. But the slow climb did surprise me since almost every weekend before that it was stagnant.,There was a slow climb this weekend to 85k but then it was sold off. But the slow climb did surprise me since almost every weekend before that it was stagnant.,2026-09-29T04:02:28.393Z,cryptocurrency,2026-09-29T04:02:28.393Z,2026-09-29,2026-09-28,OPINION_OTHER,,False,,,,,,NOT_CHECKABLE,No crypto asset mentioned,NOT_SCORED,False,bitcoin,0.15,2.12,3.37
t1_pcsdsf9,t3_1wt0427,Ok_Golf_6467,"I see it going to a 100 billion market cap. Tokenizing fast, and investors are looking for the next ETH. Avax, solana, and hyperlinked are all looking gooood","Solana is showing strong potential for growth with a potential for a 100 billion market cap, while Ethereum is gaining attention as investors search for the next ETH. 
Uptrend: Solana.",2026-09-29T04:02:28.393Z,cryptocurrency,2026-09-29T04:02:28.393Z,2026-09-29,2026-09-28,TREND,ethereum,False,UP,,FLAT,-0.44,-0.44,INCONCLUSIVE,"Claimed UP, market flat (-0.44%)",NOT_SCORED,False,ethereum,-0.44,3.52,2.03
t1_pcqvmey,t3_1wt0427,Exotic_Cantaloupe_96,"We had a great september considering september is one of the worst months. And october is on average a great performing month, i think good things are up ahead.","We had a great september, and with expectations of a positive october, i think good things are up ahead for the cryptocurrency market.",2026-09-29T04:02:28.393Z,cryptocurrency,2026-09-29T04:02:28.393Z,2026-09-29,2026-09-28,TREND,bitcoin,True,UP,,FLAT,0.15,0.15,INCONCLUSIVE,"Claimed UP, market flat (+0.15%) (generic 'crypto' claim checked against BTC)",NOT_SCORED,False,bitcoin,0.15,2.12,3.37
t1_pc8df89,t3_1wqx6fm,hybridck,"Not me but I knew someone who was into those pump and dump NFT launches when they were still a thing in like 2021. She wasn't the orchestrator for them but would get paid to promote them in ETH and be given priority to mint whatever NFT project at launch, which she'd quickly just dump.

Eventually she realized she was basically working 40 hours a week as a glorified social media manager for these launches for kinda crappy pay when you considered the time investment and quit.",Not me but I knew someone who was into those pump and dump NFT launches when they were still a thing in like 2021. She wasn't the orchestrator for them but would get paid to promote them in ETH and be given priority to mint whatever NFT project at launch.Eventually she realized she was,2026-09-26T18:03:32.311Z,cryptocurrency,2026-09-26T18:03:32.311Z,2026-09-26,2026-09-21,EVENT_NEWS,ethereum,False,,,,,,NOT_CHECKABLE,ethereum news/event - not checkable with price data,NOT_SCORED,False,ethereum,0.18,1.16,1.96
t1_pcqgop2,t3_1wskrd1,Medallicat,She didn't tell me that when I was hanging out her laundry this morning.,She didn't tell me that when I was hanging out her laundry this morning.,2026-09-28T17:20:57.478Z,cryptocurrency,2026-09-28T17:20:57.478Z,2026-09-28,2026-09-28,OPINION_OTHER,,False,,,,,,NOT_CHECKABLE,No crypto asset mentioned,NOT_SCORED,False,bitcoin,-1.13,2.84,2.2
t1_pcm8ujb,t3_1wskrd1,thistimelineisweird,Probably not. But it would be nice.,Probably not. But it would be nice.,2026-09-28T17:20:57.478Z,cryptocurrency,2026-09-28T17:20:57.478Z,2026-09-28,2026-09-28,OPINION_OTHER,,False,,,,,,NOT_CHECKABLE,No crypto asset mentioned,NOT_SCORED,False,bitcoin,-1.13,2.84,2.2
t1_pcmuioh,t3_1wskrd1,insdog,ETH is the Linux of crypto,"Ethereum is highlighted for its stability and growth potential, positioning it as the Linux of crypto.",2026-09-28T17:20:57.478Z,cryptocurrency,2026-09-28T17:20:57.478Z,2026-09-28,2026-09-28,OPINION_OTHER,ethereum,False,,,,,,NOT_CHECKABLE,ethereum mentioned but no price direction or number,NOT_SCORED,False,ethereum,0.06,3.1,2.1
t1_pcsboa0,t3_1wskrd1,cr0ft,"Yeah, I mean, only thousands of variants of crypto run on top of Ethereum.","Ethereum is currently the most widely used cryptocurrency, with thousands of variants of crypto running on top of it.",2026-09-28T17:20:57.478Z,cryptocurrency,2026-09-28T17:20:57.478Z,2026-09-28,2026-09-28,OPINION_OTHER,ethereum,False,,,,,,NOT_CHECKABLE,ethereum mentioned but no price direction or number,NOT_SCORED,False,ethereum,0.06,3.1,2.1
t1_pcs74ns,t3_1wskrd1,Gerbrandodo,"In October $4000,- or more.","In October $4000,- or more.",2026-09-28T17:20:57.478Z,cryptocurrency,2026-09-28T17:20:57.478Z,2026-09-28,2026-09-28,OPINION_OTHER,,False,,,,,,NOT_CHECKABLE,No crypto asset mentioned,NOT_SCORED,False,bitcoin,-1.13,2.84,2.2
t1_pct7mpj,t3_1wskrd1,Impressive_Iron2885,no. ethereum will be between 2500-3500 as long as i own it and im not selling in 2026.,Ethereum is expected to see a stable price between 2500-3500 as long as i own it and im not selling in 2026.,2026-09-28T17:20:57.478Z,cryptocurrency,2026-09-28T17:20:57.478Z,2026-09-28,2026-09-28,OPINION_OTHER,ethereum,False,,,,,,NOT_CHECKABLE,ethereum mentioned but no price direction or number,NOT_SCORED,False,ethereum,0.06,3.1,2.1
t1_pcnzxig,t3_1wskrd1,3beinigerKanalr1iger,"Maybe it could eventually be possible, that at some point ETH is somehow going to do something the one way or another.","Maybe it could eventually be possible, that at some point ETH is going to do something significant, and it's not about cryptocurrency trends.",2026-09-28T17:20:57.478Z,cryptocurrency,2026-09-28T17:20:57.478Z,2026-09-28,2026-09-28,OPINION_OTHER,ethereum,False,,,,,,NOT_CHECKABLE,ethereum mentioned but no price direction or number,NOT_SCORED,False,ethereum,0.06,3.1,2.1
t1_pcorvkk,t3_1wskrd1,eosheart,If you think that Bitcoin can rally to $125k then Ethereum can also hit $4k. I personally think that $125k for Bitcoin this year's is totally possible,"Bitcoin and Ethereum are projected to potentially rally significantly, with Bitcoin potentially reaching $125,000 and Ethereum reaching $4,000, both within a year. I personally think that $125k for Bitcoin this year's is totally possible",2026-09-28T17:20:57.478Z,cryptocurrency,2026-09-28T17:20:57.478Z,2026-09-28,2026-09-28,NUMERIC_PRICE,bitcoin,False,UP,125000.0,,83502.61,,INACCURATE,"Claimed $125,000, bitcoin traded $82,571-$84,973 that day (off by 47.9%)",INACCURATE,True,bitcoin,-1.13,2.84,2.2
t1_pcq0xrq,t3_1wskrd1,Tedious-Butcher,"Maybe yes, maybe no. All i know is ETH price will be above $10,000 in the future.","Maybe yes, maybe no. All i know is ETH price will be above $10,000 in the future.",2026-09-28T17:20:57.478Z,cryptocurrency,2026-09-28T17:20:57.478Z,2026-09-28,2026-09-28,PREDICTION,ethereum,False,,,,,,NOT_CHECKABLE,Price prediction (future-tense) - can't be scored at posting time,NOT_SCORED,False,ethereum,0.06,3.1,2.1
t1_pcqq575,t3_1wskrd1,nj-88,Maybe in a 100 years.,Maybe in a 100 years.,2026-09-28T17:20:57.478Z,cryptocurrency,2026-09-28T17:20:57.478Z,2026-09-28,2026-09-28,OPINION_OTHER,,False,,,,,,NOT_CHECKABLE,No crypto asset mentioned,NOT_SCORED,False,bitcoin,-1.13,2.84,2.2
t1_pcmt7l0,t3_1wskrd1,Then-Feedback7751,"This becomes more likely if ETH breaks the local high AND really takes off and gets people fomo'ing like the parabolic leg of the bull market is starting. This to me doesn't seem that unrealistic. But, the dominant sentiment is to doubt moves like this for the rest of the year, and that too makes an unlikely scenario somewhat more likely imho. I put the chance of it happening around 30%--within the realm of realistic possibility that should be accounted for.","This becomes more likely if ETH breaks the local high and really takes off, signaling a potential bullish trend for the market. This to me doesn't seem that unrealistic. I put the chance of it happening around 30%--within the realm of realistic possibility that should be accounted for.But the current sentiment is",2026-09-28T17:20:57.478Z,cryptocurrency,2026-09-28T17:20:57.478Z,2026-09-28,2026-09-28,NUMERIC_PERCENT,ethereum,False,UP,30.0,FLAT,0.06,0.06,INACCURATE,"Claimed +30.0%, ethereum moved +0.06% (off by 29.9 points)",INACCURATE,True,ethereum,0.06,3.1,2.1
t1_pcqfwre,t3_1wskrd1,ElkApprehensive2319,What does the Ethereum groundhog say?,What does the Ethereum groundhog say?,2026-09-28T17:20:57.478Z,cryptocurrency,2026-09-28T17:20:57.478Z,2026-09-28,2026-09-28,OPINION_OTHER,ethereum,False,,,,,,NOT_CHECKABLE,ethereum mentioned but no price direction or number,NOT_SCORED,False,ethereum,0.06,3.1,2.1
t1_pcsyn1a,t3_1wskrd1,wadaphunk,Eth to 8k Q24 2021,Eth to 8k Q24 2021,2026-09-28T17:20:57.478Z,cryptocurrency,2026-09-28T17:20:57.478Z,2026-09-28,2026-09-28,NUMERIC_PRICE,ethereum,False,,8000.0,,2688.67,,INACCURATE,"Claimed $8,000, ethereum traded $2,635-$2,719 that day (off by 196.4%)",INACCURATE,True,ethereum,0.06,3.1,2.1
t1_pcmq5x2,t3_1wskrd1,gonzoes,I highly doubt it . But yesterday i was curious to see eths chart because i haven’t looked at in a while and although it has crazy ups and down swings it does seem to be slowing getting higher and higher every year closer to its ATH its slow as fuck tho,"I highly doubt it . But yesterday i was curious to see eths chart because i haven’t looked at in a while and although it has crazy ups and down swings, it does seem to be slowing getting higher and higher every year closer to its ATH.",2026-09-28T17:20:57.478Z,cryptocurrency,2026-09-28T17:20:57.478Z,2026-09-28,2026-09-28,OPINION_OTHER,,False,,,,,,NOT_CHECKABLE,No crypto asset mentioned,NOT_SCORED,False,bitcoin,-1.13,2.84,2.2
t1_pcoh4eh,t3_1wskrd1,ilovesaintpaul,"Oops. Should have asked ""Will Ethereum Hit $4000 Before 2016?""","Oops. Should have asked ""Will Ethereum Hit $4000 Before 2016?""",2026-09-28T17:20:57.478Z,cryptocurrency,2026-09-28T17:20:57.478Z,2026-09-28,2026-09-28,PREDICTION,ethereum,False,,,,,,NOT_CHECKABLE,Price prediction (future-tense) - can't be scored at posting time,NOT_SCORED,False,ethereum,0.06,3.1,2.1
t1_pcmwh5t,t3_1wskrd1,Hqjjciy6sJr,in 3 months? no way. maybe in 3 years,in 3 months? no way. maybe in 3 years,2026-09-28T17:20:57.478Z,cryptocurrency,2026-09-28T17:20:57.478Z,2026-09-28,2026-09-28,OPINION_OTHER,,False,,,,,,NOT_CHECKABLE,No crypto asset mentioned,NOT_SCORED,False,bitcoin,-1.13,2.84,2.2
t1_pcorxdr,t3_1wskrd1,Agile_Ad6735,"Will Ethereum Hit $3,000 Before the End of 2026?

Ok correct title","Ethereum is projected to potentially hit $3,000 before the end of 2026 according to recent analyses. 
Uptrend: Ethereum.",2026-09-28T17:20:57.478Z,cryptocurrency,2026-09-28T17:20:57.478Z,2026-09-28,2026-09-28,NUMERIC_PRICE,ethereum,False,UP,3000.0,,2688.67,,INACCURATE,"Claimed $3,000, ethereum traded $2,635-$2,719 that day (off by 10.5%)",INACCURATE,True,ethereum,0.06,3.1,2.1
t1_pcxhnb7,t3_1wtkesk,nameless_pattern,"Software has occasional security vulnerabilities. Even Bitcoin reverted some transactions. It either kills the coin or doesn't, but typically it hurts the price but does not kill.","Software has occasional security vulnerabilities. Even Bitcoin has reverted some transactions. It either kills the coin or doesn't, but typically it hurts the price but does not kill.",2026-09-29T19:59:20.516Z,cryptocurrency,2026-09-29T19:59:20.516Z,2026-09-29,2026-09-28,OPINION_OTHER,bitcoin,False,,,,,,NOT_CHECKABLE,bitcoin mentioned but no price direction or number,NOT_SCORED,False,bitcoin,0.15,2.12,3.37
t1_pbwbqtz,t3_1wpfscp,Nick_fabiani,"This is by far the most elevated scam ever done, technically speaking. For the first time, the target is not your dumb guy that sends you his 24 word key. It's very well prepared, the story sounds legit, I am impressed. PS it happened to me also, but I was on a new work pc, with no crypto on it.","This is by far the most elevated scam ever done, technically speaking. For the first time, the target is not your dumb guy that sends you his 24 word key.",2026-09-24T22:35:50.095Z,cryptocurrency,2026-09-24T22:35:50.095Z,2026-09-24,2026-09-21,OPINION_OTHER,bitcoin,True,,,,,,NOT_CHECKABLE,bitcoin mentioned but no price direction or number,NOT_SCORED,False,bitcoin,-0.0,2.33,-0.98
t1_pcdl7do,t3_1wrlv7s,Key_Ad1614,"I understand that but you can’t argue with the fact that we are seeing crypto actually get utilized right before our eyes. I will say, I do have a gut feeling that it’s only the blockchain that serves value and not crypto, but why not take advantage of the pumps while we have them?","I understand that but you can’t argue with the fact that we are seeing crypto actually being utilized and is contributing to value creation. I will say, I do have a gut feeling that it’s only the blockchain that serves value and not crypto, but why not take advantage of the opportunities",2026-09-27T14:38:50.178Z,cryptocurrency,2026-09-27T14:38:50.178Z,2026-09-27,2026-09-21,OPINION_OTHER,bitcoin,True,,,,,,NOT_CHECKABLE,bitcoin mentioned but no price direction or number,NOT_SCORED,False,bitcoin,0.05,1.19,2.25
t1_pciwktn,t3_1wrlv7s,thogor,Completely off the grid might be an overstatement? IIRC at some point you still have to publish a transaction to a mining pool? Or am I missing something?,"Completely off the grid might be an overstatement? IIRC, transactions still have to go through a mining pool.",2026-09-27T14:38:50.178Z,cryptocurrency,2026-09-27T14:38:50.178Z,2026-09-27,2026-09-21,OPINION_OTHER,,False,,,,,,NOT_CHECKABLE,No crypto asset mentioned,NOT_SCORED,False,bitcoin,0.05,1.19,2.25
t1_pcjchf2,t3_1wrlv7s,TheRicFlairDrip,"someone who wants to run a private blockchain wouldnt go for a PoW concept, there are other options available that are resource efficient, off the grid means it can be run on a private network or intranet so anyone from outside of those networks cannot access it.","someone who wants to run a private blockchain wouldnt go for a PoW concept, there are other options available that are resource efficient",2026-09-27T14:38:50.178Z,cryptocurrency,2026-09-27T14:38:50.178Z,2026-09-27,2026-09-21,OPINION_OTHER,,False,,,,,,NOT_CHECKABLE,No crypto asset mentioned,NOT_SCORED,False,bitcoin,0.05,1.19,2.25
t1_pcdls5a,t3_1wrlv7s,ikkiyikki,"See, you conflated tokens with crypto. There's Bitcoin, ETH, SOL and half a dozen others that are proper crypto and then a million shitcoins.","See, you conflated tokens with crypto. There's Bitcoin, Ethereum, Solana, and other legitimate cryptocurrencies, but there are also shitcoins.",2026-09-27T14:38:50.178Z,cryptocurrency,2026-09-27T14:38:50.178Z,2026-09-27,2026-09-21,OPINION_OTHER,bitcoin,False,,,,,,NOT_CHECKABLE,bitcoin mentioned but no price direction or number,NOT_SCORED,False,bitcoin,0.05,1.19,2.25
t1_pcdnavi,t3_1wrlv7s,Key_Ad1614,"I have an unpopular opinion with bitcoin providing no value or utility. As far as eth and sol go, it’s their blockchain that serves their purpose. I understand if more institutions use their blockchain, that provides a need for their coin. That’s why I got in qnt in hopes of that. If I am wrong please tell me because I truly do want to be educated","I have an unpopular opinion with Bitcoin providing value or utility, while Ethereum and Solana's blockchain serves a more legitimate purpose. If I am wrong please tell me because I truly do want to be educated. 
Uptrend: Ethereum, Solana.",2026-09-27T14:38:50.178Z,cryptocurrency,2026-09-27T14:38:50.178Z,2026-09-27,2026-09-21,TREND,bitcoin,False,UP,,FLAT,0.05,0.05,INCONCLUSIVE,"Claimed UP, market flat (+0.05%)",NOT_SCORED,False,bitcoin,0.05,1.19,2.25
t1_pcdqs5d,t3_1wrlv7s,Backrus,"Nobody serious will use public blockchain for anything because their compliance departments and lawyers won't let them.

Do you think JPM will show their books and all trades? There's a reason why most of those lean into either private in-house solutions or Canton.",Nobody serious will use public blockchain for anything because their compliance departments and lawyers won't let them. There's a reason why most companies lean into either private in-house solutions or Canton.,2026-09-27T14:38:50.178Z,cryptocurrency,2026-09-27T14:38:50.178Z,2026-09-27,2026-09-21,OPINION_OTHER,,False,,,,,,NOT_CHECKABLE,No crypto asset mentioned,NOT_SCORED,False,bitcoin,0.05,1.19,2.25
t1_pcdpeyr,t3_1wrlv7s,ikkiyikki,"The thing is, even when a crypto project has genuine tech appeal it doesn't amount to much if the investor base sees stocks as the better short term bet. So if you have found a project that you believe in you better be prepared to hold for a long time. Bitcoin's utility, by the way, is encapsulated in the network effect. As the OG it doesn't need anything else and remains the safest harbor for this reason alone.","The thing is, even when a crypto project has genuine tech appeal, it doesn't amount to much if the investor base views stocks as the better short-term bet. So if you have found a project that you believe in you better be prepared to hold for a long time. Bitcoin is highlighted as",2026-09-27T14:38:50.178Z,cryptocurrency,2026-09-27T14:38:50.178Z,2026-09-27,2026-09-21,OPINION_OTHER,bitcoin,False,,,,,,NOT_CHECKABLE,bitcoin mentioned but no price direction or number,NOT_SCORED,False,bitcoin,0.05,1.19,2.25
t1_pcdleo4,t3_1wrlv7s,Backrus,"Honestly, no point for quite some time.

First of all, there's no such thing as ""investing"" in crypto - to invest in something, it has to have fundamental value. Tokens created in 15s (yes, it takes that long) don't have any fundamental value. You can argue BTC has some, but still, you're gambling on price appreciation without any logical reason.

When IBIT options launched, BTC lost its ability to generate upside volatility (in January GVZ flipped BVIV, and BVIV chart alone is just sad). Without that, it's just another stock with market like returns and much bigger downside risk. So it's hard to find honest argument to have it in your portofolio on a risk-adjusted basis.

Then again, if you have to hold something, do it with BTC - there are periods when it decorrelates from stocks (but over last 3 years it decorrelated from the upside lol).

Since COVID dump / post 2021, stocks have better volatility, and better risk-adjusted returns (BTC has been the worst performing asset in the world on an absolute and risk-adjusted basis since IBIT options launched on November 19, 2024; although it might change with the start of new bull market on August 24). Not to mention all the investor protections in the world.

If you still wanna gamba, this cycle has already decided its winners: HYPE, LIT, ZEC, NEAR.","Bitcoin is currently the worst performing asset in the world on an absolute and risk-adjusted basis since the IBIT options launched, with no clear trend, as it lacks fundamental value or upside volatility.

Downtrend: Bitcoin.",2026-09-27T14:38:50.178Z,cryptocurrency,2026-09-27T14:38:50.178Z,2026-09-27,2026-09-21,TREND,bitcoin,False,DOWN,,FLAT,0.05,0.05,INCONCLUSIVE,"Claimed DOWN, market flat (+0.05%)",NOT_SCORED,False,bitcoin,0.05,1.19,2.25
t1_pcdjd3y,t3_1wrlv7s,Ghola_Mentat,Just buy Bitcoin.,Just buy Bitcoin.,2026-09-27T14:38:50.178Z,cryptocurrency,2026-09-27T14:38:50.178Z,2026-09-27,2026-09-21,OPINION_OTHER,bitcoin,False,,,,,,NOT_CHECKABLE,bitcoin mentioned but no price direction or number,NOT_SCORED,False,bitcoin,0.05,1.19,2.25
t1_pcdjm7e,t3_1wrlv7s,Key_Ad1614,"Why? I want to be clear, I like crypto. But if they start tokenizing gold, what value does bitcoin serve?","If they start tokenizing gold, what value does Bitcoin serve?",2026-09-27T14:38:50.178Z,cryptocurrency,2026-09-27T14:38:50.178Z,2026-09-27,2026-09-21,OPINION_OTHER,bitcoin,False,,,,,,NOT_CHECKABLE,bitcoin mentioned but no price direction or number,NOT_SCORED,False,bitcoin,0.05,1.19,2.25
t1_pcdmeuc,t3_1wrlv7s,Sure_Value2003,Tokenized gold is just somebody's promise issued in tokens. Bitcoin is far superior to gold. Even if it's gold on chain,"Bitcoin is superior to gold as a store of value, according to economic experts.Tokenized gold is just somebody's promise issued in tokens. Bitcoin is far superior. Even if it's gold on chain.",2026-09-27T14:38:50.178Z,cryptocurrency,2026-09-27T14:38:50.178Z,2026-09-27,2026-09-21,OPINION_OTHER,bitcoin,False,,,,,,NOT_CHECKABLE,bitcoin mentioned but no price direction or number,NOT_SCORED,False,bitcoin,0.05,1.19,2.25
t1_pcdwfa9,t3_1wrlv7s,LetsLearnYouZhongWen,"My brother in Christ, you are questioning BTC while blindly throwing money at other crap.","My brother in Christ, you are questioning Bitcoin's value while blindly throwing money at other crap.",2026-09-27T14:38:50.178Z,cryptocurrency,2026-09-27T14:38:50.178Z,2026-09-27,2026-09-21,OPINION_OTHER,bitcoin,False,,,,,,NOT_CHECKABLE,bitcoin mentioned but no price direction or number,NOT_SCORED,False,bitcoin,0.05,1.19,2.25
t1_pcfw8em,t3_1wrlv7s,blaziken8x,"If you buy or change positions when greed is high, you are statistically more likely to lose money on short term investments. https://coinmarketcap.com/charts/fear-and-greed-index/","If you buy or change positions when greed is high, you are statistically more likely to lose money on short term investments. 
Downtrend: Bitcoin.",2026-09-27T14:38:50.178Z,cryptocurrency,2026-09-27T14:38:50.178Z,2026-09-27,2026-09-21,TREND,bitcoin,False,DOWN,,FLAT,0.05,0.05,INCONCLUSIVE,"Claimed DOWN, market flat (+0.05%)",NOT_SCORED,False,bitcoin,0.05,1.19,2.25
t1_pc55lz4,t3_1wqjn3x,Romanizer,"Roadmaps for banks in EU and UK goes up to 2035, so it's not going to be fast. Bitcoin can already be transferred and held safe from quantum computers.","Bitcoin is already being transferred and held safe from quantum computers, indicating its potential for increased adoption by banks. 
Uptrend: Bitcoin.",2026-09-26T06:48:19.506Z,cryptocurrency,2026-09-26T06:48:19.506Z,2026-09-26,2026-09-21,TREND,bitcoin,False,UP,,FLAT,0.44,0.44,INCONCLUSIVE,"Claimed UP, market flat (+0.44%)",NOT_SCORED,False,bitcoin,0.44,0.76,2.71
t1_pc53pwx,t3_1wqjn3x,Rabid_Mexican,"Nothing, if quantum computers
 break bitcoin
 then the entire internet is suddenly completely insecure - people can access any account of anyone","Nothing, if quantum computers are able to break Bitcoin, will make the internet completely insecure. 
Downtrend: Bitcoin.",2026-09-26T06:48:19.506Z,cryptocurrency,2026-09-26T06:48:19.506Z,2026-09-26,2026-09-21,TREND,bitcoin,False,DOWN,,FLAT,0.44,0.44,INCONCLUSIVE,"Claimed DOWN, market flat (+0.44%)",NOT_SCORED,False,bitcoin,0.44,0.76,2.71
t1_pc55wrd,t3_1wqjn3x,Romanizer,One key at a time. Gaining access to the Bitcoin mentioned in the title would probably take a few hundred years once possible.,One key at a time. Gaining access to the Bitcoin mentioned in the title would probably take a few hundred years once possible.,2026-09-26T06:48:19.506Z,cryptocurrency,2026-09-26T06:48:19.506Z,2026-09-26,2026-09-21,OPINION_OTHER,bitcoin,False,,,,,,NOT_CHECKABLE,bitcoin mentioned but no price direction or number,NOT_SCORED,False,bitcoin,0.44,0.76,2.71
t1_pc6x54s,t3_1wqjn3x,Good-Book-6912,"Just remember. The possibility of theft does not justify theft. If those BTC are basically stolen from people with a fork just because there is a risk of theft, that should be the end of Bitcoin.","Just remember. The possibility of theft does not justify theft. If those BTC are basically stolen from people with a fork just because there is a risk of theft, that should be the end of Bitcoin.",2026-09-26T06:48:19.506Z,cryptocurrency,2026-09-26T06:48:19.506Z,2026-09-26,2026-09-21,EVENT_NEWS,bitcoin,False,,,,,,NOT_CHECKABLE,bitcoin news/event - not checkable with price data,NOT_SCORED,False,bitcoin,0.44,0.76,2.71
t1_pctv0fv,t3_1wtb5qt,JakRenden2,Everyone needs crypto. They just don't know it yet.,Everyone needs crypto. They just don't know it yet.,2026-09-29T14:10:05.413Z,cryptocurrency,2026-09-29T14:10:05.413Z,2026-09-29,2026-09-28,OPINION_OTHER,bitcoin,True,,,,,,NOT_CHECKABLE,bitcoin mentioned but no price direction or number,NOT_SCORED,False,bitcoin,0.15,2.12,3.37
t1_pctmpvl,t3_1wtb5qt,BakingBreadBB2,Crypto keeps winning. Tradfi keeps loosing. And people still doubt the tech after all these years.,Crypto keeps winning. Tradfi keeps loosing.,2026-09-29T14:10:05.413Z,cryptocurrency,2026-09-29T14:10:05.413Z,2026-09-29,2026-09-28,OPINION_OTHER,bitcoin,True,,,,,,NOT_CHECKABLE,bitcoin mentioned but no price direction or number,NOT_SCORED,False,bitcoin,0.15,2.12,3.37
t1_pcs0sta,t3_1wt8lp6,Enschede2,"Just use the chandelier exit indicator by everget, as well as the chandelier exit trend navigator by markitTik, and also the RSI Core Levels Heatmap by BigBeluga for bottoms, and the HSI halving seasonality index for bitcoin by Da_Prof for the tops, all of these are free on tradingview, combined together they will give you about the same idea on weekly timeframes as his paid indicators do
Another HSI indicator worth mentioning is BTC CYCLES - DEFINITIVE [BETA v1]","Just use the chandelier exit indicator by everget, as well as the RSI Core Levels Heatmap by BigBeluga for bottoms, and the HSI halving seasonality index for Bitcoin by Da_Prof for the tops, all of these are free on tradingview, combined together they",2026-09-29T12:19:52.019Z,cryptocurrency,2026-09-29T12:19:52.019Z,2026-09-29,2026-09-28,OPINION_OTHER,bitcoin,False,,,,,,NOT_CHECKABLE,bitcoin mentioned but no price direction or number,NOT_SCORED,False,bitcoin,0.15,2.12,3.37
t1_pcrymf6,t3_1wt8lp6,1000xhuman,"the useful question isn’t “is $15k expensive?” but what replaces it. if it’s just alerts and a dashboard, compare against the cost of building/maintaining that stack and the risk of missed events. if it includes a repeatable process, research, and support, it’s a different product. ask for the last 90 days of concrete outputs before buying.","The text discusses the cost effectiveness and value of cloud-based applications, emphasizing the need for repeatable processes and detailed outputs.the useful question isn’t “is $15k expensive?” but what replaces it. if it’s just alerts and a dashboard, compare",2026-09-29T12:19:52.019Z,cryptocurrency,2026-09-29T12:19:52.019Z,2026-09-29,2026-09-28,OPINION_OTHER,,False,,,,,,NOT_CHECKABLE,No crypto asset mentioned,NOT_SCORED,False,bitcoin,0.15,2.12,3.37
t1_pc0sziz,t3_1wq3u4x,financialtimes,"Nearly $390mn has been stolen from crypto exchange Bitget in the single biggest digital assets theft this year, using what the firm said were methods 'highly consistent' with North Korean hackers.

Bitget chief executive Gracy Chen said the exchange’s systems had detected at 6.31pm GMT on Thursday that $351.6mn had been stolen from its customers’ wallets and that the company had subsequently frozen customer withdrawals.

Later on Friday she said $387.5mn had been stolen, up from the initial assessment, after 'a more complete accounting of transfers' had taken place.

Chen said the stolen funds would be covered by Bitget’s User Protection Fund, which currently holds more than $464mn, and withdrawals would be allowed 'once we confirm it’s safe to resume'.

Read the full story here.

FT social team","Nearly $390mn was stolen from Bitget in a major theft using North Korean hackers, with the exchange temporarily freezing withdrawals.

Downtrend: Bitcoin.",2026-09-25T18:23:35.774Z,cryptocurrency,2026-09-25T18:23:35.774Z,2026-09-25,2026-09-21,TREND,bitcoin,False,DOWN,,FLAT,-0.41,-0.41,INCONCLUSIVE,"Claimed DOWN, market flat (-0.41%)",NOT_SCORED,False,bitcoin,-0.41,2.45,0.56
t1_pc3qr6k,t3_1wq3u4x,GoldenParrot456,not surprised. every weird coin that jumps is somehow connected to major action on this xchange,not surprised. every weird coin that jumps is somehow connected to major action on this xchange,2026-09-25T18:23:35.774Z,cryptocurrency,2026-09-25T18:23:35.774Z,2026-09-25,2026-09-21,OPINION_OTHER,,False,,,,,,NOT_CHECKABLE,No crypto asset mentioned,NOT_SCORED,False,bitcoin,-0.41,2.45,0.56
t1_pc3vb4c,t3_1wq3u4x,Bluejumprabbit,"Solid reason to keep anything you're not actively trading off the exchange, $390M is gone and users are now leaning on Bitget's insurance fund to get made whole. They've talked up a large protection fund before, worth watching if they actually cover this one in full.","The text discusses the impact of the Bitget exchange's $390M wipeout, highlighting the potential for users to rely on the company's insurance fund. They've talked up a large protection fund before, worth watching if they actually cover this one in full.Solid reason to keep anything you're",2026-09-25T18:23:35.774Z,cryptocurrency,2026-09-25T18:23:35.774Z,2026-09-25,2026-09-21,EVENT_NEWS,,False,,,,,,NOT_CHECKABLE,No crypto asset mentioned,NOT_SCORED,False,bitcoin,-0.41,2.45,0.56
t1_pcpe8bo,t3_1ws4i2j,blastermckaster,BTC 60k by mid October,"Bitcoin is expected to reach $60,000 by mid October, indicating a positive trend.",2026-09-28T04:04:02.348Z,cryptocurrency,2026-09-28T04:04:02.348Z,2026-09-28,2026-09-28,NUMERIC_PRICE,bitcoin,False,UP,60000.0,,83502.61,,INACCURATE,"Claimed $60,000, bitcoin traded $82,571-$84,973 that day (off by 27.0%)",INACCURATE,True,bitcoin,-1.13,2.84,2.2
t1_pcnj3zo,t3_1ws4i2j,fan_of_hakiksexydays,"BTC just needs to keep its shit together just 2 more days, and preferably stay above $81K and those long liquidations.

Then it's Uptober! And we don't have to worry about any bear market anymore.

October is the month that's historically more likely to be green.","Bitcoin just needs to maintain its price above $81K for two more days and it'll be eligible for a positive Uptober according to historical trends.
Uptrend: Bitcoin.",2026-09-28T04:04:02.348Z,cryptocurrency,2026-09-28T04:04:02.348Z,2026-09-28,2026-09-28,NUMERIC_PRICE,bitcoin,False,UP,81000.0,,83502.61,,ACCURATE,"Claimed $81,000, bitcoin traded $82,571-$84,973 that day (off by 1.9%)",ACCURATE,True,bitcoin,-1.13,2.84,2.2
t1_pcn57es,t3_1ws4i2j,Despaciito,Btc behaving like a little b**ch today,Binance Coin is behaving like a little b**ch today.,2026-09-28T04:04:02.348Z,cryptocurrency,2026-09-28T04:04:02.348Z,2026-09-28,2026-09-28,OPINION_OTHER,bnb,False,,,,,,NOT_CHECKABLE,bnb mentioned but no price direction or number,NOT_SCORED,False,bnb,-1.94,3.34,-0.34
t1_pcmw9ub,t3_1ws4i2j,devCheckingIn,"The whole crypto ""market"" is just a casino bro.","The whole crypto ""market"" is just a casino bro.",2026-09-28T04:04:02.348Z,cryptocurrency,2026-09-28T04:04:02.348Z,2026-09-28,2026-09-28,OPINION_OTHER,bitcoin,True,,,,,,NOT_CHECKABLE,bitcoin mentioned but no price direction or number,NOT_SCORED,False,bitcoin,-1.13,2.84,2.2
t1_pcm6nyi,t3_1ws4i2j,Easy_Reflection_9128,"Link is moving finally . But xrp, avax and sol killing me today","Link is moving finally . But xrp, avax and sol are killing me today.",2026-09-28T04:04:02.348Z,cryptocurrency,2026-09-28T04:04:02.348Z,2026-09-28,2026-09-28,OPINION_OTHER,solana,False,,,,,,NOT_CHECKABLE,solana mentioned but no price direction or number,NOT_SCORED,False,solana,-2.64,4.4,-0.07
t1_pcm42l0,t3_1ws4i2j,yell0w8,Quant breaking out again,Quant is experiencing a breakout with new developments suggesting a potential bullish trend.,2026-09-28T04:04:02.348Z,cryptocurrency,2026-09-28T04:04:02.348Z,2026-09-28,2026-09-28,OPINION_OTHER,,False,,,,,,NOT_CHECKABLE,No crypto asset mentioned,NOT_SCORED,False,bitcoin,-1.13,2.84,2.2
t1_pcli8a0,t3_1ws4i2j,DysphoricLemon,"Not irrelevant when it’s the most volatile crypto so that’s gotta account for something. Considering it has a use case like ETH, and the rest of crypto hasn’t had bullish movement like that. $QNT","Not irrelevant when it's the most volatile crypto, with a use case like Ethereum and hasn’t had bullish movement like that.",2026-09-28T04:04:02.348Z,cryptocurrency,2026-09-28T04:04:02.348Z,2026-09-28,2026-09-28,TREND,ethereum,False,UP,,FLAT,0.06,0.06,INCONCLUSIVE,"Claimed UP, market flat (+0.06%)",NOT_SCORED,False,ethereum,0.06,3.1,2.1
t1_pcjow1t,t3_1ws4i2j,Easy_Reflection_9128,Europe/Asian market started red. Are we in for a super red day ?,Europe and Asia have shown signs of a potential downtrend as early indicators suggest a bearish trend. Are we in for a super red day ?,2026-09-28T04:04:02.348Z,cryptocurrency,2026-09-28T04:04:02.348Z,2026-09-28,2026-09-28,OPINION_OTHER,,False,,,,,,NOT_CHECKABLE,No crypto asset mentioned,NOT_SCORED,False,bitcoin,-1.13,2.84,2.2
t1_pcjtz1v,t3_1ws4i2j,Right_Strength2170,Small shakeout before BTC reclaims 87k.,"Bitcoin reclaims 87,000 as market sentiment turns positive.",2026-09-28T04:04:02.348Z,cryptocurrency,2026-09-28T04:04:02.348Z,2026-09-28,2026-09-28,OPINION_OTHER,bitcoin,False,,,,,,NOT_CHECKABLE,bitcoin mentioned but no price direction or number,NOT_SCORED,False,bitcoin,-1.13,2.84,2.2
t1_pcjezbm,t3_1ws4i2j,GrapefruitOwn6261,"That’s fantastic. I’m up about 30k myself in the last month or so.

You should start to take some off the table if you haven’t already.","That’s fantastic. I’m up about 30k in the last month, and you should definitely start taking some off the table.",2026-09-28T04:04:02.348Z,cryptocurrency,2026-09-28T04:04:02.348Z,2026-09-28,2026-09-28,OPINION_OTHER,,False,,,,,,NOT_CHECKABLE,No crypto asset mentioned,NOT_SCORED,False,bitcoin,-1.13,2.84,2.2
t1_pck4qj1,t3_1ws6fg9,Aggravating_Ring_714,The biggest threat to crypto is EU regulators.,The biggest threat to crypto is EU regulators.,2026-09-28T05:51:29.708Z,cryptocurrency,2026-09-28T05:51:29.708Z,2026-09-28,2026-09-28,OPINION_OTHER,bitcoin,True,,,,,,NOT_CHECKABLE,bitcoin mentioned but no price direction or number,NOT_SCORED,False,bitcoin,-1.13,2.84,2.2
t1_pco5ik4,t3_1ws6fg9,Terrible_Beat_6109,We just get quantum bitcoin once this is a threat.,We just get quantum bitcoin once this is a threat.,2026-09-28T05:51:29.708Z,cryptocurrency,2026-09-28T05:51:29.708Z,2026-09-28,2026-09-28,OPINION_OTHER,bitcoin,False,,,,,,NOT_CHECKABLE,bitcoin mentioned but no price direction or number,NOT_SCORED,False,bitcoin,-1.13,2.84,2.2
t1_pc1lpo9,t3_1wpt32e,1337natetheLOLking,"im assuming a mind boggling growth of the blockchain storage size, but i have no idea","im assuming a mind boggling growth of blockchain storage size, but i have no idea",2026-09-25T10:47:14.451Z,cryptocurrency,2026-09-25T10:47:14.451Z,2026-09-25,2026-09-21,OPINION_OTHER,,False,,,,,,NOT_CHECKABLE,No crypto asset mentioned,NOT_SCORED,False,bitcoin,-0.41,2.45,0.56
t1_pc0na8o,t3_1wpt32e,Abythekid,"Kaspa
 is catching fire again. Interesting.",Kaspa is experiencing a resurgence in interest as it is catching fire again. Interesting.,2026-09-25T10:47:14.451Z,cryptocurrency,2026-09-25T10:47:14.451Z,2026-09-25,2026-09-21,OPINION_OTHER,,False,,,,,,NOT_CHECKABLE,No crypto asset mentioned,NOT_SCORED,False,bitcoin,-0.41,2.45,0.56
t1_pc6npbw,t3_1wq2rpw,Present_Let2487,Feels like this could become more of an upgrade race than an extinction event for crypto.,Feels like this could become more of an upgrade race than an extinction event for crypto.,2026-09-25T17:42:03.244Z,cryptocurrency,2026-09-25T17:42:03.244Z,2026-09-25,2026-09-21,EVENT_NEWS,bitcoin,True,,,,,,NOT_CHECKABLE,bitcoin news/event - not checkable with price data,NOT_SCORED,False,bitcoin,-0.41,2.45,0.56
t1_pc98wmq,t3_1wr36d7,jummy006,Not gonna read all that. Is the “TLDR” Zcash will ultimately become the greater BTC?,"Not gonna read all that. Is the ""TLDR"" Zcash will ultimately become the greater Bitcoin?",2026-09-26T22:13:45.355Z,cryptocurrency,2026-09-26T22:13:45.355Z,2026-09-26,2026-09-21,OPINION_OTHER,bitcoin,False,,,,,,NOT_CHECKABLE,bitcoin mentioned but no price direction or number,NOT_SCORED,False,bitcoin,0.44,0.76,2.71
t1_pc9e0zw,t3_1wr36d7,Impressive-Fig-9532,"but i would also like to add that Tesla never took out Toyota,bmw,etc the traditional car companies. It ended up dominating its Niche area and then is now slowly taking away marketshare from the traditional car companies. Will EV eventually replace gas? who knows. I see zcash doing the same thing, it will dominate the privacy niche area and slowly take away marketshare from BTC and will it eventually replace BTC? who knows.","Bitcoin is facing challenges as it faces competition from zcash, which is expected to dominate the privacy niche area and eventually replace BTC. 
Uptrend: Bitcoin.",2026-09-26T22:13:45.355Z,cryptocurrency,2026-09-26T22:13:45.355Z,2026-09-26,2026-09-21,TREND,bitcoin,False,UP,,FLAT,0.44,0.44,INCONCLUSIVE,"Claimed UP, market flat (+0.44%)",NOT_SCORED,False,bitcoin,0.44,0.76,2.71
t1_pc9c6j2,t3_1wr36d7,Lost_Anywhere_69,"If you believe this, go ahead swap all your BTC for zcash post the proof… maybe I’ll join you.","If you believe this, go ahead swap all your BTC for zcash and see if it works.",2026-09-26T22:13:45.355Z,cryptocurrency,2026-09-26T22:13:45.355Z,2026-09-26,2026-09-21,OPINION_OTHER,bitcoin,False,,,,,,NOT_CHECKABLE,bitcoin mentioned but no price direction or number,NOT_SCORED,False,bitcoin,0.44,0.76,2.71
t1_pc9pm38,t3_1wr36d7,DogStunning4845,"So if bitcoin can now be private as zcash, why would people use zcash over bitcoin?","So if bitcoin can now be private as zcash, why would people choose zcash over Bitcoin?",2026-09-26T22:13:45.355Z,cryptocurrency,2026-09-26T22:13:45.355Z,2026-09-26,2026-09-21,OPINION_OTHER,bitcoin,False,,,,,,NOT_CHECKABLE,bitcoin mentioned but no price direction or number,NOT_SCORED,False,bitcoin,0.44,0.76,2.71
t1_pc994cc,t3_1wr36d7,Similar_Scar7089,"Poor analogy. Bitcoin is more akin to Apple, copying the best features from each brand","Poor analogy. Bitcoin is more akin to Apple, copying the best features from each brand",2026-09-26T22:13:45.355Z,cryptocurrency,2026-09-26T22:13:45.355Z,2026-09-26,2026-09-21,OPINION_OTHER,bitcoin,False,,,,,,NOT_CHECKABLE,bitcoin mentioned but no price direction or number,NOT_SCORED,False,bitcoin,0.44,0.76,2.71
t1_pc99d5t,t3_1wr36d7,Impressive-Fig-9532,Poor comparison to apple. Apple is innovative. Bitcoin is more like a traditional ossified dinosaur gas car company,Poor comparison to apple. Bitcoin is more like a traditional ossified dinosaur gas car company compared to Apple's innovative spirit.,2026-09-26T22:13:45.355Z,cryptocurrency,2026-09-26T22:13:45.355Z,2026-09-26,2026-09-21,OPINION_OTHER,bitcoin,False,,,,,,NOT_CHECKABLE,bitcoin mentioned but no price direction or number,NOT_SCORED,False,bitcoin,0.44,0.76,2.71
t1_pcf2uac,t3_1wrlcor,Puzzled-Artist-224,"If you want to build a project on a blockchain and you want to spend 200$ on it wich chain would be better? Ethereum: you do a couple of transfers do a couple outcalls and then bye bye 200$ ICP: You can work for months on your project, you will be able to finish it and there is still money left. So yeah it is beating ethereum big time and it won't be backed by wallstreet, some day Wallstreet will be backed by the ICP protocol because it's one of the safest web3 solution at the moment.","If you want to build a project on a blockchain, Ethereum offers a more efficient and safe solution compared to ICP, which is currently being backed by wallstreet. Ethereum provides more features, but it faces competition from ICP.",2026-09-27T14:17:11.347Z,cryptocurrency,2026-09-27T14:17:11.347Z,2026-09-27,2026-09-21,OPINION_OTHER,ethereum,False,,,,,,NOT_CHECKABLE,ethereum mentioned but no price direction or number,NOT_SCORED,False,ethereum,-0.31,1.95,1.78
t1_pcfam3j,t3_1wrlcor,Puzzled-Artist-224,What is more likely by the end of 2027 ICP price x3 or ethereum price x2 ?,"What is more likely by the end of 2027,  
Uptrend: Ethereum.",2026-09-27T14:17:11.347Z,cryptocurrency,2026-09-27T14:17:11.347Z,2026-09-27,2026-09-21,TREND,ethereum,False,UP,,FLAT,-0.31,-0.31,INCONCLUSIVE,"Claimed UP, market flat (-0.31%)",NOT_SCORED,False,ethereum,-0.31,1.95,1.78
t1_pcfcrau,t3_1wrlcor,Puzzled-Artist-224,"Yeah man, try building a website on Solana or ethereum or run a cloud engine on it. Succes with that.","Yeah man, try building a website on Solana or Ethereum or run a cloud engine on it. Succes with that.",2026-09-27T14:17:11.347Z,cryptocurrency,2026-09-27T14:17:11.347Z,2026-09-27,2026-09-21,OPINION_OTHER,ethereum,False,,,,,,NOT_CHECKABLE,ethereum mentioned but no price direction or number,NOT_SCORED,False,ethereum,-0.31,1.95,1.78
t1_pcojpvs,t3_1wshpmf,D_0b,"As someone who also hates the blind signing on hardware wallets, you will be happy to know I'm working on a solution for this. Not ready to give more specific details at the moment, but I am planning some kind of an MVP release by December focused on Solana initially then Ethereum later.","As someone who hates the blind signing on hardware wallets, you will be happy to know I'm working on a solution for this problem, focusing initially on Solana and then potentially Ethereum later. Not ready to give more specific details at the moment, but I am planning some kind of an MVP release by December",2026-09-28T15:29:34.547Z,cryptocurrency,2026-09-28T15:29:34.547Z,2026-09-28,2026-09-28,OPINION_OTHER,ethereum,False,,,,,,NOT_CHECKABLE,ethereum mentioned but no price direction or number,NOT_SCORED,False,ethereum,0.06,3.1,2.1
t1_pcupaio,t3_1wrnso0,bitcoinbraves,There's always a vision 5(ish) years away with crypto.,There's always a vision 5(ish) years away with crypto.,2026-09-27T15:57:09.336Z,cryptocurrency,2026-09-27T15:57:09.336Z,2026-09-27,2026-09-21,OPINION_OTHER,bitcoin,True,,,,,,NOT_CHECKABLE,bitcoin mentioned but no price direction or number,NOT_SCORED,False,bitcoin,0.05,1.19,2.25
t1_pco5wky,t3_1wrnso0,kitbiggz,His my Mom also heads her own crypto. She could be the real Mastermind behind Eth,His my Mom also heads her own crypto. She could be the real Mastermind behind Ethereum's growth.,2026-09-27T15:57:09.336Z,cryptocurrency,2026-09-27T15:57:09.336Z,2026-09-27,2026-09-21,OPINION_OTHER,ethereum,False,,,,,,NOT_CHECKABLE,ethereum mentioned but no price direction or number,NOT_SCORED,False,ethereum,-0.31,1.95,1.78
t1_pcwqitq,t3_1wt953w,Always_Question,"Many of us were saying this would happen years ago when everyone and their dog were launching L1s. It took longer than expected, but here we go.","Many of us were saying this would happen years ago when everyone and their dog were launching L1s. It took longer than expected, but here we go.",2026-09-29T12:45:09.871Z,cryptocurrency,2026-09-29T12:45:09.871Z,2026-09-29,2026-09-28,OPINION_OTHER,,False,,,,,,NOT_CHECKABLE,No crypto asset mentioned,NOT_SCORED,False,bitcoin,0.15,2.12,3.37
t1_pcfqyhs,t3_1wrtltz,No-Masterpiece2246,"Putting money in MSTR instead of BTC undermines the investment thesis he is advancing. It centralizes supply in a counterparty. And increases confiscation risk
 1000x. The government could seize billions worth of Bitcoin by simply forfeiting Strategy's entire stack. So it follows that when the time comes, Saylor must do what the government tells him to do.",Putting money in MSTR instead of Bitcoin undermines the investment thesis he is advancing. It centralizes supply in a counterparty. And increases confiscation risk by up to 1000x. The government could seize billions worth of Bitcoin by simply forfeiting Strategy's entire stack. So it follows that when the time comes,2026-09-27T19:44:49.964Z,cryptocurrency,2026-09-27T19:44:49.964Z,2026-09-27,2026-09-21,TREND,bitcoin,False,UP,,FLAT,0.05,0.05,INCONCLUSIVE,"Claimed UP, market flat (+0.05%)",NOT_SCORED,False,bitcoin,0.05,1.19,2.25
t1_pcuvmre,t3_1wrtltz,No-Masterpiece2246,"Right but the point was the government can't possibly seize 100k people's bitcoin (would take decades), but they can simply steal Saylor's stack in the blink of an eye.","Right but the point was the government cannot possibly seize 100k people's bitcoin (would take decades), but they can simply steal Saylor's stack in the blink of an eye.",2026-09-27T19:44:49.964Z,cryptocurrency,2026-09-27T19:44:49.964Z,2026-09-27,2026-09-21,PREDICTION,bitcoin,False,,,,,,NOT_CHECKABLE,Price prediction (future-tense) - can't be scored at posting time,NOT_SCORED,False,bitcoin,0.05,1.19,2.25
t1_pcgo38i,t3_1wrtltz,HMCtripleOG,Good points early on but if people get that crazy 11% back then they will feel encouraged to invest further which then also drives up btc investment,"Good points early on but if people get that crazy 11% back then they will feel encouraged to invest further, driving up btc investment.",2026-09-27T19:44:49.964Z,cryptocurrency,2026-09-27T19:44:49.964Z,2026-09-27,2026-09-21,NUMERIC_PERCENT,bitcoin,False,UP,11.0,FLAT,0.05,0.05,INACCURATE,"Claimed +11.0%, bitcoin moved +0.05% (off by 10.9 points)",INACCURATE,True,bitcoin,0.05,1.19,2.25
t1_pc0rn8x,t3_1wpcy6f,Main-Inspector-6611,truly unprecedented times.,truly unprecedented times.,2026-09-24T20:39:02.006Z,cryptocurrency,2026-09-24T20:39:02.006Z,2026-09-24,2026-09-21,OPINION_OTHER,,False,,,,,,NOT_CHECKABLE,No crypto asset mentioned,NOT_SCORED,False,bitcoin,-0.0,2.33,-0.98
t1_pcm4bcw,t3_1wpcy6f,AuthurPEn,"Your 12k is safe buddy as of today, users with BTC can withdraw and by firday other withdrawns and P2P will be available

so no need to worry","Your 12k is safe and accessible as of today, users with Bitcoin can withdraw and by firday other withdrawns and P2P services will be available.",2026-09-24T20:39:02.006Z,cryptocurrency,2026-09-24T20:39:02.006Z,2026-09-24,2026-09-21,PREDICTION,bitcoin,False,,,,,,NOT_CHECKABLE,Price prediction (future-tense) - can't be scored at posting time,NOT_SCORED,False,bitcoin,-0.0,2.33,-0.98
t1_pbw5b8i,t3_1wpcy6f,bananacrazypants,Can you prove this is a hack? They are all valid BTC transactions.,Can you prove this is a hack? They are all valid Bitcoin transactions.,2026-09-24T20:39:02.006Z,cryptocurrency,2026-09-24T20:39:02.006Z,2026-09-24,2026-09-21,EVENT_NEWS,bitcoin,False,,,,,,NOT_CHECKABLE,bitcoin news/event - not checkable with price data,NOT_SCORED,False,bitcoin,-0.0,2.33,-0.98
t1_pc1t5eu,t3_1wq5nky,coolfarmer,"Yes, I can imagine, because I bought BTC and ETH in March 2016. I am still holding, leverage will never get me.","Yes, I can imagine, because I bought Bitcoin and Ethereum in March 2016. I am still holding, and leverage will never get me.",2026-09-25T19:35:08.652Z,cryptocurrency,2026-09-25T19:35:08.652Z,2026-09-25,2026-09-21,OPINION_OTHER,bitcoin,False,,,,,,NOT_CHECKABLE,bitcoin mentioned but no price direction or number,NOT_SCORED,False,bitcoin,-0.41,2.45,0.56
t1_pc1pt0o,t3_1wq5nky,Plus_Seesaw2023,"Absolutely. At the moment, I only have a small amount of money in ETH, which is tied up in staking. And when ETH experiences its bull run ; I’m hoping for a 50 per cent or 80 per cent rise ; I’ll cash out and give up on financial investments for good.

Besides, I should never have got involved in the first place. It was my family who kept going on and on about it, telling me, ‘Look, I’ve made x2, x5, x10…’ Bloody hell, it’s all just rubbish!

I was so much happier before, with my savings account locked away at the bank, stress-free and not stuck in front of those bloody screens!!!","Absolutely. At the moment, I only have a small amount of money in ETH, which is tied up in staking, but I'm hoping for a significant rise in its value, which could lead to a shift in my financial strategy. And when ETH experiences its bull run, I'll cash",2026-09-25T19:35:08.652Z,cryptocurrency,2026-09-25T19:35:08.652Z,2026-09-25,2026-09-21,TREND,ethereum,False,UP,,FLAT,0.12,0.12,INCONCLUSIVE,"Claimed UP, market flat (+0.12%)",NOT_SCORED,False,ethereum,0.12,2.76,0.68
t1_pc502py,t3_1wq5nky,TheRicFlairDrip,That guy who 50x has lost 100 times already on his way to that one win.,That guy who 50x has lost 100 times already on his way to that one win.,2026-09-25T19:35:08.652Z,cryptocurrency,2026-09-25T19:35:08.652Z,2026-09-25,2026-09-21,OPINION_OTHER,,False,,,,,,NOT_CHECKABLE,No crypto asset mentioned,NOT_SCORED,False,bitcoin,-0.41,2.45,0.56
t1_pc51hu1,t3_1wq5nky,BILLYBUTCHER_2,"The irony is that the hardest part was already done: buying early and actually holding through the volatility. Leverage didn't add an edge, it just gave you more ways to turn a good position into a bad one. That's probably the biggest trap with crypto.","The irony is that the hardest part was already done: buying early and holding through volatility. Leverage didn't add an edge, it just gave you more ways to turn a good position into a bad one. That's probably the biggest trap with crypto.",2026-09-25T19:35:08.652Z,cryptocurrency,2026-09-25T19:35:08.652Z,2026-09-25,2026-09-21,OPINION_OTHER,bitcoin,True,,,,,,NOT_CHECKABLE,bitcoin mentioned but no price direction or number,NOT_SCORED,False,bitcoin,-0.41,2.45,0.56
t1_pcfpjtq,t3_1wq5nky,Nupezes8,"From my crypto experience its always better to buy and hold long term the strongest crypto assets , because playing with leverage is very risky especially these days where we have AI/BOT traders , its getting harder and harder to ""win"" against it.","From my crypto experience its always better to buy and hold long term the strongest crypto assets, because playing with leverage is very risky especially these days where we have AI/BOT traders dominating the market.",2026-09-25T19:35:08.652Z,cryptocurrency,2026-09-25T19:35:08.652Z,2026-09-25,2026-09-21,OPINION_OTHER,bitcoin,True,,,,,,NOT_CHECKABLE,bitcoin mentioned but no price direction or number,NOT_SCORED,False,bitcoin,-0.41,2.45,0.56
t1_pchvt7e,t3_1wqgpej,Radiant-Concern6391,XRP has my vote along with Ethereum and solana.,Ethereum and Solana are currently receiving my vote along with XRP.,2026-09-26T04:02:37.473Z,cryptocurrency,2026-09-26T04:02:37.473Z,2026-09-26,2026-09-21,OPINION_OTHER,ethereum,False,,,,,,NOT_CHECKABLE,ethereum mentioned but no price direction or number,NOT_SCORED,False,ethereum,0.18,1.16,1.96
t1_pc91a8p,t3_1wqgpej,Nixievibe,Zcash keeps going up,Zcash shows a strong uptrend as its value rises.,2026-09-26T04:02:37.473Z,cryptocurrency,2026-09-26T04:02:37.473Z,2026-09-26,2026-09-21,OPINION_OTHER,,False,,,,,,NOT_CHECKABLE,No crypto asset mentioned,NOT_SCORED,False,bitcoin,0.44,0.76,2.71
t1_pc8kv1d,t3_1wqgpej,fan_of_hakiksexydays,"Usually weekends, and especially Saturdays, are good days for crypto.

There's no stocks or oil futures to bring us down. We get less of the whales manipulation. We get a little more of the retail action coming back, and more likely bounce back when things are positive.

I think with the big rally and everything turning bullish, and the big return of retail and everyone FOMOing back, we're gonna see retail wake up this weekend in a big way.","Usually weekends, and especially Saturdays, are good days for crypto due to retail activity and positive market conditions.There's no stocks or oil futures to bring us down. We get less of the whale manipulation.",2026-09-26T04:02:37.473Z,cryptocurrency,2026-09-26T04:02:37.473Z,2026-09-26,2026-09-21,TREND,bitcoin,True,DOWN,,FLAT,0.44,0.44,INCONCLUSIVE,"Claimed DOWN, market flat (+0.44%) (generic 'crypto' claim checked against BTC)",NOT_SCORED,False,bitcoin,0.44,0.76,2.71
t1_pc90k5x,t3_1wqgpej,N3333K0,"I did - and it will pump accordingly for a bit. The same way XLM pumped for a little but when they announced a partnership with the DTCC. But big players like that won’t. Accumulate at high prices so the price will level out and pull back to allow for another accumulation phase. YES, I realize they accumulate before the announcement but they also accumulate after so the price will peak and pullback at some point in the next few weeks. It’s not a big enough announcement to take it past its previous ath and stay there in the early stages of a bull market.","I did - and it will pump accordingly for a bit. The same way XLM pumped for a little but when they announced a partnership with the DTCC, it would eventually pullback and enter an accumulation phase. It's not a big enough announcement to take it past its previous highs and stay there in",2026-09-26T04:02:37.473Z,cryptocurrency,2026-09-26T04:02:37.473Z,2026-09-26,2026-09-21,EVENT_NEWS,,False,,,,,,NOT_CHECKABLE,No crypto asset mentioned,NOT_SCORED,False,bitcoin,0.44,0.76,2.71
t1_pc7eebc,t3_1wqgpej,shillingsucks,"TCH, Murex, various UK initiatives. Curious to see if the Japan smoke gets revealed to fire at SIBOS. It doubled from 1 month lows in about 48 hours.","TCH, Murex, various UK initiatives. Curious to see if the Japan smoke gets revealed to fire at SIBOS.",2026-09-26T04:02:37.473Z,cryptocurrency,2026-09-26T04:02:37.473Z,2026-09-26,2026-09-21,OPINION_OTHER,,False,,,,,,NOT_CHECKABLE,No crypto asset mentioned,NOT_SCORED,False,bitcoin,0.44,0.76,2.71
t1_pc79dlr,t3_1wqgpej,Nyxxoo,Lol VET more than doubled in a month,"Lol VET has experienced a significant uptrend, more than doubling in a month.",2026-09-26T04:02:37.473Z,cryptocurrency,2026-09-26T04:02:37.473Z,2026-09-26,2026-09-21,OPINION_OTHER,,False,,,,,,NOT_CHECKABLE,No crypto asset mentioned,NOT_SCORED,False,bitcoin,0.44,0.76,2.71
t1_pc6tc1k,t3_1wqgpej,dgambino,Litecoin looking strong,Litecoin shows strong positive momentum as new analysis highlights its potential.,2026-09-26T04:02:37.473Z,cryptocurrency,2026-09-26T04:02:37.473Z,2026-09-26,2026-09-21,OPINION_OTHER,,False,,,,,,NOT_CHECKABLE,No crypto asset mentioned,NOT_SCORED,False,bitcoin,0.44,0.76,2.71
t1_pc6t7lu,t3_1wqgpej,Ok_Golf_6467,Virtuals is up next in line to pump,Virtuals is up next in line to see significant attention as new developments in the cryptocurrency landscape emerge.,2026-09-26T04:02:37.473Z,cryptocurrency,2026-09-26T04:02:37.473Z,2026-09-26,2026-09-21,TREND,bitcoin,True,UP,,FLAT,0.44,0.44,INCONCLUSIVE,"Claimed UP, market flat (+0.44%) (generic 'crypto' claim checked against BTC)",NOT_SCORED,False,bitcoin,0.44,0.76,2.71
t1_pc5yqr1,t3_1wqgpej,Preme2,"Bitcoin is only 34 hours away from locking in the bull market. The bears are coping hard right now. Everyone can’t buy the bottom. Someone has to fomo in at 100k. They think it won’t be them, but it will be.","Bitcoin is only 34 hours away from locking in the bull market with a significant price increase, while the bears struggle with the idea of a possible bottom. Everyone can’t buy the bottom. Someone has to fomo in at 100k. The bears are coping hard right now. They think it won",2026-09-26T04:02:37.473Z,cryptocurrency,2026-09-26T04:02:37.473Z,2026-09-26,2026-09-21,NUMERIC_PRICE,bitcoin,False,UP,100000.0,,84406.45,,INACCURATE,"Claimed $100,000, bitcoin traded $83,781-$84,423 that day (off by 18.5%)",INACCURATE,True,bitcoin,0.44,0.76,2.71
t1_pc7rllc,t3_1wqgpej,Previous_Valuable873,Comments like these make me over 100% confident that we will visit sub 50 before end of the year...,Comments like these make me over 100% confident that we will reach sub 50 before the end of the year.,2026-09-26T04:02:37.473Z,cryptocurrency,2026-09-26T04:02:37.473Z,2026-09-26,2026-09-21,OPINION_OTHER,,False,,,,,,NOT_CHECKABLE,No crypto asset mentioned,NOT_SCORED,False,bitcoin,0.44,0.76,2.71
t1_pc971wd,t3_1wqgpej,billybobbybrownbaby,200 by 2030.,200 by 2030.,2026-09-26T04:02:37.473Z,cryptocurrency,2026-09-26T04:02:37.473Z,2026-09-26,2026-09-21,OPINION_OTHER,,False,,,,,,NOT_CHECKABLE,No crypto asset mentioned,NOT_SCORED,False,bitcoin,0.44,0.76,2.71
t1_pcc2624,t3_1wrfa1q,Spicyocto,"If you haven’t lost money at some point while learning then you ain’t doing it right. Learn from your mistakes. Saying that ,BTC and ETH is a safe bet. Just be prepared to hold through thick and thin","Bitcoin and Ethereum are safe bets and are expected to hold through thick and thin, as long-term investors understand the concept of learning from their mistakes.If you haven’t lost money at some point while learning, you’re not doing it right. Learn from your mistakes. Saying that",2026-09-27T08:55:40.347Z,cryptocurrency,2026-09-27T08:55:40.347Z,2026-09-27,2026-09-21,OPINION_OTHER,bitcoin,False,,,,,,NOT_CHECKABLE,bitcoin mentioned but no price direction or number,NOT_SCORED,False,bitcoin,0.05,1.19,2.25
t1_pcccj46,t3_1wrfa1q,No_Carpet_5782,Only BTC in my opinion. ETH has trouble to hit ATH all the years.,"Only Bitcoin has trouble hitting ATH as it has been criticized for years. 
Downtrend: Ethereum.",2026-09-27T08:55:40.347Z,cryptocurrency,2026-09-27T08:55:40.347Z,2026-09-27,2026-09-21,TREND,bitcoin,False,DOWN,,FLAT,0.05,0.05,INCONCLUSIVE,"Claimed DOWN, market flat (+0.05%)",NOT_SCORED,False,bitcoin,0.05,1.19,2.25
t1_pccao9l,t3_1wrfa1q,Efficient_Range1156,bitcoin is safest,"Bitcoin is currently the safest cryptocurrency, according to independent analyses.",2026-09-27T08:55:40.347Z,cryptocurrency,2026-09-27T08:55:40.347Z,2026-09-27,2026-09-21,OPINION_OTHER,bitcoin,False,,,,,,NOT_CHECKABLE,bitcoin mentioned but no price direction or number,NOT_SCORED,False,bitcoin,0.05,1.19,2.25
t1_pcc8cpv,t3_1wrfa1q,perma_banned2025,"Accept the losses, or you will ride that shitcoin to zero and lose more.
Put 90% into BTC
The other 10% can be played with in shitcoin if you must, but if you don't have a lot to lose or are comfortable with losses (it's clear you're neither of those) I wouldn't bother","Put 90% into Bitcoin and the other 10% into shitcoin if you have a lot to lose.Accept the losses, or you will ride that shitcoin to zero and lose more.",2026-09-27T08:55:40.347Z,cryptocurrency,2026-09-27T08:55:40.347Z,2026-09-27,2026-09-21,OPINION_OTHER,bitcoin,False,,,,,,NOT_CHECKABLE,bitcoin mentioned but no price direction or number,NOT_SCORED,False,bitcoin,0.05,1.19,2.25
t1_pcdig3i,t3_1wrfa1q,DamnFineCupaCoffee23,Uhh..Bitcoin ? Also the ones mentioned above are all shitcoins I think.,Uhh..Bitcoin ? Also the ones mentioned above are all shitcoins.,2026-09-27T08:55:40.347Z,cryptocurrency,2026-09-27T08:55:40.347Z,2026-09-27,2026-09-21,OPINION_OTHER,bitcoin,False,,,,,,NOT_CHECKABLE,bitcoin mentioned but no price direction or number,NOT_SCORED,False,bitcoin,0.05,1.19,2.25
t1_pcc4kty,t3_1wrfa1q,CG-Saviour878879,"There's this one coin, small cap, might moon. Maybe you heard of it, it's called Bitcoin. At the very least 75% of your money goes into that. Another 15-20% into Ethereum. Do with the rest what you want. Sol, Ada, Link, Aave, Kaspa, Sui. Whatever.","There's this one coin, small cap, that you should absolutely invest in, with a significant portion of your money going into it. Maybe you heard of it, it's called Bitcoin. Another 15-20% into Ethereum. Solana. Whatever.",2026-09-27T08:55:40.347Z,cryptocurrency,2026-09-27T08:55:40.347Z,2026-09-27,2026-09-21,NUMERIC_PERCENT,bitcoin,False,UP,20.0,FLAT,0.05,0.05,INACCURATE,"Claimed +20.0%, bitcoin moved +0.05% (off by 19.9 points)",INACCURATE,True,bitcoin,0.05,1.19,2.25
t1_pccndro,t3_1wrfa1q,anon1971wtf,"lost a SHIT ton of money on it

if you guys think I should

Allocate in Bitcoin, pick a very small allocation. Rest is gold/fiat. Forget trading","lost a SHIT ton of money on it


Downtrend: Bitcoin.",2026-09-27T08:55:40.347Z,cryptocurrency,2026-09-27T08:55:40.347Z,2026-09-27,2026-09-21,TREND,bitcoin,False,DOWN,,FLAT,0.05,0.05,INCONCLUSIVE,"Claimed DOWN, market flat (+0.05%)",NOT_SCORED,False,bitcoin,0.05,1.19,2.25
t1_pccs3fy,t3_1wrfa1q,Calm-Neighborhood-43,People are saying stick to BTC which is a normal and sensible response. But given that you've already bought some shit coin that no one has ever heard of i takeit that you dont want to do the safe thing and buy BTC. Look at something like bittensor Instead. I wouldn't be surprised to see it 10x in a bull run.,People are saying stick to Bitcoin which is a normal and sensible response. But given that you've already bought some shit coin that no one has ever heard of i takeit that you dont want to do the safe thing and buy Bitcoin. Look at something like bittensor Instead.Bittensor is experiencing,2026-09-27T08:55:40.347Z,cryptocurrency,2026-09-27T08:55:40.347Z,2026-09-27,2026-09-21,OPINION_OTHER,bitcoin,False,,,,,,NOT_CHECKABLE,bitcoin mentioned but no price direction or number,NOT_SCORED,False,bitcoin,0.05,1.19,2.25
t1_pcq9ks7,t3_1wrfa1q,Ok_Body_2830,"Stick to BTC is definitely the best advice for someone who is all in on crypto. If you are primarily invested in traditional safish assets with a fairly small share in crypto specifcally to expose a small amount of your investments to high-risk/high-reward opportunities, then there is an argument for more speculative investments.

The more of your overall investments are in crypto, the more of your crypto investments should be in BTC.","The more of your overall investments are in crypto, the more recommended it is to invest in Bitcoin. If you are primarily invested in traditional safish assets with a fairly small share in crypto specifcally to expose a small amount of your investments to high-risk/high-reward opportunities, then",2026-09-27T08:55:40.347Z,cryptocurrency,2026-09-27T08:55:40.347Z,2026-09-27,2026-09-21,OPINION_OTHER,bitcoin,False,,,,,,NOT_CHECKABLE,bitcoin mentioned but no price direction or number,NOT_SCORED,False,bitcoin,0.05,1.19,2.25
t1_pcdd9l4,t3_1wrfa1q,oprah_2024,"ETH, it's the native token for Ethereum Mainnet. And if you stake it, you get ~2%","Ethereum is a native token for Ethereum Mainnet, and you get ~2% if you stake it.",2026-09-27T08:55:40.347Z,cryptocurrency,2026-09-27T08:55:40.347Z,2026-09-27,2026-09-21,OPINION_OTHER,ethereum,False,,,,,,NOT_CHECKABLE,ethereum mentioned but no price direction or number,NOT_SCORED,False,ethereum,-0.31,1.95,1.78
t1_pcc0rsq,t3_1wrfa1q,Financial-Monk9400,"Not financial advise, I am not qualified to give that to anyone! Be sure to do your own research.

But If you are not sure just I think you should just buy btc and hold it for a long time. Probably the safest investment. Other than that, I personally like xrp and if you want a lower priced, newer one I like pepecoin (pep not pepe, it has its own blockchain and is a fork of doge/litecoin)","But if you are not sure just I think you should just buy btc and hold it for a long time. Probably the safest investment. Other than that, I personally like xrp and if you want a lower priced, newer one I like pepecoin (pep not pepe, it",2026-09-27T08:55:40.347Z,cryptocurrency,2026-09-27T08:55:40.347Z,2026-09-27,2026-09-21,TREND,bitcoin,False,DOWN,,FLAT,0.05,0.05,INCONCLUSIVE,"Claimed DOWN, market flat (+0.05%)",NOT_SCORED,False,bitcoin,0.05,1.19,2.25
t1_pchbi4q,t3_1wra8zv,flangarky,Quant's a name I haven't heard in a long time.,Quant's a name I haven't heard in a long time.,2026-09-27T04:02:56.771Z,cryptocurrency,2026-09-27T04:02:56.771Z,2026-09-27,2026-09-21,OPINION_OTHER,,False,,,,,,NOT_CHECKABLE,No crypto asset mentioned,NOT_SCORED,False,bitcoin,0.05,1.19,2.25
t1_pcgtahr,t3_1wra8zv,billybobbybrownbaby,QNT volume is insane. second only behind BTC on coinbase. Congrats all long term holders.,"QNT volume is insane. second only behind Bitcoin in terms of long-term holders, with a notable increase in recent days. Congrats all long term holders.",2026-09-27T04:02:56.771Z,cryptocurrency,2026-09-27T04:02:56.771Z,2026-09-27,2026-09-21,TREND,bitcoin,False,UP,,FLAT,0.05,0.05,INCONCLUSIVE,"Claimed UP, market flat (+0.05%)",NOT_SCORED,False,bitcoin,0.05,1.19,2.25
t1_pcdib7z,t3_1wra8zv,Preme2,"The disbelief rally. They’re coping hard right now. Someone has to buy at 100k, and no one thinks it’s going to be them. Bitcoin will get a correction but at higher prices. You’re on crack if you think it’s going to 50k. Bear Cowen can’t save you. He can’t even save himself.","The disbelief rally. Bitcoin is experiencing a correction but at higher prices. You’re on crack if you think it’s going to 50k. Someone has to buy at 100k, and no one thinks it's going to be them. Bear Cowen can’t save you",2026-09-27T04:02:56.771Z,cryptocurrency,2026-09-27T04:02:56.771Z,2026-09-27,2026-09-21,PREDICTION,bitcoin,False,UP,,,,,NOT_CHECKABLE,Price prediction (future-tense) - can't be scored at posting time,NOT_SCORED,False,bitcoin,0.05,1.19,2.25
t1_pccbmsp,t3_1wra8zv,Ok_Golf_6467,"Solana, virtuals, uniswap, and ethereum all in the green. Feels good. Next up Avalanche and pepe lol","Solana, virtuals, uniswap, and ethereum are experiencing an uptrend with positive trends. Feels good. Next up Avalanche and pepe lol",2026-09-27T04:02:56.771Z,cryptocurrency,2026-09-27T04:02:56.771Z,2026-09-27,2026-09-21,TREND,ethereum,False,UP,,FLAT,-0.31,-0.31,INCONCLUSIVE,"Claimed UP, market flat (-0.31%)",NOT_SCORED,False,ethereum,-0.31,1.95,1.78
t1_pc25k2w,t3_1wpmhbd,blastermckaster,What is the current narrative surrounding these last few weeks massive gains? I just don't see it. Want to short big.,What is the current narrative surrounding these last few weeks massive gains? I just don't see it.,2026-09-25T04:03:29.943Z,cryptocurrency,2026-09-25T04:03:29.943Z,2026-09-25,2026-09-21,OPINION_OTHER,,False,,,,,,NOT_CHECKABLE,No crypto asset mentioned,NOT_SCORED,False,bitcoin,-0.41,2.45,0.56
t1_pc1zx4f,t3_1wpmhbd,plumpyplummy,"Get off coinbase BTC will go up, promise. I am in the hospital till end of the week. Go out to a park, smell the bushes. Once I get out Sunday, check back at it again.","Get off coinbase BTC will go up, promise. Go out to a park, smell the bushes.",2026-09-25T04:03:29.943Z,cryptocurrency,2026-09-25T04:03:29.943Z,2026-09-25,2026-09-21,TREND,bitcoin,False,UP,,FLAT,-0.41,-0.41,INCONCLUSIVE,"Claimed UP, market flat (-0.41%)",NOT_SCORED,False,bitcoin,-0.41,2.45,0.56
t1_pc14tk3,t3_1wpmhbd,inadyttap,i liked it better when BTC was above $100k,"Bitcoin's price is currently fluctuating around $100,000, but historically, it was higher when it surpassed $100k.",2026-09-25T04:03:29.943Z,cryptocurrency,2026-09-25T04:03:29.943Z,2026-09-25,2026-09-21,NUMERIC_PRICE,bitcoin,False,UP,100000.0,,84034.92,,INACCURATE,"Claimed $100,000, bitcoin traded $83,166-$85,230 that day (off by 17.6%)",INACCURATE,True,bitcoin,-0.41,2.45,0.56
t1_pc0ol4c,t3_1wpmhbd,Right_Strength2170,"LINK is weird, frontran even BTC on the August pump, now every upwards attempt gets sold off.","LINK is weird, frontrunning even Bitcoin on the August pump is facing a downtrend as every upward attempt fails.",2026-09-25T04:03:29.943Z,cryptocurrency,2026-09-25T04:03:29.943Z,2026-09-25,2026-09-21,OPINION_OTHER,bitcoin,False,,,,,,NOT_CHECKABLE,bitcoin mentioned but no price direction or number,NOT_SCORED,False,bitcoin,-0.41,2.45,0.56
t1_pco63in,t3_1wsne98,Live-Anxiety4506,"Same, riding it out.","Same, riding it out.",2026-09-28T18:57:07.680Z,cryptocurrency,2026-09-28T18:57:07.680Z,2026-09-28,2026-09-28,OPINION_OTHER,,False,,,,,,NOT_CHECKABLE,No crypto asset mentioned,NOT_SCORED,False,bitcoin,-1.13,2.84,2.2
t1_pcn5fr2,t3_1wsne98,fi_moon_re,Hodl’ing for the long-term… haven’t put any real new money into crypto the past couple of years.,Hodl’ing for the long-term is a recurring trend in cryptocurrency investing.,2026-09-28T18:57:07.680Z,cryptocurrency,2026-09-28T18:57:07.680Z,2026-09-28,2026-09-28,OPINION_OTHER,bitcoin,True,,,,,,NOT_CHECKABLE,bitcoin mentioned but no price direction or number,NOT_SCORED,False,bitcoin,-1.13,2.84,2.2
t1_pcmzyj2,t3_1wsne98,Blindphleb,Avoiding crypto entirely.,Avoiding crypto entirely.,2026-09-28T18:57:07.680Z,cryptocurrency,2026-09-28T18:57:07.680Z,2026-09-28,2026-09-28,OPINION_OTHER,bitcoin,True,,,,,,NOT_CHECKABLE,bitcoin mentioned but no price direction or number,NOT_SCORED,False,bitcoin,-1.13,2.84,2.2
t1_pcny6t4,t3_1wsne98,goldenbuyer02,"Buying on red when btc drops from 123k to 118k, selling on green when btc jumps from 60k to 70k","Buying on the dip when btc drops from 123k to 118k, selling on the rise when it reaches 70k.",2026-09-28T18:57:07.680Z,cryptocurrency,2026-09-28T18:57:07.680Z,2026-09-28,2026-09-28,NUMERIC_PRICE,bitcoin,False,UP,123000.0,,83502.61,,INACCURATE,"Claimed $123,000, bitcoin traded $82,571-$84,973 that day (off by 45.5%)",INACCURATE,True,bitcoin,-1.13,2.84,2.2
t1_pcq7m90,t3_1wsne98,Ok_Body_2830,"I hold a wide (probably too wide) range of alts.

In the past, I have made the mistake of round-tripping too many gains by holding out for higher prices before selling anything. So I made a concious effort of starting the ladder out process at more modest gains. E.g. Sell the first 10% chunk at 1.25-1.5 the price I bought. The past month or so I have hit the first rung of the ladder on a lot of the coins where I had a decent entry price. Sometimes 2 or 3 rungs if they have been on a real run (e.g. NEAR). If they go back down to my original entry price, I will top back up to my initial quantity and keep some modest profits from this mini-bull. If the next move is to continue upward, I will keep laddering out at a rate that allows me to take profits but keep some exposure to huge breakouts.

So that is what I am doing right now in terms of active buying/selling.

For the chunk of my portfolio in BTC, I am less concerned with taking short term profits. It's a more stable asset, so the short term profits would be a lot smaller percentage wise and I am perfectly comfortable holding it long term. So I am just hodling. I may buy a little more, particularly if prices go down. I have some ETH which is getting a similar treatment, and a little bit of BNB, SOL, and XRP which I am treating as midway between the stable asset and speculative altcoin.","Bitcoin is being treated as a more stable asset with potential for long-term holding rather than short-term profits.

Uptrend: Bitcoin.",2026-09-28T18:57:07.680Z,cryptocurrency,2026-09-28T18:57:07.680Z,2026-09-28,2026-09-28,TREND,bitcoin,False,UP,,DOWN,-1.13,-1.13,CONTRADICTED,"Claimed UP, market DOWN -1.13%",INACCURATE,True,bitcoin,-1.13,2.84,2.2
t1_pcvzjdw,t3_1wsne98,Electronic_Quote399,Exactly what im doing. I took 20% from my sol and ether and a lot more of my low caps though. Left my btc alone,Exactly what im doing. I took 20% from my sol and ether and a lot more of my low caps to invest in Bitcoin and Ethereum. Left my btc alone,2026-09-28T18:57:07.680Z,cryptocurrency,2026-09-28T18:57:07.680Z,2026-09-28,2026-09-28,OPINION_OTHER,bitcoin,False,,,,,,NOT_CHECKABLE,bitcoin mentioned but no price direction or number,NOT_SCORED,False,bitcoin,-1.13,2.84,2.2
t1_pcqv3ro,t3_1wsne98,DanielTheTechie,"I already did my homework during the floor of the bear market, i.e. when BTC touched the weekly SMA200 I did all my purchases using this distribution:

40% BTC
20% ETH
10% SOL
10% HYPE
10% PENDLE
10% AAVE

These are my current returns:

And I already opened the limit sell orders too based on each coin's monthly volatility and in two different levels per coin.

So when it comes to the long-term investing part, I'm basically done and I don't need to check anymore until 2027-2028.

And in a separate account, in a different exchange too, I'm doing my weekly trading activity.","I already did my homework during the floor of the bear market, i.e. when BTC touched the weekly SMA200, and I'm done with my long-term investing for now.

Uptrend: Bitcoin, Ethereum.",2026-09-28T18:57:07.680Z,cryptocurrency,2026-09-28T18:57:07.680Z,2026-09-28,2026-09-28,TREND,bitcoin,False,UP,,DOWN,-1.13,-1.13,CONTRADICTED,"Claimed UP, market DOWN -1.13%",INACCURATE,True,bitcoin,-1.13,2.84,2.2
t1_pcrpixy,t3_1wsne98,gowithflow192,Eth looks as over values as Btc though.,"Eth shows similar over values as Binance Coin, although its trend is not clearly indicated.",2026-09-28T18:57:07.680Z,cryptocurrency,2026-09-28T18:57:07.680Z,2026-09-28,2026-09-28,OPINION_OTHER,ethereum,False,,,,,,NOT_CHECKABLE,ethereum mentioned but no price direction or number,NOT_SCORED,False,ethereum,0.06,3.1,2.1
t1_pco6qet,t3_1wsne98,Topspeed_PT,Bought some at $60K-$70K and waiting for Oct 6th. Maybe it will re-test $75K or $58K.,Bought some at $60K-$70K and waiting for Oct 6th. Maybe it will re-test $75K or $58K.,2026-09-28T18:57:07.680Z,cryptocurrency,2026-09-28T18:57:07.680Z,2026-09-28,2026-09-28,OPINION_OTHER,,False,,,,,,NOT_CHECKABLE,No crypto asset mentioned,NOT_SCORED,False,bitcoin,-1.13,2.84,2.2
t1_pcnydv2,t3_1wsne98,goldenbuyer02,"In 20 years ill be old. I want the money now, bot as pensioner","In 20 years ill be old. I want the money now, as pensioner",2026-09-28T18:57:07.680Z,cryptocurrency,2026-09-28T18:57:07.680Z,2026-09-28,2026-09-28,OPINION_OTHER,,False,,,,,,NOT_CHECKABLE,No crypto asset mentioned,NOT_SCORED,False,bitcoin,-1.13,2.84,2.2
t1_pcn8439,t3_1wsne98,Electronic-Bet-5106,"DCAing into BTC, ETH, and SOL. Nothing exciting.","DCAing into Bitcoin, Ethereum, and Solana is not very exciting.",2026-09-28T18:57:07.680Z,cryptocurrency,2026-09-28T18:57:07.680Z,2026-09-28,2026-09-28,OPINION_OTHER,bitcoin,False,,,,,,NOT_CHECKABLE,bitcoin mentioned but no price direction or number,NOT_SCORED,False,bitcoin,-1.13,2.84,2.2
t1_pcoti4a,t3_1wsne98,FRNCS_3,Buying $10 of BTC everyday. Im on day 19,Buying $10 of Bitcoin everyday.,2026-09-28T18:57:07.680Z,cryptocurrency,2026-09-28T18:57:07.680Z,2026-09-28,2026-09-28,OPINION_OTHER,bitcoin,False,,,,,,NOT_CHECKABLE,bitcoin mentioned but no price direction or number,NOT_SCORED,False,bitcoin,-1.13,2.84,2.2
t1_pcod8m1,t3_1wsne98,nuclearmeltdown2015,I was buying BTC and LTC up until 3 months ago now that it's rising up so rapidly I agree I'm just gonna chill out in happy with the size of my stack but if it drops more I'll buy more and if I see LTC hit something like 15 bucks then I'll take out a god damn loan to maximize the amount I can buy altho I don't expect to ever see it reach that level 🤣,"Bitcoin and LTC are experiencing a rapid rise, with Bitcoin expected to drop further before it reaches a level that excites me. 
Uptrend: Bitcoin, LTC.",2026-09-28T18:57:07.680Z,cryptocurrency,2026-09-28T18:57:07.680Z,2026-09-28,2026-09-28,OPINION_OTHER,bitcoin,False,,,,,,NOT_CHECKABLE,bitcoin mentioned but no price direction or number,NOT_SCORED,False,bitcoin,-1.13,2.84,2.2
t1_pcuya5v,t3_1wsne98,Charming-Animal-8856,Solana $500?,"Solana's price is currently hovering around $500,000.",2026-09-28T18:57:07.680Z,cryptocurrency,2026-09-28T18:57:07.680Z,2026-09-28,2026-09-28,OPINION_OTHER,solana,False,,,,,,NOT_CHECKABLE,solana mentioned but no price direction or number,NOT_SCORED,False,solana,-2.64,4.4,-0.07
t1_pcmxlem,t3_1wsne98,Majestic-Clothes-357,"Sticking to weekly buys, same as always. No point trying to time every dip when the whole thing could tank or rip tomorrow.

If you already loaded up at 60k, sitting on your hands sounds fine. The greed index and every influencer screaming supercycle makes me more cautious than anything.","If you already loaded up at 60k, sitting on your hands sounds fine. No point trying to time every dip when the whole thing could tank or rip tomorrow.Sticking to weekly buys, same as always.",2026-09-28T18:57:07.680Z,cryptocurrency,2026-09-28T18:57:07.680Z,2026-09-28,2026-09-28,OPINION_OTHER,,False,,,,,,NOT_CHECKABLE,No crypto asset mentioned,NOT_SCORED,False,bitcoin,-1.13,2.84,2.2
t1_pcqpl92,t3_1wsne98,hamjamham,"Aye, comfy in spot. Dca'd on a lot of red days between June 5th and late August. Generally up between 25-70% currently.

If we get any large pull backs across the board I'll add the remaining 20% of my funds. Don't think we see any new lows unless something catastrophic happens in the world. Making a new low would see more coins in a loss than ftx, Corona or any other point in history.","Aye, comfy in spot. Dca'd on a lot of red days between June 5th and late August. Generally up between 25-70% currently. Don't think we see any new lows unless something catastrophic happens in the world. Making a new low would see more coins in a loss",2026-09-28T18:57:07.680Z,cryptocurrency,2026-09-28T18:57:07.680Z,2026-09-28,2026-09-28,OPINION_OTHER,,False,,,,,,NOT_CHECKABLE,No crypto asset mentioned,NOT_SCORED,False,bitcoin,-1.13,2.84,2.2
t1_pcnl1yr,t3_1wsne98,Benwaitingawhile,Haven't touched my btc or eth in idk how many years now,Haven't touched my btc or eth in idk how many years,2026-09-28T18:57:07.680Z,cryptocurrency,2026-09-28T18:57:07.680Z,2026-09-28,2026-09-28,OPINION_OTHER,bitcoin,False,,,,,,NOT_CHECKABLE,bitcoin mentioned but no price direction or number,NOT_SCORED,False,bitcoin,-1.13,2.84,2.2
t1_pcnsm2x,t3_1wsne98,Joelol6161,Well btc will rise sooner or later. So just dca,"Well btc is expected to rise sooner or later, according to recent trends. So just dca",2026-09-28T18:57:07.680Z,cryptocurrency,2026-09-28T18:57:07.680Z,2026-09-28,2026-09-28,TREND,bitcoin,False,UP,,DOWN,-1.13,-1.13,CONTRADICTED,"Claimed UP, market DOWN -1.13%",INACCURATE,True,bitcoin,-1.13,2.84,2.2
t1_pcpb4he,t3_1wsne98,manfrombelmonty,Taking profits. Investing the profits elsewhere,Taking profits. Investing the profits elsewhere,2026-09-28T18:57:07.680Z,cryptocurrency,2026-09-28T18:57:07.680Z,2026-09-28,2026-09-28,OPINION_OTHER,,False,,,,,,NOT_CHECKABLE,No crypto asset mentioned,NOT_SCORED,False,bitcoin,-1.13,2.84,2.2
t1_pcq4jj2,t3_1wsne98,Traditional-Tune7198,"Got in half my position, waiting if theres a downfall ill throw in the other half. No downfall then ill dca a bit in or wait for a decent pullback( theres always one)","Got in half my position, waiting if theres a downfall ill throw in the other half. No downfall then ill dca a bit in or wait for a decent pullback( theres always one)",2026-09-28T18:57:07.680Z,cryptocurrency,2026-09-28T18:57:07.680Z,2026-09-28,2026-09-28,OPINION_OTHER,,False,,,,,,NOT_CHECKABLE,No crypto asset mentioned,NOT_SCORED,False,bitcoin,-1.13,2.84,2.2
t1_pcr3bsm,t3_1wsne98,Adept-Condition4644,After 10 years…. I feel like DCA and hold is the best thing you can do.,After 10 years…. I feel like DCA and holding is the best thing you can do.,2026-09-28T18:57:07.680Z,cryptocurrency,2026-09-28T18:57:07.680Z,2026-09-28,2026-09-28,OPINION_OTHER,,False,,,,,,NOT_CHECKABLE,No crypto asset mentioned,NOT_SCORED,False,bitcoin,-1.13,2.84,2.2
t1_pcqxcht,t3_1wsne98,Legitimate_Cry_5194,"Put around $300K at $75K, BTC maxi. Waiting for ATH+ prices, which means sitting on the sidelines for a couple more years or so.","Put around $300K at $75K, BTC maxi. Waiting for ATH+ prices, which means sitting on the sidelines for a couple more years or so.",2026-09-28T18:57:07.680Z,cryptocurrency,2026-09-28T18:57:07.680Z,2026-09-28,2026-09-28,NUMERIC_PRICE,bitcoin,False,,300000.0,,83502.61,,INACCURATE,"Claimed $300,000, bitcoin traded $82,571-$84,973 that day (off by 257.5%)",INACCURATE,True,bitcoin,-1.13,2.84,2.2
t1_pcr8qlu,t3_1wsne98,ChangeNOW_Community,btc has been relatively strong compared with parts of the alt market and crypto sentiment has cooled from last week’s greed reading to neutral,"Bitcoin shows a strong uptrend compared to other alt markets, although sentiment has cooled from last week's greed reading.  
Uptrend: Bitcoin.",2026-09-28T18:57:07.680Z,cryptocurrency,2026-09-28T18:57:07.680Z,2026-09-28,2026-09-28,TREND,bitcoin,False,UP,,DOWN,-1.13,-1.13,CONTRADICTED,"Claimed UP, market DOWN -1.13%",INACCURATE,True,bitcoin,-1.13,2.84,2.2
t1_pcrfbf9,t3_1wsne98,MoverWhoStacksSats,"sitting on cash with positions already in place is a reasonable stance when greed is this stretched. the mainstream hype and youtuber price targets are usually a decent contrarian tell. if nothing pulls back you still have exposure; if it does, you have dry powder. nothing wrong with patience here.","The text suggests a contrarian approach to investing in cryptocurrencies, emphasizing patience and long-term holding despite stretched greed. if nothing pulls back you still have exposure; if it does, you have dry powder. the mainstream hype and youtuber price targets are usually a decent contrarian tell. nothing",2026-09-28T18:57:07.680Z,cryptocurrency,2026-09-28T18:57:07.680Z,2026-09-28,2026-09-28,OPINION_OTHER,,False,,,,,,NOT_CHECKABLE,No crypto asset mentioned,NOT_SCORED,False,bitcoin,-1.13,2.84,2.2
t1_pcs7qbm,t3_1wsne98,CoinGate_Gift_Cards,"Sitting on cash and avoiding FOMO is a reasonable approach when sentiment is overheated. Nobody knows if a pullback is coming, so keeping some exposure while preserving dry powder can reduce the risk of chasing price.","Sitting on cash and avoiding FOMO is a reasonable approach when sentiment is overheated. Nobody knows if a pullback is coming, so keeping some exposure while preserving dry powder can reduce the risk of chasing price.",2026-09-28T18:57:07.680Z,cryptocurrency,2026-09-28T18:57:07.680Z,2026-09-28,2026-09-28,OPINION_OTHER,,False,,,,,,NOT_CHECKABLE,No crypto asset mentioned,NOT_SCORED,False,bitcoin,-1.13,2.84,2.2
t1_pcsjkqk,t3_1wsne98,MrKillerKiller_,Waiting for the bear market to play out after the wave 1 down starting the correction from that 700% bull run started late ‘22. Monthly chart is nothing to dismiss and arguably the single strongest and most reliable time frame.,Waiting for the bear market to play out after the recent bull run is a crucial period for analyzing trends in the cryptocurrency market. Monthly chart is nothing to dismiss and arguably the single strongest and most reliable time frame.,2026-09-28T18:57:07.680Z,cryptocurrency,2026-09-28T18:57:07.680Z,2026-09-28,2026-09-28,TREND,bitcoin,True,DOWN,,DOWN,-1.13,-1.13,VERIFIED,bitcoin was DOWN -1.13% over 1d (generic 'crypto' claim checked against BTC),ACCURATE,True,bitcoin,-1.13,2.84,2.2
t1_pcsml46,t3_1wsne98,tourbladez,"I just sitting on BTC, ETH, HYPE, and TAO. Doing a little DCAing into BTC....","I'm currently DCAing into Bitcoin, Ethereum, and Tether.",2026-09-28T18:57:07.680Z,cryptocurrency,2026-09-28T18:57:07.680Z,2026-09-28,2026-09-28,OPINION_OTHER,bitcoin,False,,,,,,NOT_CHECKABLE,bitcoin mentioned but no price direction or number,NOT_SCORED,False,bitcoin,-1.13,2.84,2.2
t1_pctjmg2,t3_1wsne98,Rude_Acanthaceae6584,"$TAO, $VVV, $NEAR, $SUI, $SOL dca and holding my ETH NFTs. Ai trade is my strategy for the next few months.",The text focuses on my strategy for trading Ethereum using NFTs and holding ETH in a safe haven environment.,2026-09-28T18:57:07.680Z,cryptocurrency,2026-09-28T18:57:07.680Z,2026-09-28,2026-09-28,OPINION_OTHER,ethereum,False,,,,,,NOT_CHECKABLE,ethereum mentioned but no price direction or number,NOT_SCORED,False,ethereum,0.06,3.1,2.1
t1_pcvqti9,t3_1wsne98,Justinformation,"I keep putting in money monthly. I don't mind if it takes a couple years more for a (hopefully) bigger return. I'm mainly in an alt, but if 'only' increased 25% like bitcoin would at 90k I wouldn't sell yet.","I keep putting in money monthly. I'm mainly in an alt, but if 'only' increased by 25% like bitcoin would at 90k, I wouldn't sell yet. I don't mind if it takes a couple years more for a (hopefully) bigger return.",2026-09-28T18:57:07.680Z,cryptocurrency,2026-09-28T18:57:07.680Z,2026-09-28,2026-09-28,PREDICTION,bitcoin,False,,,,,,NOT_CHECKABLE,Price prediction (future-tense) - can't be scored at posting time,NOT_SCORED,False,bitcoin,-1.13,2.84,2.2
t1_pcwiwia,t3_1wsne98,quackl11,"Bro I dont pay attention to the BTC market, last I knew it was at 90k and in my head that is where it still is, ignorance is bliss and until I need to withdraw it will stay at 90k","Bitcoin is currently stable at 90k, as far as I'm aware.Bro I dont pay attention to the BTC market, last I knew it was at $90k.",2026-09-28T18:57:07.680Z,cryptocurrency,2026-09-28T18:57:07.680Z,2026-09-28,2026-09-28,NUMERIC_PRICE,bitcoin,False,,90000.0,,83502.61,,APPROXIMATE,"Claimed $90,000, bitcoin traded $82,571-$84,973 that day (off by 6.0%)",APPROXIMATE,True,bitcoin,-1.13,2.84,2.2
t1_pcnjrcr,t3_1wsne98,Background-Ad3810,"I keep wondering why you chose Bitcoin? Let's say your avg was 50k, In the next run, it might reach 150k-170k, so a max of x3 of your investment. There are so many other coins with much more potential. A few that could easily go x5-x10.You can also diversify much more and spread your risk. BTC is good to accumulate and only sell for your retirement in 20-40 years. But not for short-term profits.","Bitcoin is a good investment for long-term accumulation with potential for significant future value increases.I keep wondering why you chose Bitcoin? Let's say your avg was 50k, in the next run, it might reach 150k-170k, so a max of x3 of your investment. There are",2026-09-28T18:57:07.680Z,cryptocurrency,2026-09-28T18:57:07.680Z,2026-09-28,2026-09-28,PREDICTION,bitcoin,False,,,,,,NOT_CHECKABLE,Price prediction (future-tense) - can't be scored at posting time,NOT_SCORED,False,bitcoin,-1.13,2.84,2.2
t1_pcp78qo,t3_1wsne98,titicaca123,What other legit coins have more growth potential than BTC and ETH ?,What other legit coins have more growth potential than Bitcoin and Ethereum?,2026-09-28T18:57:07.680Z,cryptocurrency,2026-09-28T18:57:07.680Z,2026-09-28,2026-09-28,OPINION_OTHER,bitcoin,False,,,,,,NOT_CHECKABLE,bitcoin mentioned but no price direction or number,NOT_SCORED,False,bitcoin,-1.13,2.84,2.2
t1_pcn84sj,t3_1wsne98,Mister_Way,"I'd be surprised if the price support remains after the November election is over, unless by some ""miracle"" the Republican party doesn't lose a lot of seats. But then, I've been surprised a lot.","I'd be surprised if the price support remains after the November election, unless by some ""miracle"" the Republican party doesn't lose a lot of seats. But then, I've been surprised a lot.",2026-09-28T18:57:07.680Z,cryptocurrency,2026-09-28T18:57:07.680Z,2026-09-28,2026-09-28,OPINION_OTHER,,False,,,,,,NOT_CHECKABLE,No crypto asset mentioned,NOT_SCORED,False,bitcoin,-1.13,2.84,2.2
t1_pcp23l1,t3_1wsne98,Alex750954,Putting $100 into each of the top 100 coins. One of them will moon,Putting $100 into each of the top 100 coins. One of them will win a $100 million prize.,2026-09-28T18:57:07.680Z,cryptocurrency,2026-09-28T18:57:07.680Z,2026-09-28,2026-09-28,OPINION_OTHER,,False,,,,,,NOT_CHECKABLE,No crypto asset mentioned,NOT_SCORED,False,bitcoin,-1.13,2.84,2.2
t1_pcp4f4f,t3_1wsne98,Acsnook-007,Selling and buying SpaceX stock.,Selling and buying SpaceX stock is not about cryptocurrency trends.,2026-09-28T18:57:07.680Z,cryptocurrency,2026-09-28T18:57:07.680Z,2026-09-28,2026-09-28,OPINION_OTHER,bitcoin,True,,,,,,NOT_CHECKABLE,bitcoin mentioned but no price direction or number,NOT_SCORED,False,bitcoin,-1.13,2.84,2.2
t1_pcjzd0y,t3_1wpex7u,CODE_HEIST,"treat the leaderboard as a lead generator, not evidence of an edge. measure every call from its public timestamp to an executable entry, including prior holdings, liquidity, slippage and results after 1, 5 and 15 minutes. include deleted calls and tokens you couldn’t realistically buy. otherwise the ranking may reward visibility or inventory advantage rather than repeatable calls.","treat the leaderboard as a lead generator, not evidence of an edge. measure every call from its public timestamp to an executable entry, including prior holdings, liquidity, slippage, and repeatable calls.",2026-09-24T21:58:47.836Z,cryptoexchange,2026-09-24T21:58:47.836Z,2026-09-24,2026-09-21,OPINION_OTHER,,False,,,,,,NOT_CHECKABLE,No crypto asset mentioned,NOT_SCORED,False,bitcoin,-0.0,2.33,-0.98
t1_pct7rv5,t3_1wsoyt9,MockMeNot21,"If youre just looking for reliable place for transacting p2p USDT, i’d stick with the big exchange like Binance, if it is avaible in your country, Bybit, okx, mexc, or you can use yout debit/cc to buy in moonpay. But if you are going to do a big transaction, better look for ones with a good reputation liek those exchange i have given.","If youre just looking for reliable places for transacting p2p USDT, i’d stick with the big exchange like Binance, if it is avaible in your country, Bybit, okx, mexc, or you can use yout debit/cc to buy",2026-09-28T19:53:54.571Z,cryptoexchange,2026-09-28T19:53:54.571Z,2026-09-28,2026-09-28,EVENT_NEWS,tether,False,,,,,,NOT_CHECKABLE,tether news/event - not checkable with price data,NOT_SCORED,False,tether,-0.03,0.11,0.0
t1_pct65yd,t3_1wszacy,MockMeNot21,"Honestly, Risk first. Doesnt matter if your breakout call is perfect if one bad trade nukes your account. Id rather know where im wrong before figuring out where price might go. Once risk is locked in, breakout and range plays way easuer to execute without second guessing every candle. Thats the playbook id build first.","Honestly, Risk first. Id rather know where im wrong before figuring out where price might go. Once risk is locked in, breakout and range plays way easier to execute without second guessing every candle. Doesnt matter if your breakout call is perfect if one bad trade nukes your account.",2026-09-29T03:20:00.048Z,cryptoexchange,2026-09-29T03:20:00.048Z,2026-09-29,2026-09-28,OPINION_OTHER,,False,,,,,,NOT_CHECKABLE,No crypto asset mentioned,NOT_SCORED,False,bitcoin,0.15,2.12,3.37
t1_pbz7f66,t3_1wptyvc,Mikaelqv5v,"interesting, I think you're right about this.","interesting, I think you're right about this.",2026-09-25T11:34:55.489Z,cryptoexchange,2026-09-25T11:34:55.489Z,2026-09-25,2026-09-21,OPINION_OTHER,,False,,,,,,NOT_CHECKABLE,No crypto asset mentioned,NOT_SCORED,False,bitcoin,-0.41,2.45,0.56
t1_pb4wyfj,t3_1wm8ush,Inflection_Exchange,"Just imagine all the guys that had bought ""down"" contracts on BTC price at 13:59.....","Just imagine all the guys that had bought ""down"" contracts on Bitcoin at 13:59.",2026-09-21T10:21:36.167Z,cryptoexchange,2026-09-21T10:21:36.167Z,2026-09-21,2026-09-21,TREND,bitcoin,False,DOWN,,UP,6.73,6.73,CONTRADICTED,"Claimed DOWN, market UP +6.73%",INACCURATE,True,bitcoin,6.73,8.01,4.08
t1_pcr4clr,t3_1wskpan,enryold,"For screening, I’d define “trend” before adding more data sources: direction in USD, performance versus BTC, and volume acceleration answer different questions. A useful workflow is an exception list showing where the USD and BTC-relative signals disagree, followed by chart validation. That keeps a broad BTC-led rally from making every alt look independently strong.

TrendingCoin blog is the small newsletter + dashboard I built for that specific comparison across a basket. It doesn’t aggregate news, assess contract risk or execute trades. 
It executes a trend following algo on a daily basis across coins with >100M market cap so I know where to look for some opportunities","Bitcoin is currently experiencing a broad rally, while other altcoins like Ethereum, Tether, Solana, and Binance Coin are not directly mentioned in the context of trends. That keeps a broad Bitcoin-led rally from making every alt look independently strong. 
Uptrend: Bitcoin.",2026-09-28T17:18:46.772Z,cryptoexchange,2026-09-28T17:18:46.772Z,2026-09-28,2026-09-28,TREND,bitcoin,False,UP,,DOWN,-1.13,-1.13,CONTRADICTED,"Claimed UP, market DOWN -1.13%",INACCURATE,True,bitcoin,-1.13,2.84,2.2
t1_pbszntl,t3_1wo9qpi,Sufficient_Fuel5269,Many times it is the best operation... stay expectant ✍️📊,Many times it is the best operation... stay expectant,2026-09-23T15:50:28.807Z,cryptoexchange,2026-09-23T15:50:28.807Z,2026-09-23,2026-09-21,OPINION_OTHER,,False,,,,,,NOT_CHECKABLE,No crypto asset mentioned,NOT_SCORED,False,bitcoin,-2.08,4.35,-2.96
t1_pbidg6g,t3_1wnwuas,sylsau,"Bitcoin’s 21 million cap can remain intact while its issuance clock gets hijacked. ⏳

A malicious mining majority could manipulate timestamps, drive difficulty down, and pull future rewards into the present.

Every block could still obey the existing rules.

That’s the timewarp loophole.

BIP54 proposes two tiny rules to constrain it. Pieter Wuille’s analysis now backs them with a mathematical bound and a machine-checkable proof.

How predictable is Bitcoin’s money if someone can game its clock?","Bitcoin's issuance clock is vulnerable to manipulation by malicious miners, leading to concerns about its predictability.

Downtrend: Bitcoin.",2026-09-23T05:15:00.552Z,cryptomarkets,2026-09-23T05:15:00.552Z,2026-09-23,2026-09-21,TREND,bitcoin,False,DOWN,,DOWN,-2.08,-2.08,VERIFIED,bitcoin was DOWN -2.08% over 1d,ACCURATE,True,bitcoin,-2.08,4.35,-2.96
t1_pc5d7ro,t3_1wqh3yf,NPCMushroom,Double check that. I think the Vault is still available but the second Authenticator now has to be an email address that’s linked to a separate Coinbase account. The old multisig vaults allowing control over private keys have been discontinued,The text discusses the changes in Coinbase's multisig vaults allowing control over private keys. I think the Vault is still available but the second Authenticator now has to be an email address linked to a separate Coinbase account.,2026-09-26T04:24:31.950Z,cryptomarkets,2026-09-26T04:24:31.950Z,2026-09-26,2026-09-21,OPINION_OTHER,,False,,,,,,NOT_CHECKABLE,No crypto asset mentioned,NOT_SCORED,False,bitcoin,0.44,0.76,2.71
t1_pcswp5a,t3_1wt8mci,on_hype,Most P2E games have negative expected value. The math rarely works in your favor long term.,Most P2E games have negative expected value. The math rarely works in your favor long term.,2026-09-29T12:20:39.940Z,cryptomarkets,2026-09-29T12:20:39.940Z,2026-09-29,2026-09-28,OPINION_OTHER,,False,,,,,,NOT_CHECKABLE,No crypto asset mentioned,NOT_SCORED,False,bitcoin,0.15,2.12,3.37
t1_pcslo78,t3_1wt8mci,Sad_Marionberry_5309,Those are pretty impressive numbers. Do you get in right away or wait until the odds have shaken out a bit?,Those are pretty impressive numbers. Do you get in right away or wait until the odds have shaken out a bit?,2026-09-29T12:20:39.940Z,cryptomarkets,2026-09-29T12:20:39.940Z,2026-09-29,2026-09-28,OPINION_OTHER,,False,,,,,,NOT_CHECKABLE,No crypto asset mentioned,NOT_SCORED,False,bitcoin,0.15,2.12,3.37
t1_pcx690x,t3_1ws7c13,Oldiebones,Cramer was also telling everybody to invest in real estate back in like 2007 right before the housing market collapsed. You'd be better off trusting Kosmo Kramer.,Cramer was also telling everybody to invest in real estate back in 2007 right before the housing market collapsed. You'd be better off trusting Kosmo Kramer.,2026-09-28T06:45:19.785Z,cryptomarkets,2026-09-28T06:45:19.785Z,2026-09-28,2026-09-28,OPINION_OTHER,,False,,,,,,NOT_CHECKABLE,No crypto asset mentioned,NOT_SCORED,False,bitcoin,-1.13,2.84,2.2
t1_pcjffeh,t3_1ws7c13,hodler1992,This is exactly what the future of gold will be like. In 20 years or so.,This is exactly what the future of gold is projected to look like. In 20 years or so.,2026-09-28T06:45:19.785Z,cryptomarkets,2026-09-28T06:45:19.785Z,2026-09-28,2026-09-28,OPINION_OTHER,,False,,,,,,NOT_CHECKABLE,No crypto asset mentioned,NOT_SCORED,False,bitcoin,-1.13,2.84,2.2
t1_pcreulh,t3_1wsxgrz,necropuddi,So if you sell after a 30% dip it would work 61% of the time. Buy high sell low confirmed winning strategy.,So if you sell after a 30% dip it would work 61% of the time. Buy high sell low is a proven winning strategy.,2026-09-29T01:53:07.132Z,cryptomarkets,2026-09-29T01:53:07.132Z,2026-09-29,2026-09-28,OPINION_OTHER,,False,,,,,,NOT_CHECKABLE,No crypto asset mentioned,NOT_SCORED,False,bitcoin,0.15,2.12,3.37
t1_pcrveeu,t3_1wsxgrz,BarraraRoscarly42,"The clustering of those highs is probably the biggest caveat. Still, the broader point makes sense. Waiting for an arbitrary percentage drop assumes the market will politely give you that discount from today's price instead of from a price 60% higher six months later.","The clustering of those highs is probably the biggest caveat. Still, the broader point makes sense. Waiting for an arbitrary percentage drop assumes the market will politely give you a discount from today's price instead of from a price 60% higher six months later.",2026-09-29T01:53:07.132Z,cryptomarkets,2026-09-29T01:53:07.132Z,2026-09-29,2026-09-28,OPINION_OTHER,bitcoin,True,,,,,,NOT_CHECKABLE,bitcoin mentioned but no price direction or number,NOT_SCORED,False,bitcoin,0.15,2.12,3.37
t1_pcpw9mm,t3_1wsxgrz,a18618,"Fun test. I'd want to pin down the ""new high"" definition — close vs intraday high changes the sample quite a bit — and whether drawdowns are computed on closes or wicks. Also, with 216 overlapping entry points since 2017, I'd check how much the result leans on treating those windows as independent. Still, the median 134-day wait is the real story: that's the cost of being clever.","Fun test. I'd like to clarify the definition of new high and compare trends across different windows, with a focus on the median 134-day wait. Also, with 216 overlapping entry points since 2017, I'd check how much the result leans on treating those windows as independent.",2026-09-29T01:53:07.132Z,cryptomarkets,2026-09-29T01:53:07.132Z,2026-09-29,2026-09-28,OPINION_OTHER,,False,,,,,,NOT_CHECKABLE,No crypto asset mentioned,NOT_SCORED,False,bitcoin,0.15,2.12,3.37
t1_pcwg15o,t3_1wtpp4w,SometimesWide,"this is pretty bullish for Solana too tbh. market has been choppy for the last 2y and everyone looks tired... but I like how the Pump app has been developing lately. nice find man, respect","Solana shows a strong uptrend with developments like the Pump app. market sentiment is bullish. 
Uptrend: Solana.",2026-09-29T23:37:01.800Z,cryptomarkets,2026-09-29T23:37:01.800Z,2026-09-29,2026-09-28,TREND,solana,False,UP,,FLAT,0.18,0.18,INCONCLUSIVE,"Claimed UP, market flat (+0.18%)",NOT_SCORED,False,solana,0.18,4.18,2.64
t1_pblivup,t3_1wo7wfj,cjdangles,EASY. You dump everything but BTC and ETH.,EASY. You dump everything but Bitcoin and Ethereum.,2026-09-23T14:41:43.853Z,cryptomarkets,2026-09-23T14:41:43.853Z,2026-09-23,2026-09-21,TREND,bitcoin,False,DOWN,,DOWN,-2.08,-2.08,VERIFIED,bitcoin was DOWN -2.08% over 1d,ACCURATE,True,bitcoin,-2.08,4.35,-2.96
t1_pcatg4v,t3_1wr6klj,Upper-Media3769,S&P 500 is good for long term holding. For Monero you can only speculate. I keep some to always be able to make anonymous payments. I also think that it has a lot of potential with fiat currencies getting digitalized. But I don't think it will become mainstream like BTC because governments do everything to make it unavailable for normies.,"S&P 500 is good for long-term holding. 
Uptrend: Monero.",2026-09-27T00:54:10.688Z,cryptomarkets,2026-09-27T00:54:10.688Z,2026-09-27,2026-09-21,TREND,bitcoin,False,UP,,FLAT,0.05,0.05,INCONCLUSIVE,"Claimed UP, market flat (+0.05%)",NOT_SCORED,False,bitcoin,0.05,1.19,2.25
t1_pcakusj,t3_1wr6klj,defeater33,Ummm no.to few people hear about it much less trust it longterm. Even cardino has been a really bad investment. With the high volitilty of ETH why bother. You can make 100% profit with ETH in a year even if only averages 10% gain a year.,The text discusses the potential for profit with Ethereum due to its high volatility and long-term investment potential. You can make 100% profit with ETH in a year even if only averages 10% gain a year.Ummm no. Even cardino has been a really bad investment.,2026-09-27T00:54:10.688Z,cryptomarkets,2026-09-27T00:54:10.688Z,2026-09-27,2026-09-21,NUMERIC_PERCENT,ethereum,False,UP,100.0,FLAT,-0.31,-0.31,INACCURATE,"Claimed +100.0%, ethereum moved -0.31% (off by 100.3 points)",INACCURATE,True,ethereum,-0.31,1.95,1.78
t1_pcipq4x,t3_1wr6klj,diwan-i-khas,"Monero is still very much alive and thriving despite being shadowbanned, delisted and what not.","Monero is still very much alive and thriving despite being shadowbanned, delisted and what not.",2026-09-27T00:54:10.688Z,cryptomarkets,2026-09-27T00:54:10.688Z,2026-09-27,2026-09-21,OPINION_OTHER,,False,,,,,,NOT_CHECKABLE,No crypto asset mentioned,NOT_SCORED,False,bitcoin,0.05,1.19,2.25
t1_pcc991u,t3_1wr6klj,the_rodent_incident,"Long-term: yes. You can easily double your money in 5 years.

Real question is: are you really satisfied with only doubling your money?",Long-term: yes. You can easily double your money in 5 years.,2026-09-27T00:54:10.688Z,cryptomarkets,2026-09-27T00:54:10.688Z,2026-09-27,2026-09-21,OPINION_OTHER,,False,,,,,,NOT_CHECKABLE,No crypto asset mentioned,NOT_SCORED,False,bitcoin,0.05,1.19,2.25
t1_pck0k1z,t3_1wr6klj,Ok_Application6123,"It's hard to tell. Monero has shown pretty consistent growth across every cycle. Altcoins can easily lose relevance or become obsolete as the space changes, but that hasn't happened to Monero yet. I do see it as more solid than newer alts, but for long-term investing, I'd still go with Bitcoin without hesitation.","It's hard to tell. Monero has shown pretty consistent growth across cycles, but for long-term investing, I'd still go with Bitcoin without hesitation. Altcoins can easily lose relevance or become obsolete as the space changes, but that hasn't happened to Monero yet.",2026-09-27T00:54:10.688Z,cryptomarkets,2026-09-27T00:54:10.688Z,2026-09-27,2026-09-21,OPINION_OTHER,bitcoin,False,,,,,,NOT_CHECKABLE,bitcoin mentioned but no price direction or number,NOT_SCORED,False,bitcoin,0.05,1.19,2.25
t1_pbzmdmk,t3_1wpr3ng,VettaQ,"One addition to your checklist that changed how I read drawdowns: separate supply events from demand events. A 50% drop driven by a scheduled unlock or insider distribution, with usage and liquidity roughly flat, is a supply event - the real question is whether the new float gets absorbed. A 50% drop with declining active addresses and thinning books is a demand event - the thesis itself is being repriced. Same chart shape, completely different answer to cheap vs down. The unlock schedule and exchange flow data usually tell you which one you are looking at before the quarterly fundamentals do.","One addition to your checklist that changed how I read drawdowns is separate supply events from demand events. A 50% drop driven by a scheduled unlock or insider distribution is a supply event, whereas a demand event is a valid thesis. Same chart shape, completely different answer to cheap vs down.",2026-09-25T08:44:48.711Z,cryptomarkets,2026-09-25T08:44:48.711Z,2026-09-25,2026-09-21,OPINION_OTHER,,False,,,,,,NOT_CHECKABLE,No crypto asset mentioned,NOT_SCORED,False,bitcoin,-0.41,2.45,0.56
t1_pc16s90,t3_1wpr3ng,icnews10,"That’s a really useful distinction. The next thing to watch is whether the market actually absorbs the new supply. If volume, depth, and participation recover after the unlocking, the thesis may still be intact. However, if liquidity continues to thin and buyers don’t return, what started as a supply event could quickly turn into a demand problem. The chart shows the same drawdown, but the situation underneath is very different.","The text discusses the potential for market dynamics following the unlocking of new supply, highlighting a potential demand problem but also emphasizing the differences between supply and demand dynamics.That’s a really useful distinction. The chart shows the same drawdown, but the situation underneath is very different. The next thing",2026-09-25T08:44:48.711Z,cryptomarkets,2026-09-25T08:44:48.711Z,2026-09-25,2026-09-21,TREND,bitcoin,True,UP,,FLAT,-0.41,-0.41,INCONCLUSIVE,"Claimed UP, market flat (-0.41%) (generic 'crypto' claim checked against BTC)",NOT_SCORED,False,bitcoin,-0.41,2.45,0.56
t1_pc3p4dj,t3_1wpxina,The_Realist02,Just buy bitcoin please I’m begging you lol,Just buy bitcoin please I’m begging you lol,2026-09-25T14:16:33.993Z,cryptomarkets,2026-09-25T14:16:33.993Z,2026-09-25,2026-09-21,OPINION_OTHER,bitcoin,False,,,,,,NOT_CHECKABLE,bitcoin mentioned but no price direction or number,NOT_SCORED,False,bitcoin,-0.41,2.45,0.56
t1_pc4ne62,t3_1wqk85f,sylsau,"You can fork a blockchain. You can’t fork the dollars backing its stablecoins.

That’s the tension behind USDT and USDC moving closer to Bitcoin.

Imagine a future split. Tether and Circle recognize one branch.

Your node can choose the other.

But what happens if your loans, customers, and payment systems depend on the dollars that stayed behind?

Neither company can rewrite Bitcoin’s rules. Their decisions could still change the cost of defending yours.

More liquidity. More utility. More dependence.

Bitcoin’s next fork war could test something deeper than software:

How much freedom do you retain when choosing your preferred chain could disrupt your finances?","The text discusses the tension between Tether and USDC moving closer to Bitcoin as they seek to influence its rules and financial stability.

Uptrend: Bitcoin.",2026-09-26T07:23:15.311Z,cryptomarkets,2026-09-26T07:23:15.311Z,2026-09-26,2026-09-21,TREND,bitcoin,False,UP,,FLAT,0.44,0.44,INCONCLUSIVE,"Claimed UP, market flat (+0.44%)",NOT_SCORED,False,bitcoin,0.44,0.76,2.71
t1_pcdwuw0,t3_1wriarj,bentoboxlb,We're not at alt coin cycle yet just because some cherry picked alt coins pumped hard. Also wasnt last bull run ETH the last one that massively pumped? Like when everyone was memeing ETH being one of the only ones not pumped and then it suddenly pumped,We're not at alt coin cycle yet just because some cherry picked alt coins pumped hard.,2026-09-27T11:53:08.212Z,cryptomarkets,2026-09-27T11:53:08.212Z,2026-09-27,2026-09-21,OPINION_OTHER,ethereum,False,,,,,,NOT_CHECKABLE,ethereum mentioned but no price direction or number,NOT_SCORED,False,ethereum,-0.31,1.95,1.78
t1_pcjdhft,t3_1wriarj,Extreme_Teaching_416,"Everyone considers 2020-2021 run “ alt season “ truth is. We got stimmy checks and couldn’t go anywhere to spent our pay checks so everyone just bought everything on the market. We had a crazy run up and things crashed. Alt coin doesn’t exist anymore. For many reasons, everyone making hundreds of meme coins daily, too many bad news around a project, anyone with real money buys eth sol btc and xrp only after the 2022 crashes.

Any alt doing 30-50% in a week is a blessing and you should collect profits and exit out unless you know more good news coming. And I mean know for sure not some YouTuber or Twitter account told me we gonna 10x cause we just 5x.","Everyone considers 2020-2021 run "" alt season "" as a notable period in cryptocurrency history, but it's not about cryptocurrency trends.",2026-09-27T11:53:08.212Z,cryptomarkets,2026-09-27T11:53:08.212Z,2026-09-27,2026-09-21,OPINION_OTHER,bitcoin,False,,,,,,NOT_CHECKABLE,bitcoin mentioned but no price direction or number,NOT_SCORED,False,bitcoin,0.05,1.19,2.25
t1_pcrau2l,t3_1wriarj,NoActivity1724,"ETH didn’t get skipped, it just got left standing at the bus stop while traders chased whatever coin was moving that day.","Ethereum wasn’t skipped, it just got left at the bus stop while traders chased other coins.",2026-09-27T11:53:08.212Z,cryptomarkets,2026-09-27T11:53:08.212Z,2026-09-27,2026-09-21,OPINION_OTHER,ethereum,False,,,,,,NOT_CHECKABLE,ethereum mentioned but no price direction or number,NOT_SCORED,False,ethereum,-0.31,1.95,1.78
t1_pccp9ng,t3_1wriarj,Right_Strength2170,"Eth's been underperforming for years now. In this years bear market HYPE had about the same return as ETH had the entire prior bull, which is funny (about +300%).","Eth's HYPE has historically underperformed compared to its prior bull market performance, with a notable underperformance in the current bear market. In this years bear market HYPE had about the same return as ETH's entire prior bull, which is funny (about +300%).",2026-09-27T11:53:08.212Z,cryptomarkets,2026-09-27T11:53:08.212Z,2026-09-27,2026-09-21,OPINION_OTHER,ethereum,False,,,,,,NOT_CHECKABLE,ethereum mentioned but no price direction or number,NOT_SCORED,False,ethereum,-0.31,1.95,1.78
t1_pccwgec,t3_1wriarj,Backrus,"Keep in mind Tom Lee has been buying billions of dollars worth of ETH since iirc June last year.

Now think what will happen to price when the only buyer stops buying.",Keep in mind Tom Lee has been buying billions of dollars worth of ETH since iirc June last year.Now think what would happen if the only buyer stops buying?,2026-09-27T11:53:08.212Z,cryptomarkets,2026-09-27T11:53:08.212Z,2026-09-27,2026-09-21,OPINION_OTHER,ethereum,False,,,,,,NOT_CHECKABLE,ethereum mentioned but no price direction or number,NOT_SCORED,False,ethereum,-0.31,1.95,1.78
t1_pcdlqgf,t3_1wriarj,hoppeeness,"Yes. Skipped. Too many old school cryptos here to admit it though. Small cap alts are way out performing BTC and ETH and even SOL a little

Great example in DOVU. Actually moved from ETH to HBAR…real tech for real use cases.

https://np.reddit.com/r/Hedera/s/dTzrZIvOVg","Bitcoin and Ethereum are not performing well compared to small cap altcoins like DoVU. 
Downtrend: Bitcoin, Ethereum.",2026-09-27T11:53:08.212Z,cryptomarkets,2026-09-27T11:53:08.212Z,2026-09-27,2026-09-21,TREND,bitcoin,False,DOWN,,FLAT,0.05,0.05,INCONCLUSIVE,"Claimed DOWN, market flat (+0.05%)",NOT_SCORED,False,bitcoin,0.05,1.19,2.25
t1_pbkzi3g,t3_1wnmkcj,VettaQ,"The indicators with the most consistent tracking record are the boring ones: DXY, US 10y real yields, and a global liquidity aggregate (M2 or central bank balance sheets). Stablecoin supply is the endogenous one worth adding - it measures dry powder actually inside the crypto system rather than conditions outside it.

The trap is treating any single correlation as structural. BTC's correlation to Nasdaq has swung between roughly 0 and 0.6 depending on the window and the regime - risk-on/risk-off phases tighten it, crypto-native cycles (halvings, ETF flows, exchange events) loosen it. A fixed ""BTC follows X"" rule breaks exactly when you size up on it.

What worked for me: pick 2-3 indicators, fit the relationship on a rolling window, and treat the current beta as a regime reading rather than a law. When the rolling correlation snaps back toward zero, macro stops being the driver and positioning or on-chain flows take over - that regime switch is usually the more useful information.","The trap is treating any single correlation as structural. Bitcoin's correlation to the Nasdaq has swung between roughly 0 and 0.6 depending on the window and its regime, with historical trends suggesting a potential shift towards a more stable trend. 
Uptrend: Bitcoin.",2026-09-22T21:26:39.315Z,cryptomarkets,2026-09-22T21:26:39.315Z,2026-09-22,2026-09-21,TREND,bitcoin,False,UP,,FLAT,-0.5,-0.5,INCONCLUSIVE,"Claimed UP, market flat (-0.50%)",NOT_SCORED,False,bitcoin,-0.5,1.85,-3.58
t1_pbvisxs,t3_1wp0k0o,Bluejumprabbit,"Borrowing keeps your BTC but a sharp wick can liquidate you at a high LTV, so most people running this on Aave stay under 30% and keep a buffer. Selling triggers a taxable event right now, which is why the borrow route gets popular every rally.","Borrowing keeps your BTC liquidate at a high LTV, while selling triggers a taxable event. 
Uptrend: Bitcoin.",2026-09-24T12:40:06.382Z,cryptomarkets,2026-09-24T12:40:06.382Z,2026-09-24,2026-09-21,TREND,bitcoin,False,UP,,FLAT,-0.0,-0.0,INCONCLUSIVE,"Claimed UP, market flat (-0.00%)",NOT_SCORED,False,bitcoin,-0.0,2.33,-0.98
t1_pbxja4x,t3_1wp0k0o,goyva,"i think the biggest question is what happens if BTC suddenly drops 20–30%, not whether borrowing looks smart while it’s going up.

That’s what made Arch Lending interesting to me. The BTC is held with Anchorage, they say it isn’t rehypothecated, and liquidations can be partial instead of automatically closing the entire position.

If I was borrowing against BTC, I’d probably care more about those details and keeping the LTV conservative than trying to predict where Bitcoin goes next.","The text discusses the potential risks and benefits of Bitcoin borrowing against the US dollar, focusing on the risks associated with Bitcoin's future trajectory.


Uptrend: Bitcoin.",2026-09-24T12:40:06.382Z,cryptomarkets,2026-09-24T12:40:06.382Z,2026-09-24,2026-09-21,TREND,bitcoin,False,UP,,FLAT,-0.0,-0.0,INCONCLUSIVE,"Claimed UP, market flat (-0.00%)",NOT_SCORED,False,bitcoin,-0.0,2.33,-0.98
t1_pbzctv9,t3_1wp0k0o,Upset-Guard383827,"Low LTV borrowing on Arch Lending avoids tax events, but carrying double-digit APR interest eats $BTC upside fast.","Low LTV borrowing on Arch Lending avoids tax events, but carrying double-digit APR interest eats into Bitcoin's upside fast.",2026-09-24T12:40:06.382Z,cryptomarkets,2026-09-24T12:40:06.382Z,2026-09-24,2026-09-21,OPINION_OTHER,bitcoin,False,,,,,,NOT_CHECKABLE,bitcoin mentioned but no price direction or number,NOT_SCORED,False,bitcoin,-0.0,2.33,-0.98
t1_pbrrgf4,t3_1wp0k0o,macetheface,"People like Saylor can borrow cause they have shit load of capital to weather extended drawdowns for months and months. Based on your post, you do not.

Bitcoin could go up to 100k next week or it can go down to 50k. And then stay there for 6 months. If you borrowed today, would you be able to handle that? The lender wants its money back and does not care if BTC price is $200k or $0.","Bitcoin could go up to 100k next week or it could go down to 50k. And then stay there for 6 months. If you borrowed today, would you be able to handle that? The lender wants its money back and does not care if BTC price is $200k or $0.50",2026-09-24T12:40:06.382Z,cryptomarkets,2026-09-24T12:40:06.382Z,2026-09-24,2026-09-21,PREDICTION,bitcoin,False,,,,,,NOT_CHECKABLE,Price prediction (future-tense) - can't be scored at posting time,NOT_SCORED,False,bitcoin,-0.0,2.33,-0.98
t1_pcjrfky,t3_1wrjnxm,Wild_Opportunity6623,BTC lost the May high. 50W moving average is ~78k. Support?,Bitcoin has lost the May high and is currently trading below its support level. Support?,2026-09-27T13:01:21.719Z,cryptomarkets,2026-09-27T13:01:21.719Z,2026-09-27,2026-09-21,OPINION_OTHER,bitcoin,False,,,,,,NOT_CHECKABLE,bitcoin mentioned but no price direction or number,NOT_SCORED,False,bitcoin,0.05,1.19,2.25
t1_pc179vs,t3_1wparpc,jekpopulous2,After all these years XRP is still absolutely useless.,After all these years XRP is still absolutely useless.,2026-09-24T19:14:16.491Z,cryptomarkets,2026-09-24T19:14:16.491Z,2026-09-24,2026-09-21,OPINION_OTHER,,False,,,,,,NOT_CHECKABLE,No crypto asset mentioned,NOT_SCORED,False,bitcoin,-0.0,2.33,-0.98
t1_pbzhwhq,t3_1wpso7k,VettaQ,"The 2015 case was the BIP66 soft fork: miners signalled upgrade readiness without actually validating under the new rules, then built six blocks on an invalid block. Worth being precise about because the lesson is narrower than ""verify first"". Any design that lets production run ahead of validation has to answer one question explicitly: what does a full node do when the lag window turns out to contain an invalid block? If the 10x in simulation comes from deferring the check, that is the 2015 trade with better marketing. If it comes from overlapping validation with other work while keeping rejection final, that is genuinely different. The proposal's value depends entirely on which of those two it is.","The text discusses the concept of ""verify first"" and its implications for Bitcoin development.The 2015 case was the BIP66 soft fork, where miners showed readiness for an upgrade without actually validating, resulting in significant simulation and cost savings. Worth being precise about because the lesson is narrower than ""ver",2026-09-25T10:22:48.923Z,cryptomarkets,2026-09-25T10:22:48.923Z,2026-09-25,2026-09-21,EVENT_NEWS,bitcoin,False,,,,,,NOT_CHECKABLE,bitcoin news/event - not checkable with price data,NOT_SCORED,False,bitcoin,-0.41,2.45,0.56
t1_pbsts67,t3_1wp4xop,icnews10,"One useful nuance to note is that an increase in Bitcoin dominance does not necessarily mean that money is literally flowing from altcoins into Bitcoin. It can also rise simply because altcoins are falling faster than Bitcoin, or because Bitcoin is holding its value better. Therefore, I would use dominance as an indicator of relative strength, rather than as proof of where capital is moving.","One useful nuance to note is that an increase in Bitcoin dominance does not necessarily mean that money is flowing from altcoins into Bitcoin. It can also rise simply because altcoins are falling faster than Bitcoin, or because Bitcoin is holding its value better. Therefore, I would use dominance as an indicator of relative strength",2026-09-24T15:36:02.461Z,cryptomarkets,2026-09-24T15:36:02.461Z,2026-09-24,2026-09-21,OPINION_OTHER,bitcoin,False,,,,,,NOT_CHECKABLE,bitcoin mentioned but no price direction or number,NOT_SCORED,False,bitcoin,-0.0,2.33,-0.98
t1_pbzar4v,t3_1wp4xop,hoppeeness,"Small alts have been out performing BTC. Usually they are after BTC/ETH/SOL.

They still seem connected as a market but not lead by BTC anymore.","Bitcoin and Ethereum are not leading as a market, with Solana showing a strong performance after Bitcoin. 
Downtrend: Bitcoin, Solana.",2026-09-24T15:36:02.461Z,cryptomarkets,2026-09-24T15:36:02.461Z,2026-09-24,2026-09-21,TREND,bitcoin,False,DOWN,,FLAT,-0.0,-0.0,INCONCLUSIVE,"Claimed DOWN, market flat (-0.00%)",NOT_SCORED,False,bitcoin,-0.0,2.33,-0.98
t1_pbzn8qr,t3_1wp4xop,Corey_Blake,"ya ive noticed small caps running ahead too. ive also watched that go on for a few weeks and then all get handed back the first time btc has a real red week, so id want to see them hold up through a btc pullback before calling it decoupled. today is a decent little test honestly","Bitcoin is experiencing a decent little test period with small caps running ahead and potential for a pullback, so id like to see how they hold up through a btc pullback. 
Uptrend: Bitcoin.",2026-09-24T15:36:02.461Z,cryptomarkets,2026-09-24T15:36:02.461Z,2026-09-24,2026-09-21,TREND,bitcoin,False,UP,,FLAT,-0.0,-0.0,INCONCLUSIVE,"Claimed UP, market flat (-0.00%)",NOT_SCORED,False,bitcoin,-0.0,2.33,-0.98
t1_pbxg640,t3_1wp4xop,MotanulScotishFold,"I look at dominance of bitcoin, ethereum and usdt dominance to see the story","The text analyzes the dominance of Bitcoin, Ethereum, and usdt in the cryptocurrency market.",2026-09-24T15:36:02.461Z,cryptomarkets,2026-09-24T15:36:02.461Z,2026-09-24,2026-09-21,OPINION_OTHER,bitcoin,False,,,,,,NOT_CHECKABLE,bitcoin mentioned but no price direction or number,NOT_SCORED,False,bitcoin,-0.0,2.33,-0.98
t1_pct02g7,t3_1wp4xop,Realty-Past_918,"Dominance is just BTC market cap divided by total crypto market cap. It moves every block and shows where capital is flowing, not just how it's distributed","Dominance is just Bitcoin market cap divided by total crypto market cap. It moves every block and shows where capital is flowing, not just how it's distributed",2026-09-24T15:36:02.461Z,cryptomarkets,2026-09-24T15:36:02.461Z,2026-09-24,2026-09-21,OPINION_OTHER,bitcoin,False,,,,,,NOT_CHECKABLE,bitcoin mentioned but no price direction or number,NOT_SCORED,False,bitcoin,-0.0,2.33,-0.98
t1_pc5v45u,t3_1wq79rb,Appropriate-Talk-735,"A bunch of the alts been doing great but yeah, depends which ones you look at. The ones I have in my reference portfolio is up good.","A bunch of the alts been doing great but yeah, depends which ones you look at. The ones I have in my reference portfolio is up good.",2026-09-25T20:39:11.467Z,cryptomarkets,2026-09-25T20:39:11.467Z,2026-09-25,2026-09-21,OPINION_OTHER,,False,,,,,,NOT_CHECKABLE,No crypto asset mentioned,NOT_SCORED,False,bitcoin,-0.41,2.45,0.56
t1_pc1skwb,t3_1wq79rb,Corey_Blake,"fair, 90 days is just the window the altseason index uses so i started there. on 30 days its 26 of 50 beating btc, so 52% and climbing. dec 2024 went from 28% to 76% in about a month so i agree a start would show up in the shorter window first, 52% just isnt a start yet imo","Bitcoin is experiencing a 52% increase over the past 30 days, indicating a potential start of a positive trend. 
Uptrend: Bitcoin.",2026-09-25T20:39:11.467Z,cryptomarkets,2026-09-25T20:39:11.467Z,2026-09-25,2026-09-21,NUMERIC_PERCENT,bitcoin,False,UP,52.0,FLAT,-0.41,-0.41,INACCURATE,"Claimed +52.0%, bitcoin moved -0.41% (off by 52.4 points)",INACCURATE,True,bitcoin,-0.41,2.45,0.56
t1_pc24jdh,t3_1wq79rb,jrb196,75 altcoins outperforming Bitcoin over a rolling 90 day period. Confirms alt season.,75 altcoins have outperformed Bitcoin over a rolling 90 day period. Confirms a strong alt season.,2026-09-25T20:39:11.467Z,cryptomarkets,2026-09-25T20:39:11.467Z,2026-09-25,2026-09-21,OPINION_OTHER,bitcoin,False,,,,,,NOT_CHECKABLE,bitcoin mentioned but no price direction or number,NOT_SCORED,False,bitcoin,-0.41,2.45,0.56
t1_pc3vcl6,t3_1wq79rb,Bluejumprabbit,"This is just BTC dominance sitting elevated, capital crowds into BTC early in a move and alts only get a real bid once it flattens out. Watch the dominance chart rolling over as your signal, that's usually when rotation into ETH and the majors actually kicks in.","This is just Bitcoin dominance sitting elevated, capital crowds into BTC early in a move and alts only get a real bid once it flattens out. Watch the dominance chart rolling over as your signal, that's usually when rotation into ETH and the majors actually kicks in.",2026-09-25T20:39:11.467Z,cryptomarkets,2026-09-25T20:39:11.467Z,2026-09-25,2026-09-21,OPINION_OTHER,bitcoin,False,,,,,,NOT_CHECKABLE,bitcoin mentioned but no price direction or number,NOT_SCORED,False,bitcoin,-0.41,2.45,0.56
t1_pck8mds,t3_1wq79rb,JakRenden2,"You could argue that we never saw a real ""altseason"" after the boom in 2017. So many alts popped up after that, making it impossible for a rising tide to lift all boats.","You could argue that we never saw a real ""altseason"" after the boom in 2017. So many alts popped up, making it impossible for a rising tide to lift all boats.",2026-09-25T20:39:11.467Z,cryptomarkets,2026-09-25T20:39:11.467Z,2026-09-25,2026-09-21,OPINION_OTHER,,False,,,,,,NOT_CHECKABLE,No crypto asset mentioned,NOT_SCORED,False,bitcoin,-0.41,2.45,0.56
t1_pcnc771,t3_1wq79rb,Corey_Blake,"I hear you on that, theres way too many coins now for the whole market to move together. thats why i only count the top 50, and even there you still need 38 of them beating btc. we hit that 3 times since 2020 so i wouldnt say it died after 2017, just got narrower","I hear you on that, theres way too many coins now for the whole market to move together. thats why i only count the top 50, and even there you still need 38 of them beating btc. we hit that 3 times since 2020 so i wouldnt say it died after 2017, just",2026-09-25T20:39:11.467Z,cryptomarkets,2026-09-25T20:39:11.467Z,2026-09-25,2026-09-21,OPINION_OTHER,bitcoin,False,,,,,,NOT_CHECKABLE,bitcoin mentioned but no price direction or number,NOT_SCORED,False,bitcoin,-0.41,2.45,0.56
t1_pc6lxt5,t3_1wq79rb,VettaQ,"The breadth approach is the right instinct, but there is a sampling trap in it: the top 50 today is not the top 50 from 90 days ago. Coins that got crushed fall out of the list, so counting today's top 50 over the last 90 days quietly drops the worst performers and biases the 40% figure upward. The cleaner version is to freeze the top-50 list at the start of the window, then count how many of those beat BTC. You usually get a lower number, and the gap between the two counts is itself a useful measure of how violent the rotation was underneath.","The breadth approach is the right instinct, but it introduces a sampling trap that biases the final rankings upward. Coins that got crushed fall out of the list, so counting today's top 50 over the last 90 days quietly drops the worst performers and biases the 40% figure upward. The cleaner version is to freeze",2026-09-25T20:39:11.467Z,cryptomarkets,2026-09-25T20:39:11.467Z,2026-09-25,2026-09-21,OPINION_OTHER,bitcoin,False,,,,,,NOT_CHECKABLE,bitcoin mentioned but no price direction or number,NOT_SCORED,False,bitcoin,-0.41,2.45,0.56
t1_pc3kfv2,t3_1wq79rb,Corey_Blake,"it kinda is btc pairs already tho. outperforming btc means the alt/btc pair went up, so if an alt does a 2x in usd while btc also 2x's it doesnt count. your point about bounces off -90% is fair tho, the median top 50 alt is still like 75% off its ATH vs btc at 32%, so a dead cat bounce can look like outperformance. thats why i put dominance ex stables next to it, 63.8% now vs about 58% at btcs dec 2017 peak. pretty close to what TOTAL3ES would show you","The text discusses the concept of outperformance where altcoins outperform btc, but does not specify the exact trend for each coin. outperforming btc means the alt/btc pair went up, so if an alt does a 2x in usd while btc also 2x's",2026-09-25T20:39:11.467Z,cryptomarkets,2026-09-25T20:39:11.467Z,2026-09-25,2026-09-21,TREND,bitcoin,False,UP,,FLAT,-0.41,-0.41,INCONCLUSIVE,"Claimed UP, market flat (-0.41%)",NOT_SCORED,False,bitcoin,-0.41,2.45,0.56
t1_pc5z2r6,t3_1wq79rb,Corey_Blake,"ya thats fair. i actually ran a stricter version for that reason, it also needs total alt market cap ex btc ex stables up 50%+ over the window, so alts just losing less than btc doesnt count. new highs would be stricter still. hope we see it too ha","The text requires total alt market cap ex btc ex stables to increase by 50% over the window, stricter than previous versions for new highs.ya thats fair. hope we see it too ha",2026-09-25T20:39:11.467Z,cryptomarkets,2026-09-25T20:39:11.467Z,2026-09-25,2026-09-21,NUMERIC_PERCENT,bitcoin,False,UP,50.0,FLAT,-0.41,-0.41,INACCURATE,"Claimed +50.0%, bitcoin moved -0.41% (off by 50.4 points)",INACCURATE,True,bitcoin,-0.41,2.45,0.56
t1_pbwz29x,t3_1wp10v5,PatientFisher,30 year yield highest and energy crisis & prolonged Iran war. Def crypto to the moon~!,30 year yield highest and energy crisis & prolonged Iran war. Def crypto to the moon!,2026-09-24T13:01:16.558Z,cryptomarkets,2026-09-24T13:01:16.558Z,2026-09-24,2026-09-21,TREND,bitcoin,True,UP,,FLAT,-0.0,-0.0,INCONCLUSIVE,"Claimed UP, market flat (-0.00%) (generic 'crypto' claim checked against BTC)",NOT_SCORED,False,bitcoin,-0.0,2.33,-0.98
t1_pcwwzlq,t3_1wtrw9s,the_real_lustlizard,Options were the squeeze.,Options were the squeeze.,2026-09-30T01:19:22.162Z,superstonk,2026-09-30T01:19:22.162Z,2026-09-30,2026-09-28,OPINION_OTHER,,False,,,,,,NOT_CHECKABLE,No crypto asset mentioned,NOT_SCORED,False,bitcoin,-0.08,3.2,3.22
t1_pcx20js,t3_1wtrw9s,TheTangoFox,"All options the week prior to the sneeze were in the money. This has never happened again, as they will add more strikes the closer they get to the end lf the chain.","All options the week prior to the sneeze were in the money. This has never happened again, as they will add more strikes the closer they get to the end lf the chain.",2026-09-30T01:19:22.162Z,superstonk,2026-09-30T01:19:22.162Z,2026-09-30,2026-09-28,OPINION_OTHER,,False,,,,,,NOT_CHECKABLE,No crypto asset mentioned,NOT_SCORED,False,bitcoin,-0.08,3.2,3.22
t1_pcx2acv,t3_1wtrtcx,Rawbringer,"Yep. With the Silvia Investor Summit next week, it may get spicy. It’s fun to think Ryan may be using hints left by RK to time his moves. If this is a requel, his Form 4 filings are potentially a parallel to the YOLO updates.","Yep. It's fun to think Ryan might be using hints from RK's recent updates to prepare for the Silvia Investor Summit next week. If this is a requel, his Form 4 filings are potentially a parallel to the YOLO updates.",2026-09-30T01:15:22.695Z,superstonk,2026-09-30T01:15:22.695Z,2026-09-30,2026-09-28,OPINION_OTHER,,False,,,,,,NOT_CHECKABLE,No crypto asset mentioned,NOT_SCORED,False,bitcoin,-0.08,3.2,3.22
t1_pcwdnzu,t3_1wtptpq,PaleontologistDear18,"Nothing but it’s likely he wants to be at or near 10% for something or other, a not smooth brain can explain","Nothing but it's likely he wants to be at or near 10% for something or other, a not smooth brain can explain",2026-09-29T23:43:02.647Z,superstonk,2026-09-29T23:43:02.647Z,2026-09-29,2026-09-28,OPINION_OTHER,,False,,,,,,NOT_CHECKABLE,No crypto asset mentioned,NOT_SCORED,False,bitcoin,0.15,2.12,3.37
t1_pcx1ijr,t3_1wtptpq,Melechesh,We'll see next week.,We'll see next week.,2026-09-29T23:43:02.647Z,superstonk,2026-09-29T23:43:02.647Z,2026-09-29,2026-09-28,OPINION_OTHER,,False,,,,,,NOT_CHECKABLE,No crypto asset mentioned,NOT_SCORED,False,bitcoin,0.15,2.12,3.37
t1_pcwsxyu,t3_1wtptpq,EmphasisFrosty3093,"There is no max. If we sold a Pokemon card for $10 Billion he'd earn all his tranch awards, bring it back for a vote, and have almost half the company.","There is no max. If we sold a Pokemon card for $10 Billion, Donald Trump could win all his tranch awards, dominate the stock market, and have almost half the company.",2026-09-29T23:43:02.647Z,superstonk,2026-09-29T23:43:02.647Z,2026-09-29,2026-09-28,OPINION_OTHER,,False,,,,,,NOT_CHECKABLE,No crypto asset mentioned,NOT_SCORED,False,bitcoin,0.15,2.12,3.37
t1_pcxmwao,t3_1wtrlio,darrito876,Doubt it. There's a ton of crypto related card ripping packs out there now that's done within their native wallet or website. This is just Coinbase trying to get into the same space.,Doubt it. There's a ton of crypto related card ripping packs out there now that are done within their native wallet or website. This is just Coinbase trying to get into the same space.,2026-09-30T01:05:06.541Z,superstonk,2026-09-30T01:05:06.541Z,2026-09-30,2026-09-28,OPINION_OTHER,bitcoin,True,,,,,,NOT_CHECKABLE,bitcoin mentioned but no price direction or number,NOT_SCORED,False,bitcoin,-0.08,3.2,3.22
t1_pcwgsam,t3_1wtp10o,SilentlyAsTheGrave,If I’m interpreting it correctly basically shows an average of 10-20% short interest for total shares issued. Not like it matters when this is a self-reported number with a billion ways to hide the actual data.,"If I'm interpreting it correctly, the text shows a significant short interest in the company's shares, but it's not about cryptocurrency trends.",2026-09-29T23:06:49.936Z,superstonk,2026-09-29T23:06:49.936Z,2026-09-29,2026-09-28,OPINION_OTHER,bitcoin,True,,,,,,NOT_CHECKABLE,bitcoin mentioned but no price direction or number,NOT_SCORED,False,bitcoin,0.15,2.12,3.37
t1_pcxl7gt,t3_1wtp10o,ParsnipDecent6530,It's taken a few years but now we've got apes with access to bloomberg terminals. If moass takes much longer we'll have apes working at Shitadel and possibly in the FCC.,It's taken a few years but now we have apes with access to bloomberg terminals. If moass takes much longer we'll have apes working at Shitadel and possibly in the FCC.,2026-09-29T23:06:49.936Z,superstonk,2026-09-29T23:06:49.936Z,2026-09-29,2026-09-28,OPINION_OTHER,,False,,,,,,NOT_CHECKABLE,No crypto asset mentioned,NOT_SCORED,False,bitcoin,0.15,2.12,3.37
t1_pcxm5z3,t3_1wtp10o,RickFlank,4.1B total warrants out??,4.1B total warrants out?,2026-09-29T23:06:49.936Z,superstonk,2026-09-29T23:06:49.936Z,2026-09-29,2026-09-28,OPINION_OTHER,,False,,,,,,NOT_CHECKABLE,No crypto asset mentioned,NOT_SCORED,False,bitcoin,0.15,2.12,3.37
t1_pcx5ici,t3_1wtsyqc,MuricasMostWanted,Not at all. It's a drop in the bucket in terms if shares bought vs issued.,Not at all. It's a drop in the bucket in terms of shares bought vs issued.,2026-09-30T02:11:11.268Z,superstonk,2026-09-30T02:11:11.268Z,2026-09-30,2026-09-28,OPINION_OTHER,,False,,,,,,NOT_CHECKABLE,No crypto asset mentioned,NOT_SCORED,False,bitcoin,-0.08,3.2,3.22
t1_pcx61di,t3_1wtsyqc,cheeser4,"To me it seems like a buyback is off the table for the foreseeable future. It wouldn’t look great to buy shares first and then announce a buyback, especially if the purchase was based on material non public information. That said, I’m not sure Cohen’s latest purchase will do much for the stock, at least in the short term. Even with several consecutive profitable quarters, the stock has largely moved sideways.","Cohen's latest purchase doesn’t seem to have much immediate impact, as the stock remains sideways despite recent profitable quarters.To me it seems like a buyback is off the table for the foreseeable future. Even with several consecutive profitable quarters, the stock has largely moved sideways. It wouldn’",2026-09-30T02:11:11.268Z,superstonk,2026-09-30T02:11:11.268Z,2026-09-30,2026-09-28,OPINION_OTHER,,False,,,,,,NOT_CHECKABLE,No crypto asset mentioned,NOT_SCORED,False,bitcoin,-0.08,3.2,3.22
